#pragma once
#include <pgmspace.h>

// All assets byte-swapped for TFT_eSPI pushImage
// CLOUD_SKY sampled from enhanced BG top-right corner

#define BG_W       120
#define BG_H       160
#define AVATAR_W    32
#define AVATAR_H    32
#define CLOUD_W     80
#define CLOUD_H     30
#define CLOUD_SKY  0xFF07

// Day: 120x160px
const uint16_t BG_DAY[19200] PROGMEM = {
  0xFF07, 0xFF07, 0xFF07, 0xFF07, 0xFF07, 0xFF07, 0xFF07, 0xFF07, 0xFF07, 0xFF07, 0xFF07, 0xFF07,
  0xFF07, 0xFF07, 0xFF07, 0xFF07, 0xFF07, 0xFF07, 0xFF07, 0xFF07, 0xFF07, 0xFF07, 0xFF07, 0xFF07,
  0xFF07, 0xFF07, 0xFF07, 0xFF07, 0xFF07, 0xFF07, 0xFF07, 0xFF07, 0xFF07, 0xFF07, 0xFF07, 0xFF07,
  0xFF07, 0xFF07, 0xFF07, 0xFF07, 0xFF07, 0xFF07, 0xFF07, 0xFF07, 0xFF07, 0xFF07, 0xFF07, 0xFF07,
  0xFF07, 0xFF07, 0xFF07, 0xFF07, 0xFF07, 0xFF07, 0xFF07, 0xFF07, 0xFF07, 0xFF07, 0xFF07, 0xFF07,
  0xFF07, 0xFF07, 0xFF07, 0xFF07, 0xFF07, 0xFF07, 0xFF07, 0xFF07, 0xFF07, 0xFF07, 0xFF07, 0xFF07,
  0xFF07, 0xFF07, 0xFF07, 0xFF07, 0xFF07, 0xFF07, 0xFF07, 0xFF07, 0xFF07, 0xFF07, 0xFF07, 0xFF07,
  0xFF07, 0xFF07, 0xFF07, 0xFF07, 0xFF07, 0xFF07, 0xFF07, 0xFF07, 0xFF07, 0xFF07, 0xFF07, 0xFF07,
  0xFF07, 0xFF07, 0xFF07, 0xFF07, 0xFF07, 0xFF07, 0xFF07, 0xFF07, 0xFF07, 0xFF07, 0xFF07, 0xFF07,
  0xFF07, 0xFF07, 0xFF07, 0xFF07, 0xFF07, 0xFF07, 0xFF07, 0xFF07, 0xFF07, 0xFF07, 0xFF07, 0xFF07,
  0xFF07, 0xFF07, 0xFF07, 0xFF07, 0xFF07, 0xFF07, 0xFF07, 0xFF07, 0xFF07, 0xFF07, 0xFF07, 0xFF07,
  0xFF07, 0xFF07, 0xFF07, 0xFF07, 0xFF07, 0xFF07, 0xFF07, 0xFF07, 0xFF07, 0xFF07, 0xFF07, 0xFF07,
  0xFF07, 0xFF07, 0xFF07, 0xFF07, 0xFF07, 0xFF07, 0xFF07, 0xFF07, 0xFF07, 0xFF07, 0xFF07, 0xFF07,
  0xFF07, 0xFF07, 0xFF07, 0xFF07, 0xFF07, 0xFF07, 0xFF07, 0xFF07, 0xFF07, 0xFF07, 0xFF07, 0xFF07,
  0xFF07, 0xFF07, 0xFF07, 0xFF07, 0xFF07, 0xFF07, 0xFF07, 0xFF07, 0xFF07, 0xFF07, 0xFF07, 0xFF07,
  0xFF07, 0xFF07, 0xFF07, 0xFF07, 0xFF07, 0xFF07, 0xFF07, 0xFF07, 0xFF07, 0xFF07, 0xFF07, 0xFF07,
  0xFF07, 0xFF07, 0xFF07, 0xFF07, 0xFF07, 0xFF07, 0xFF07, 0xFF07, 0xFF07, 0xFF07, 0xFF07, 0xFF07,
  0xFF07, 0xFF07, 0xFF07, 0xFF07, 0xFF07, 0xFF07, 0xFF07, 0xFF07, 0xFF07, 0xFF07, 0xFF07, 0xFF07,
  0xFF07, 0xFF07, 0xFF07, 0xFF07, 0xFF07, 0xFF07, 0xFF07, 0xFF07, 0xFF07, 0xFF07, 0xFF07, 0xFF07,
  0xFF07, 0xFF07, 0xFF07, 0xFF07, 0xFF07, 0xFF07, 0xFF07, 0xFF07, 0xFF07, 0xFF07, 0xFF07, 0xFF07,
  0xFF07, 0xFF07, 0xFF07, 0xFF07, 0xFF07, 0xFF07, 0xFF07, 0xFF07, 0xFF07, 0xFF07, 0xFF07, 0xFF07,
  0xFF07, 0xFF07, 0xFF07, 0xFF07, 0xFF07, 0xFF07, 0xFF07, 0xFF07, 0xFF07, 0xFF07, 0xFF07, 0xFF07,
  0xFF07, 0xFF07, 0xFF07, 0xFF07, 0xFF07, 0xFF07, 0xFF07, 0xFF07, 0xFF07, 0xFF07, 0xFF07, 0xFF07,
  0xFF07, 0xFF07, 0xFF07, 0xFF07, 0xFF07, 0xFF07, 0xFF07, 0xFF07, 0xFF07, 0xFF07, 0xFF07, 0xFF07,
  0xFF07, 0xFF07, 0xFF07, 0xFF07, 0xFF07, 0xFF07, 0xFF07, 0xFF07, 0xFF07, 0xFF07, 0xFF07, 0xFF07,
  0xFF07, 0xFF07, 0xFF07, 0xFF07, 0xFF07, 0xFF07, 0xFF07, 0xFF07, 0xFF07, 0xFF07, 0xFF07, 0xFF07,
  0xFF07, 0xFF07, 0xFF07, 0xFF07, 0xFF07, 0xFF07, 0xFF07, 0xFF07, 0xFF07, 0xFF07, 0xFF07, 0xFF07,
  0xFF07, 0xFF07, 0xFF07, 0xFF07, 0xFF07, 0xFF07, 0xFF07, 0xFF07, 0xFF07, 0xFF07, 0xFF07, 0xFF07,
  0xFF07, 0xFF07, 0xFF07, 0xFF07, 0xFF07, 0xFF07, 0xFF07, 0xFF07, 0xFF07, 0xFF07, 0xFF07, 0xFF07,
  0xFF07, 0xFF07, 0xFF07, 0xFF07, 0xFF07, 0xFF07, 0xFF07, 0xFF07, 0xFF07, 0xFF07, 0xFF07, 0xFF07,
  0xFF07, 0xFF07, 0xFF07, 0xFF07, 0xFF07, 0xFF07, 0xFF07, 0xFF07, 0xFF07, 0xFF07, 0xFF07, 0xFF07,
  0xFF07, 0xFF07, 0xFF07, 0xFF07, 0xFF07, 0xFF07, 0xFF07, 0xFF07, 0xFF07, 0xFF07, 0xFF07, 0xFF07,
  0xFF07, 0xFF07, 0xFF07, 0xFF07, 0xFF07, 0xFF07, 0xFF07, 0xFF07, 0xFF07, 0xFF07, 0xFF07, 0xFF07,
  0xFF07, 0xFF07, 0xFF07, 0xFF07, 0xFF07, 0xFF07, 0xFF07, 0xFF07, 0xFF07, 0xFF07, 0xFF07, 0xFF07,
  0xFF07, 0xFF07, 0xFF07, 0xFF07, 0xFF07, 0xFF07, 0xFF07, 0xFF07, 0xFF07, 0xFF07, 0xFF07, 0xFF07,
  0xFF07, 0xFF07, 0xFF07, 0xFF07, 0xFF07, 0xFF07, 0xFF07, 0xFF07, 0xFF07, 0xFF07, 0xFF07, 0xFF07,
  0xFF07, 0xFF07, 0xFF07, 0xFF07, 0xFF07, 0xFF07, 0xFF07, 0xFF07, 0xFF07, 0xFF07, 0xFF07, 0xFF07,
  0xFF07, 0xFF07, 0xFF07, 0xFF07, 0xFF07, 0xFF07, 0xFF07, 0xFF07, 0xFF07, 0xFF07, 0xFF07, 0xFF07,
  0xFF07, 0xFF07, 0xFF07, 0xFF07, 0xFF07, 0xFF07, 0xFF07, 0xFF07, 0xFF07, 0xFF07, 0xFF07, 0xFF07,
  0xFF07, 0xFF07, 0xFF07, 0xFF07, 0xFF07, 0xFF07, 0xFF07, 0xFF07, 0xFF07, 0xFF07, 0xFF07, 0xFF07,
  0xFF07, 0xFF07, 0xFF07, 0xFF07, 0xFF07, 0xFF07, 0xFF07, 0xFF07, 0xFF07, 0xFF07, 0xFF07, 0xFF07,
  0xFF07, 0xFF07, 0xFF07, 0xFF07, 0xFF07, 0xFF07, 0xFF07, 0xFF07, 0xFF07, 0xFF07, 0xFF07, 0xFF07,
  0xFF07, 0xFF07, 0xFF07, 0xFF07, 0xFF07, 0xFF07, 0xFF07, 0xFF07, 0xFF07, 0xFF07, 0xFF07, 0xFF07,
  0xFF07, 0xFF07, 0xFF07, 0xFF07, 0xFF07, 0xFF07, 0xFF07, 0xFF07, 0xFF07, 0xFF07, 0xFF07, 0xFF07,
  0xFF07, 0xFF07, 0xFF07, 0xFF07, 0xFF07, 0xFF07, 0xFF07, 0xFF07, 0xFF07, 0xFF07, 0xFF07, 0xFF07,
  0xFF07, 0xFF07, 0xFF07, 0xFF07, 0xFF07, 0xFF07, 0xFF07, 0xFF07, 0xFF07, 0xFF07, 0xFF07, 0xFF07,
  0xFF07, 0xFF07, 0xFF07, 0xFF07, 0xFF07, 0xFF07, 0xFF07, 0xFF07, 0xFF07, 0xFF07, 0xFF07, 0xFF07,
  0xFF07, 0xFF07, 0xFF07, 0xFF07, 0xFF07, 0xFF07, 0xFF07, 0xFF07, 0xFF07, 0xFF07, 0xFF07, 0xFF07,
  0xFF07, 0xFF07, 0xFF07, 0xFF07, 0xFF07, 0xFF07, 0xFF07, 0xFF07, 0xFF07, 0xFF07, 0xFF07, 0xFF07,
  0xFF07, 0xFF07, 0xFF07, 0xFF07, 0xFF07, 0xFF07, 0xFF07, 0xFF07, 0xFF07, 0xFF07, 0xFF07, 0xFF07,
  0xFF07, 0xFF07, 0xFF07, 0xFF07, 0xFF07, 0xFF07, 0xFF07, 0xFF07, 0xFF07, 0xFF07, 0xFF07, 0xFF07,
  0xFF07, 0xFF07, 0xFF07, 0xFF07, 0xFF07, 0xFF07, 0xFF07, 0xFF07, 0xFF07, 0xFF07, 0xFF07, 0xFF07,
  0xFF07, 0xFF07, 0xFF07, 0xFF07, 0xFF07, 0xFF07, 0xFF07, 0xFF07, 0xFF07, 0xFF07, 0xFF07, 0xFF07,
  0xFF07, 0xFF07, 0xFF07, 0xFF07, 0xFF07, 0xFF07, 0xFF07, 0xFF07, 0xFF07, 0xFF07, 0xFF07, 0xFF07,
  0xFF07, 0xFF07, 0xFF07, 0xFF07, 0xFF07, 0xFF07, 0xFF07, 0xFF07, 0xFF07, 0xFF07, 0xFF07, 0xFF07,
  0xFF07, 0xFF07, 0xFF07, 0xFF07, 0xFF07, 0xFF07, 0xFF07, 0xFF07, 0xFF07, 0xFF07, 0xFF07, 0xFF07,
  0xFF07, 0xFF07, 0xFF07, 0xFF07, 0xFF07, 0xFF07, 0xFF07, 0xFF07, 0xFF07, 0xFF07, 0xFF07, 0xFF07,
  0xFF07, 0xFF07, 0xFF07, 0xFF07, 0xFF07, 0xFF07, 0xFF07, 0xFF07, 0xFF07, 0xFF07, 0xFF07, 0xFF07,
  0xFF07, 0xFF07, 0xFF07, 0xFF07, 0xFF07, 0xFF07, 0xFF07, 0xFF07, 0xFF07, 0xFF07, 0xFF07, 0xFF07,
  0xFF07, 0xFF07, 0xFF07, 0xFF07, 0xFF07, 0xFF07, 0xFF07, 0xFF07, 0xFF07, 0xFF07, 0xFF07, 0xFF07,
  0xFF07, 0xFF07, 0xFF07, 0xFF07, 0xFF07, 0xFF07, 0xFF07, 0xFF07, 0xFF07, 0xFF07, 0xFF07, 0xFF07,
  0xFF07, 0xFF07, 0xFF07, 0xFF07, 0xFF07, 0xFF07, 0xFF07, 0xFF07, 0xFF07, 0xFF07, 0xFF07, 0xFF07,
  0xFF07, 0xFF07, 0xFF07, 0xFF07, 0xFF07, 0xFF07, 0xFF07, 0xFF07, 0xFF07, 0xFF07, 0xFF07, 0xFF07,
  0xFF07, 0xFF07, 0xFF07, 0xFF07, 0xFF07, 0xFF07, 0xFF07, 0xFF07, 0xFF07, 0xFF07, 0xFF07, 0xFF07,
  0xFF07, 0xFF07, 0xFF07, 0xFF07, 0xFF07, 0xFF07, 0xFF07, 0xFF07, 0xFF07, 0xFF07, 0xFF07, 0xFF07,
  0xFF07, 0xFF07, 0xFF07, 0xFF07, 0xFF07, 0xFF07, 0xFF07, 0xFF07, 0xFF07, 0xFF07, 0xFF07, 0xFF07,
  0xFF07, 0xFF07, 0xFF07, 0xFF07, 0xFF07, 0xFF07, 0xFF07, 0xFF07, 0xFF07, 0xFF07, 0xFF07, 0xFF07,
  0xFF07, 0xFF07, 0xFF07, 0xFF07, 0xFF07, 0xFF07, 0xFF07, 0xFF07, 0xFF07, 0xFF07, 0xFF07, 0xFF07,
  0xFF07, 0xFF07, 0xFF07, 0xFF07, 0xFF07, 0xFF07, 0xFF07, 0xFF07, 0xFF07, 0xFF07, 0xFF07, 0xFF07,
  0xFF07, 0xFF07, 0xFF07, 0xFF07, 0xFF07, 0xFF07, 0xFF07, 0xFF07, 0xFF07, 0xFF07, 0xFF07, 0xFF07,
  0xFF07, 0xFF07, 0xFF07, 0xFF07, 0xFF07, 0xFF07, 0xFF07, 0xFF07, 0xFF07, 0xFF07, 0xFF07, 0xFF07,
  0xFF07, 0xFF07, 0xFF07, 0xFF07, 0xFF07, 0xFF07, 0xFF07, 0xFF07, 0xFF07, 0xFF07, 0xFF07, 0xFF07,
  0xFF07, 0xFF07, 0xFF07, 0xFF07, 0xFF07, 0xFF07, 0xFF07, 0xFF07, 0xFF07, 0xFF07, 0xFF07, 0xFF07,
  0xFF07, 0xFF07, 0xFF07, 0xFF07, 0xFF07, 0xFF07, 0xFF07, 0xFF07, 0xFF07, 0xFF07, 0xFF07, 0xFF07,
  0xFF07, 0xFF07, 0xFF07, 0xFF07, 0xFF07, 0xFF07, 0xFF07, 0xFF07, 0xFF07, 0xFF07, 0xFF07, 0xFF07,
  0xFF07, 0xFF07, 0xFF07, 0xFF07, 0xFF07, 0xFF07, 0xFF07, 0xFF07, 0xFF07, 0xFF07, 0xFF07, 0xFF07,
  0xFF07, 0xFF07, 0xFF07, 0xFF07, 0xFF07, 0xFF07, 0xFF07, 0xFF07, 0xFF07, 0xFF07, 0xFF07, 0xFF07,
  0xFF07, 0xFF07, 0xFF07, 0xFF07, 0xFF07, 0xFF07, 0xFF07, 0xFF07, 0xFF07, 0xFF07, 0xFF07, 0xFF07,
  0xFF07, 0xFF07, 0xFF07, 0xFF07, 0xFF07, 0xFF07, 0xFF07, 0xFF07, 0xFF07, 0xFF07, 0xFF07, 0xFF07,
  0xFF07, 0xFF07, 0xFF07, 0xFF07, 0xFF07, 0xFF07, 0xFF07, 0xFF07, 0xFF07, 0xFF07, 0xFF07, 0xFF07,
  0xFF07, 0xFF07, 0xFF07, 0xFF07, 0xFF07, 0xFF07, 0xFF07, 0xFF07, 0xFF07, 0xFF07, 0xFF07, 0xFF07,
  0xFF07, 0xFF07, 0xFF07, 0xFF07, 0xFF07, 0xFF07, 0xFF07, 0xFF07, 0xFF07, 0xFF07, 0xFF07, 0xFF07,
  0xFF07, 0xFF07, 0xFF07, 0xFF07, 0xFF07, 0xFF07, 0xFF07, 0xFF07, 0xFF07, 0xFF07, 0xFF07, 0xFF07,
  0xFF07, 0xFF07, 0xFF07, 0xFF07, 0xFF07, 0xFF07, 0xFF07, 0xFF07, 0xFF07, 0xFF07, 0xFF07, 0xFF07,
  0xFF07, 0xFF07, 0xFF07, 0xFF07, 0xFF07, 0xFF07, 0xFF07, 0xFF07, 0xFF07, 0xFF07, 0xFF07, 0xFF07,
  0xFF07, 0xFF07, 0xFF07, 0xFF07, 0xFF07, 0xFF07, 0xFF07, 0xFF07, 0xFF07, 0xFF07, 0xFF07, 0xFF07,
  0xFF07, 0xFF07, 0xFF07, 0xFF07, 0xFF07, 0xFF07, 0xFF07, 0xFF07, 0xFF07, 0xFF07, 0xFF07, 0xFF07,
  0xFF07, 0xFF07, 0xFF07, 0xFF07, 0xFF07, 0xFF07, 0xFF07, 0xFF07, 0xFF07, 0xFF07, 0xFF07, 0xFF07,
  0xFF07, 0xFF07, 0xFF07, 0xFF07, 0xFF07, 0xFF07, 0xFF07, 0xFF07, 0xFF07, 0xFF07, 0xFF07, 0xFF07,
  0xFF07, 0xFF07, 0xFF07, 0xFF07, 0xFF07, 0xFF07, 0xFF07, 0xFF07, 0xFF07, 0xFF07, 0xFF07, 0xFF07,
  0xFF07, 0xFF07, 0xFF07, 0xFF07, 0xFF07, 0xFF07, 0xFF07, 0xFF07, 0xFF07, 0xFF07, 0xFF07, 0xFF07,
  0xFF07, 0xFF07, 0xFF07, 0xFF07, 0xFF07, 0xFF07, 0xFF07, 0xFF07, 0xFF07, 0xFF07, 0xFF07, 0xFF07,
  0xFF07, 0xFF07, 0xFF07, 0xFF07, 0xFF07, 0xFF07, 0xFF07, 0xFF07, 0xFF07, 0xFF07, 0xFF07, 0xFF07,
  0xFF07, 0xFF07, 0xFF07, 0xFF07, 0xFF07, 0xFF07, 0xFF07, 0xFF07, 0xFF07, 0xFF07, 0xFF07, 0xFF07,
  0xFF07, 0xFF07, 0xFF07, 0xFF07, 0xFF07, 0xFF07, 0xFF07, 0xFF07, 0xFF07, 0xFF07, 0xFF07, 0xFF07,
  0xFF07, 0xFF07, 0xFF07, 0xFF07, 0xFF07, 0xFF07, 0xFF07, 0xFF07, 0xFF07, 0xFF07, 0xFF07, 0xFF07,
  0xFF07, 0xFF07, 0xFF07, 0xFF07, 0xFF07, 0xFF07, 0xFF07, 0xFF07, 0xFF07, 0xFF07, 0xFF07, 0xFF07,
  0xFF07, 0xFF07, 0xFF07, 0xFF07, 0xFF07, 0xFF07, 0xFF07, 0xFF07, 0xFF07, 0xFF07, 0xFF07, 0xFF07,
  0xFF07, 0xFF07, 0xFF07, 0xFF07, 0xFF07, 0xFF07, 0xFF07, 0xFF07, 0xFF07, 0xFF07, 0xFF07, 0xFF07,
  0xFF07, 0xFF07, 0xFF07, 0xFF07, 0xFF07, 0xFF07, 0xFF07, 0xFF07, 0xFF07, 0xFF07, 0xFF07, 0xFF07,
  0xFF07, 0xFF07, 0xFF07, 0xFF07, 0xFF07, 0xFF07, 0xFF07, 0xFF07, 0xFF07, 0xFF07, 0xFF07, 0xFF07,
  0xFF07, 0xFF07, 0xFF07, 0xFF07, 0xFF07, 0xFF07, 0xFF07, 0xFF07, 0xFF07, 0xFF07, 0xFF07, 0xFF07,
  0xFF07, 0xFF07, 0xFF07, 0xFF07, 0xFF07, 0xFF07, 0xFF07, 0xFF07, 0xFF07, 0xFF07, 0xFF07, 0xFF07,
  0xFF07, 0xFF07, 0xFF07, 0xFF07, 0xFF07, 0xFF07, 0xFF07, 0xFF07, 0xFF07, 0xFF07, 0xFF07, 0xFF07,
  0xFF07, 0xFF07, 0xFF07, 0xFF07, 0xFF07, 0xFF07, 0xFF07, 0xFF07, 0xFF07, 0xFF07, 0xFF07, 0xFF07,
  0xFF07, 0xFF07, 0xFF07, 0xFF07, 0xFF07, 0xFF07, 0xFF07, 0xFF07, 0xFF07, 0xFF07, 0xFF07, 0xFF07,
  0xFF07, 0xFF07, 0xFF07, 0xFF07, 0xFF07, 0xFF07, 0xFF07, 0xFF07, 0xFF07, 0xFF07, 0xFF07, 0xFF07,
  0xFF07, 0xFF07, 0xFF07, 0xFF07, 0xFF07, 0xFF07, 0xFF07, 0xFF07, 0xFF07, 0xFF07, 0xFF07, 0xFF07,
  0xFF07, 0xFF07, 0xFF07, 0xFF07, 0xFF07, 0xFF07, 0xFF07, 0xFF07, 0xFF07, 0xFF07, 0xFF07, 0xFF07,
  0xFF07, 0xFF07, 0xFF07, 0xFF07, 0xFF07, 0xFF07, 0xFF07, 0xFF07, 0xFF07, 0xFF07, 0xFF07, 0xFF07,
  0xFF07, 0xFF07, 0xFF07, 0xFF07, 0xFF07, 0xFF07, 0xFF07, 0xFF07, 0xFF07, 0xFF07, 0xFF07, 0xFF07,
  0xFF07, 0xFF07, 0xFF07, 0xFF07, 0xFF07, 0xFF07, 0xFF07, 0xFF07, 0xFF07, 0xFF07, 0xFF07, 0xFF07,
  0xFF07, 0xFF07, 0xFF07, 0xFF07, 0xFF07, 0xFF07, 0xFF07, 0xFF07, 0xFF07, 0xFF07, 0xFF07, 0xFF07,
  0xFF07, 0xFF07, 0xFF07, 0xFF07, 0xFF07, 0xFF07, 0xFF07, 0xFF07, 0xFF07, 0xFF07, 0xFF07, 0xFF07,
  0xFF07, 0xFF07, 0xFF07, 0xFF07, 0xFF07, 0xFF07, 0xFF07, 0xFF07, 0xFF07, 0xFF07, 0xFF07, 0xFF07,
  0xFF07, 0xFF07, 0xFF07, 0xFF07, 0xFF07, 0xFF07, 0xFF07, 0xFF07, 0xFF07, 0xFF07, 0xFF07, 0xFF07,
  0xFF07, 0xFF07, 0xFF07, 0xFF07, 0xFF07, 0xFF07, 0xFF07, 0xFF07, 0xFF07, 0xFF07, 0xFF07, 0xFF07,
  0xFF07, 0xFF07, 0xFF07, 0xFF07, 0xFF07, 0xFF07, 0xFF07, 0xFF07, 0xFF07, 0xFF07, 0xFF07, 0xFF07,
  0xFF07, 0xFF07, 0xFF07, 0xFF07, 0xFF07, 0xFF07, 0xFF07, 0xFF07, 0xFF07, 0xFF07, 0xFF07, 0xFF07,
  0xFF07, 0xFF07, 0xFF07, 0xFF07, 0xFF07, 0xFF07, 0xFF07, 0xFF07, 0xFF07, 0xFF07, 0xFF07, 0xFF07,
  0xFF07, 0xFF07, 0xFF07, 0xFF07, 0xFF07, 0xFF07, 0xFF07, 0xFF07, 0xFF07, 0xFF07, 0xFF07, 0xFF07,
  0xFF07, 0xFF07, 0xFF07, 0xFF07, 0xFF07, 0xFF07, 0xFF07, 0xFF07, 0xFF07, 0xFF07, 0xFF07, 0xFF07,
  0xFF07, 0xFF07, 0xFF07, 0xFF07, 0xFF07, 0xFF07, 0xFF07, 0xFF07, 0xFF07, 0xFF07, 0xFF07, 0xFF07,
  0xFF07, 0xFF07, 0xFF07, 0xFF07, 0xFF07, 0xFF07, 0xFF07, 0xFF07, 0xFF07, 0xFF07, 0xFF07, 0xFF07,
  0xFF07, 0xFF07, 0xFF07, 0xFF07, 0xFF07, 0xFF07, 0xFF07, 0xFF07, 0xFF07, 0xFF07, 0xFF07, 0xFF07,
  0xFF07, 0xFF07, 0xFF07, 0xFF07, 0xFF07, 0xFF07, 0xFF07, 0xFF07, 0xFF07, 0xFF07, 0xFF07, 0xFF07,
  0xFF07, 0xFF07, 0xFF07, 0xFF07, 0xFF07, 0xFF07, 0xFF07, 0xFF07, 0xFF07, 0xFF07, 0xFF07, 0xFF07,
  0xFF07, 0xFF07, 0xFF07, 0xFF07, 0xFF07, 0xFF07, 0xFF07, 0xFF07, 0xFF07, 0xFF07, 0xFF07, 0xFF07,
  0xFF07, 0xFF07, 0xFF07, 0xFF07, 0xFF07, 0xFF07, 0xFF07, 0xFF07, 0xFF07, 0xFF07, 0xFF07, 0xFF07,
  0xFF07, 0xFF07, 0xFF07, 0xFF07, 0xFF07, 0xFF07, 0xFF07, 0xFF07, 0xFF07, 0xFF07, 0xFF07, 0xFF07,
  0xFF07, 0xFF07, 0xFF07, 0xFF07, 0xFF07, 0xFF07, 0xFF07, 0xFF07, 0xFF07, 0xFF07, 0xFF07, 0xFF07,
  0xFF07, 0xFF07, 0xFF07, 0xFF07, 0xFF07, 0xFF07, 0xFF07, 0xFF07, 0xFF07, 0xFF07, 0xFF07, 0xFF07,
  0xFF07, 0xFF07, 0xFF07, 0xFF07, 0xFF07, 0xFF07, 0xFF07, 0xFF07, 0xFF07, 0xFF07, 0xFF07, 0xFF07,
  0xFF07, 0xFF07, 0xFF07, 0xFF07, 0xFF07, 0xFF07, 0xFF07, 0xFF07, 0xFF07, 0xFF07, 0xFF07, 0xFF07,
  0xFF07, 0xFF07, 0xFF07, 0xFF07, 0xFF07, 0xFF07, 0xFF07, 0xFF07, 0xFF07, 0xFF07, 0xFF07, 0xFF07,
  0xFF07, 0xFF07, 0xFF07, 0xFF07, 0xFF07, 0xFF07, 0xFF07, 0xFF07, 0xFF07, 0xFF07, 0xFF07, 0xFF07,
  0xFF07, 0xFF07, 0xFF07, 0xFF07, 0xFF07, 0xFF07, 0xFF07, 0xFF07, 0xFF07, 0xFF07, 0xFF07, 0xFF07,
  0xFF07, 0xFF07, 0xFF07, 0xFF07, 0xFF07, 0xFF07, 0xFF07, 0xFF07, 0xFF07, 0xFF07, 0xFF07, 0xFF07,
  0xFF07, 0xFF07, 0xFF07, 0xFF07, 0xFF07, 0xFF07, 0xFF07, 0xFF07, 0xFF07, 0xFF07, 0xFF07, 0xFF07,
  0xFF07, 0xFF07, 0xFF07, 0xFF07, 0xFF07, 0xFF07, 0xFF07, 0xFF07, 0xFF07, 0xFF07, 0xFF07, 0xFF07,
  0xFF07, 0xFF07, 0xFF07, 0xFF07, 0xFF07, 0xFF07, 0xFF07, 0xFF07, 0xFF07, 0xFF07, 0xFF07, 0xFF07,
  0xFF07, 0xFF07, 0xFF07, 0xFF07, 0xFF07, 0xFF07, 0xFF07, 0xFF07, 0xFF07, 0xFF07, 0xFF07, 0xFF07,
  0xFF07, 0xFF07, 0xFF07, 0xFF07, 0xFF07, 0xFF07, 0xFF07, 0xFF07, 0xFF07, 0xFF07, 0xFF07, 0xFF07,
  0xFF07, 0xFF07, 0xFF07, 0xFF07, 0xFF07, 0xFF07, 0xFF07, 0xFF07, 0xFF07, 0xFF07, 0xFF07, 0xFF07,
  0xFF07, 0xFF07, 0xFF07, 0xFF07, 0xFF07, 0xFF07, 0xFF07, 0xFF07, 0xFF07, 0xFF07, 0xFF07, 0xFF07,
  0xFF07, 0xFF07, 0xFF07, 0xFF07, 0xFF07, 0xFF07, 0xFF07, 0xFF07, 0xFF07, 0xFF07, 0xFF07, 0xFF07,
  0xFF07, 0xFF07, 0xFF07, 0xFF07, 0xFF07, 0xFF07, 0xFF07, 0xFF07, 0xFF07, 0xFF07, 0xFF07, 0xFF07,
  0xFF07, 0xFF07, 0xFF07, 0xFF07, 0xFF07, 0xFF07, 0xFF07, 0xFF07, 0xFF07, 0xFF07, 0xFF07, 0xFF07,
  0xFF07, 0xFF07, 0xFF07, 0xFF07, 0xFF07, 0xFF07, 0xFF07, 0xFF07, 0xFF07, 0xFF07, 0xFF07, 0xFF07,
  0xFF07, 0xFF07, 0xFF07, 0xFF07, 0xFF07, 0xFF07, 0xFF07, 0xFF07, 0xFF07, 0xFF07, 0xFF07, 0xFF07,
  0xFF07, 0xFF07, 0xFF07, 0xFF07, 0xFF07, 0xFF07, 0xFF07, 0xFF07, 0xFF07, 0xFF07, 0xFF07, 0xFF07,
  0xFF07, 0xFF07, 0xFF07, 0xFF07, 0xFF07, 0xFF07, 0xFF07, 0xFF07, 0xFF07, 0xFF07, 0xFF07, 0xFF07,
  0xFF07, 0xFF07, 0xFF07, 0xFF07, 0xFF07, 0xFF07, 0xFF07, 0xFF07, 0xFF07, 0xFF07, 0xFF07, 0xFF07,
  0xFF07, 0xFF07, 0xFF07, 0xFF07, 0xFF07, 0xFF07, 0xFF07, 0xFF07, 0xFF07, 0xFF07, 0xFF07, 0xFF07,
  0xFF07, 0xFF07, 0xFF07, 0xFF07, 0xFF07, 0xFF07, 0xFF07, 0xFF07, 0xFF07, 0xFF07, 0xFF07, 0xFF07,
  0xFF07, 0xFF07, 0xFF07, 0xFF07, 0xFF07, 0xFF07, 0xFF07, 0xFF07, 0xFF07, 0xFF07, 0xFF07, 0xFF07,
  0xFF07, 0xFF07, 0xFF07, 0xFF07, 0xFF07, 0xFF07, 0xFF07, 0xFF07, 0xFF07, 0xFF07, 0xFF07, 0xFF07,
  0xFF07, 0xFF07, 0xFF07, 0xFF07, 0xFF07, 0xFF07, 0xFF07, 0xFF07, 0xFF07, 0xFF07, 0xFF07, 0xFF07,
  0xFF07, 0xFF07, 0xFF07, 0xFF07, 0xFF07, 0xFF07, 0xFF07, 0xFF07, 0xFF07, 0xFF07, 0xFF07, 0xFF07,
  0xFF07, 0xFF07, 0xFF07, 0xFF07, 0xFF07, 0xFF07, 0xFF07, 0xFF07, 0xFF07, 0xFF07, 0xFF07, 0xFF07,
  0xFF07, 0xFF07, 0xFF07, 0xFF07, 0xFF07, 0xFF07, 0xFF07, 0xFF07, 0xFF07, 0xFF07, 0xFF07, 0xFF07,
  0xFF07, 0xFF07, 0xFF07, 0xFF07, 0xFF07, 0xFF07, 0xFF07, 0xFF07, 0xFF07, 0xFF07, 0xFF07, 0xFF07,
  0xFF07, 0xFF07, 0xFF07, 0xFF07, 0xFF07, 0xFF07, 0xFF07, 0xFF07, 0xFF07, 0xFF07, 0xFF07, 0xFF07,
  0xFF07, 0xFF07, 0xFF07, 0xFF07, 0xFF07, 0xFF07, 0xFF07, 0xFF07, 0xFF07, 0xFF07, 0xFF07, 0xFF07,
  0xFF07, 0xFF07, 0xFF07, 0xFF07, 0xFF07, 0xFF07, 0xFF07, 0xFF07, 0xFF07, 0xFF07, 0xFF07, 0xFF07,
  0xFF07, 0xFF07, 0xFF07, 0xFF07, 0xFF07, 0xFF07, 0xFF07, 0xFF07, 0xFF07, 0xFF07, 0xFF07, 0xFF07,
  0xFF07, 0xFF07, 0xFF07, 0xFF07, 0xFF07, 0xFF07, 0xFF07, 0xFF07, 0xFF07, 0xFF07, 0xFF07, 0xFF07,
  0xFF07, 0xFF07, 0xFF07, 0xFF07, 0xFF07, 0xFF07, 0xFF07, 0xFF07, 0xFF07, 0xFF07, 0xFF07, 0xFF07,
  0xFF07, 0xFF07, 0xFF07, 0xFF07, 0xFF07, 0xFF07, 0xFF07, 0xFF07, 0xFF07, 0xFF07, 0xFF07, 0xFF07,
  0xFF07, 0xFF07, 0xFF07, 0xFF07, 0xFF07, 0xFF07, 0xFF07, 0xFF07, 0xFF07, 0xFF07, 0xFF07, 0xFF07,
  0xFF07, 0xFF07, 0xFF07, 0xFF07, 0xFF07, 0xFF07, 0xFF07, 0xFF07, 0xFF07, 0xFF07, 0xFF07, 0xFF07,
  0xFF07, 0xFF07, 0xFF07, 0xFF07, 0xFF07, 0xFF07, 0xFF07, 0xFF07, 0xFF07, 0xFF07, 0xFF07, 0xFF07,
  0xFF07, 0xFF07, 0xFF07, 0xFF07, 0xFF07, 0xFF07, 0xFF07, 0xFF07, 0xFF07, 0xFF07, 0xFF07, 0xFF07,
  0xFF07, 0xFF07, 0xFF07, 0xFF07, 0xFF07, 0xFF07, 0xFF07, 0xFF07, 0xFF07, 0xFF07, 0xFF07, 0xFF07,
  0xFF07, 0xFF07, 0xFF07, 0xFF07, 0xFF07, 0xFF07, 0xFF07, 0xFF07, 0xFF07, 0xFF07, 0xFF07, 0xFF07,
  0xFF07, 0xFF07, 0xFF07, 0xFF07, 0xFF07, 0xFF07, 0xFF07, 0xFF07, 0xFF07, 0xFF07, 0xFF07, 0xFF07,
  0xFF07, 0xFF07, 0xFF07, 0xFF07, 0xFF07, 0xFF07, 0xFF07, 0xFF07, 0xFF07, 0xFF07, 0xFF07, 0xFF07,
  0xFF07, 0xFF07, 0xFF07, 0xFF07, 0xFF07, 0xFF07, 0xFF07, 0xFF07, 0xFF07, 0xFF07, 0xFF07, 0xFF07,
  0xFF07, 0xFF07, 0xFF07, 0xFF07, 0xFF07, 0xFF07, 0xFF07, 0xFF07, 0xFF07, 0xFF07, 0xFF07, 0xFF07,
  0xFF07, 0xFF07, 0xFF07, 0xFF07, 0xFF07, 0xFF07, 0xFF07, 0xFF07, 0xFF07, 0xFF07, 0xFF07, 0xFF07,
  0xFF07, 0xFF07, 0xFF07, 0xFF07, 0xFF07, 0xFF07, 0xFF07, 0xFF07, 0xFF07, 0xFF07, 0xFF07, 0xFF07,
  0xFF07, 0xFF07, 0xFF07, 0xFF07, 0xFF07, 0xFF07, 0xFF07, 0xFF07, 0xFF07, 0xFF07, 0xFF07, 0xFF07,
  0xFF07, 0xFF07, 0xFF07, 0xFF07, 0xFF07, 0xFF07, 0xFF07, 0xFF07, 0xFF07, 0xFF07, 0xFF07, 0xFF07,
  0xFF07, 0xFF07, 0xFF07, 0xFF07, 0xFF07, 0xFF07, 0xFF07, 0xFF07, 0xFF07, 0xFF07, 0xFF07, 0xFF07,
  0xFF07, 0xFF07, 0xFF07, 0xFF07, 0xFF07, 0xFF07, 0xFF07, 0xFF07, 0xFF07, 0xFF07, 0xFF07, 0xFF07,
  0xFF07, 0xFF07, 0xFF07, 0xFF07, 0xFF07, 0xFF07, 0xFF07, 0xFF07, 0xFF07, 0xFF07, 0xFF07, 0xFF07,
  0xFF07, 0xFF07, 0xFF07, 0xFF07, 0xFF07, 0xFF07, 0xFF07, 0xFF07, 0xFF07, 0xFF07, 0xFF07, 0xFF07,
  0xFF07, 0xFF07, 0xFF07, 0xFF07, 0xFF07, 0xFF07, 0xFF07, 0xFF07, 0xFF07, 0xFF07, 0xFF07, 0xFF07,
  0xFF07, 0xFF07, 0xFF07, 0xFF07, 0xFF07, 0xFF07, 0xFF07, 0xFF07, 0xFF07, 0xFF07, 0xFF07, 0xFF07,
  0xFF07, 0xFF07, 0xFF07, 0xFF07, 0xFF07, 0xFF07, 0xFF07, 0xFF07, 0xFF07, 0xFF07, 0xFF07, 0xFF07,
  0xFF07, 0xFF07, 0xFF07, 0xFF07, 0xFF07, 0xFF07, 0xFF07, 0xFF07, 0xFF07, 0xFF07, 0xFF07, 0xFF07,
  0xFF07, 0xFF07, 0xFF07, 0xFF07, 0xFF07, 0xFF07, 0xFF07, 0xFF07, 0xFF07, 0xFF07, 0xFF07, 0xFF07,
  0xFF07, 0xFF07, 0xFF07, 0xFF07, 0xFF07, 0xFF07, 0xFF07, 0xFF07, 0xFF07, 0xFF07, 0xFF07, 0xFF07,
  0xFF07, 0xFF07, 0xFF07, 0xFF07, 0xFF07, 0xFF07, 0xFF07, 0xFF07, 0xFF07, 0xFF07, 0xFF07, 0xFF07,
  0xFF07, 0xFF07, 0xFF07, 0xFF07, 0xFF07, 0xFF07, 0xFF07, 0xFF07, 0xFF07, 0xFF07, 0xFF07, 0xFF07,
  0xFF07, 0xFF07, 0xFF07, 0xFF07, 0xFF07, 0xFF07, 0xFF07, 0xFF07, 0xFF07, 0xFF07, 0xFF07, 0xFF07,
  0xFF07, 0xFF07, 0xFF07, 0xFF07, 0xFF07, 0xFF07, 0xFF07, 0xFF07, 0xFF07, 0xFF07, 0xFF07, 0xFF07,
  0xFF07, 0xFF07, 0xFF07, 0xFF07, 0xFF07, 0xFF07, 0xFF07, 0xFF07, 0xFF07, 0xFF07, 0xFF07, 0xFF07,
  0xFF07, 0xFF07, 0xFF07, 0xFF07, 0xFF07, 0xFF07, 0xFF07, 0xFF07, 0xFF07, 0xFF07, 0xFF07, 0xFF07,
  0xFF07, 0xFF07, 0xFF07, 0xFF07, 0xFF07, 0xFF07, 0xFF07, 0xFF07, 0xFF07, 0xFF07, 0xFF07, 0xFF07,
  0xFF07, 0xFF07, 0xFF07, 0xFF07, 0xFF07, 0xFF07, 0xFF07, 0xFF07, 0xFF07, 0xFF07, 0xFF07, 0xFF07,
  0xFF07, 0xFF07, 0xFF07, 0xFF07, 0xFF07, 0xFF07, 0xFF07, 0xFF07, 0xFF07, 0xFF07, 0xFF07, 0xFF07,
  0xFF07, 0xFF07, 0xFF07, 0xFF07, 0xFF07, 0xFF07, 0xFF07, 0xFF07, 0xFF07, 0xFF07, 0xFF07, 0xFF07,
  0xFF07, 0xFF07, 0xFF07, 0xFF07, 0xFF07, 0xFF07, 0xFF07, 0xFF07, 0xFF07, 0xFF07, 0xFF07, 0xFF07,
  0xFF07, 0xFF07, 0xFF07, 0xFF07, 0xFF07, 0xFF07, 0xFF07, 0xFF07, 0xFF07, 0xFF07, 0xFF07, 0xFF07,
  0xFF07, 0xFF07, 0xFF07, 0xFF07, 0xFF07, 0xFF07, 0xFF07, 0xFF07, 0xFF07, 0xFF07, 0xFF07, 0xFF07,
  0xFF07, 0xFF07, 0xFF07, 0xFF07, 0xFF07, 0xFF07, 0xFF07, 0xFF07, 0xFF07, 0xFF07, 0xFF07, 0xFF07,
  0xFF07, 0xFF07, 0xFF07, 0xFF07, 0xFF07, 0xFF07, 0xFF07, 0xFF07, 0xFF07, 0xFF07, 0xFF07, 0xFF07,
  0xFF07, 0xFF07, 0xFF07, 0xFF07, 0xFF07, 0xFF07, 0xFF07, 0xFF07, 0xFF07, 0xFF07, 0xFF07, 0xFF07,
  0xFF07, 0xFF07, 0xFF07, 0xFF07, 0xFF07, 0xFF07, 0xFF07, 0xFF07, 0xFF07, 0xFF07, 0xFF07, 0xFF07,
  0xFF07, 0xFF07, 0xFF07, 0xFF07, 0xFF07, 0xFF07, 0xFF07, 0xFF07, 0xFF07, 0xFF07, 0xFF07, 0xFF07,
  0xFF07, 0xFF07, 0xFF07, 0xFF07, 0xFF07, 0xFF07, 0xFF07, 0xFF07, 0xFF07, 0xFF07, 0xFF07, 0xFF07,
  0xFF07, 0xFF07, 0xFF07, 0xFF07, 0xFF07, 0xFF07, 0xFF07, 0xFF07, 0xFF07, 0xFF07, 0xFF07, 0xFF07,
  0xFF07, 0xFF07, 0xFF07, 0xFF07, 0xFF07, 0xFF07, 0xFF07, 0xFF07, 0xFF07, 0xFF07, 0xFF07, 0xFF07,
  0xFF07, 0xFF07, 0xFF07, 0xFF07, 0xFF07, 0xFF07, 0xFF07, 0xFF07, 0xFF07, 0xFF07, 0xFF07, 0xFF07,
  0xFF07, 0xFF07, 0xFF07, 0xFF07, 0xFF07, 0xFF07, 0xFF07, 0xFF07, 0xFF07, 0xFF07, 0xFF07, 0xFF07,
  0xFF07, 0xFF07, 0xFF07, 0xFF07, 0xFF07, 0xFF07, 0xFF07, 0xFF07, 0xFF07, 0xFF07, 0xFF07, 0xFF07,
  0xFF07, 0xFF07, 0xFF07, 0xFF07, 0xFF07, 0xFF07, 0xFF07, 0xFF07, 0xFF07, 0xFF07, 0xFF07, 0xFF07,
  0xFF07, 0xFF07, 0xFF07, 0xFF07, 0xFF07, 0xFF07, 0xFF07, 0xFF07, 0xFF07, 0xFF07, 0xFF07, 0xFF07,
  0xFF07, 0xFF07, 0xFF07, 0xFF07, 0xFF07, 0xFF07, 0xFF07, 0xFF07, 0xFF07, 0xFF07, 0xFF07, 0xFF07,
  0xFF07, 0xFF07, 0xFF07, 0xFF07, 0xFF07, 0xFF07, 0xFF07, 0xFF07, 0xFF07, 0xFF07, 0xFF07, 0xFF07,
  0xFF07, 0xFF07, 0xFF07, 0xFF07, 0xFF07, 0xFF07, 0xFF07, 0xFF07, 0xFF07, 0xFF07, 0xFF07, 0xFF07,
  0xFF07, 0xFF07, 0xFF07, 0xFF07, 0xFF07, 0xFF07, 0xFF07, 0xFF07, 0xFF07, 0xFF07, 0xFF07, 0xFF07,
  0xFF07, 0xFF07, 0xFF07, 0xFF07, 0xFF07, 0xFF07, 0xFF07, 0xFF07, 0xFF07, 0xFF07, 0xFF07, 0xFF07,
  0xFF07, 0xFF07, 0xFF07, 0xFF07, 0xFF07, 0xFF07, 0xFF07, 0xFF07, 0xFF07, 0xFF07, 0xFF07, 0xFF07,
  0xFF07, 0xFF07, 0xFF07, 0xFF07, 0xFF07, 0xFF07, 0xFF07, 0xFF07, 0xFF07, 0xFF07, 0xFF07, 0xFF07,
  0xFF07, 0xFF07, 0xFF07, 0xFF07, 0xFF07, 0xFF07, 0xFF07, 0xFF07, 0xFF07, 0xFF07, 0xFF07, 0xFF07,
  0xFF07, 0xFF07, 0xFF07, 0xFF07, 0xFF07, 0xFF07, 0xFF07, 0xFF07, 0xFF07, 0xFF07, 0xFF07, 0xFF07,
  0xFF07, 0xFF07, 0xFF07, 0xFF07, 0xFF07, 0xFF07, 0xFF07, 0xFF07, 0xFF07, 0xFF07, 0xFF07, 0xFF07,
  0xFF07, 0xFF07, 0xFF07, 0xFF07, 0xFF07, 0xFF07, 0xFF07, 0xFF07, 0xFF07, 0xFF07, 0xFF07, 0xFF07,
  0xFF07, 0xFF07, 0xFF07, 0xFF07, 0xFF07, 0xFF07, 0xFF07, 0xFF07, 0xFF07, 0xFF07, 0xFF07, 0xFF07,
  0xFF07, 0xFF07, 0xFF07, 0xFF07, 0xFF07, 0xFF07, 0xFF07, 0xFF07, 0xFF07, 0xFF07, 0xFF07, 0xFF07,
  0xFF07, 0xFF07, 0xFF07, 0xFF07, 0xFF07, 0xFF07, 0xFF07, 0xFF07, 0xFF07, 0xFF07, 0xFF07, 0xFF07,
  0xFF07, 0xFF07, 0xFF07, 0xFF07, 0xFF07, 0xFF07, 0xFF07, 0xFF07, 0xFF07, 0xFF07, 0xFF07, 0xFF07,
  0xFF07, 0xFF07, 0xFF07, 0xFF07, 0xFF07, 0xFF07, 0xFF07, 0xFF07, 0xFF07, 0xFF07, 0xFF07, 0xFF07,
  0xFF07, 0xFF07, 0xFF07, 0xFF07, 0xFF07, 0xFF07, 0xFF07, 0xFF07, 0xFF07, 0xFF07, 0xFF07, 0xFF07,
  0xFF07, 0xFF07, 0xFF07, 0xFF07, 0xFF07, 0xFF07, 0xFF07, 0xFF07, 0xFF07, 0xFF07, 0xFF07, 0xFF07,
  0xFF07, 0xFF07, 0xFF07, 0xFF07, 0xFF07, 0xFF07, 0xFF07, 0xFF07, 0xFF07, 0xFF07, 0xFF07, 0xFF07,
  0xFF07, 0xFF07, 0xFF07, 0xFF07, 0xFF07, 0xFF07, 0xFF07, 0xFF07, 0xFF07, 0xFF07, 0xFF07, 0xFF07,
  0xFF07, 0xFF07, 0xFF07, 0xFF07, 0xFF07, 0xFF07, 0xFF07, 0xFF07, 0xFF07, 0xFF07, 0xFF07, 0xFF07,
  0xFF07, 0xFF07, 0xFF07, 0xFF07, 0xFF07, 0xFF07, 0xFF07, 0xFF07, 0xFF07, 0xFF07, 0xFF07, 0xFF07,
  0xFF07, 0xFF07, 0xFF07, 0xFF07, 0xFF07, 0xFF07, 0xFF07, 0xFF07, 0xFF07, 0xFF07, 0xFF07, 0xFF07,
  0xFF07, 0xFF07, 0xFF07, 0xFF07, 0xFF07, 0xFF07, 0xFF07, 0xFF07, 0xFF07, 0xFF07, 0xFF07, 0xFF07,
  0xFF07, 0xFF07, 0xFF07, 0xFF07, 0xFF07, 0xFF07, 0xFF07, 0xFF07, 0xFF07, 0xFF07, 0xFF07, 0xFF07,
  0xFF07, 0xFF07, 0xFF07, 0xFF07, 0xFF07, 0xFF07, 0xFF07, 0xFF07, 0xFF07, 0xFF07, 0xFF07, 0xFF07,
  0xFF07, 0xFF07, 0xFF07, 0xFF07, 0xFF07, 0xFF07, 0xFF07, 0xFF07, 0xFF07, 0xFF07, 0xFF07, 0xFF07,
  0xFF07, 0xFF07, 0xFF07, 0xFF07, 0xFF07, 0xFF07, 0xFF07, 0xFF07, 0xFF07, 0xFF07, 0xFF07, 0xFF07,
  0xFF07, 0xFF07, 0xFF07, 0xFF07, 0xFF07, 0xFF07, 0xFF07, 0xFF07, 0xFF07, 0xFF07, 0xFF07, 0xFF07,
  0xFF07, 0xFF07, 0xFF07, 0xFF07, 0xFF07, 0xFF07, 0xFF07, 0xFF07, 0xFF07, 0xFF07, 0xFF07, 0xFF07,
  0xFF07, 0xFF07, 0xFF07, 0xFF07, 0xFF07, 0xFF07, 0xFF07, 0xFF07, 0xFF07, 0xFF07, 0xFF07, 0xFF07,
  0xFF07, 0xFF07, 0xFF07, 0xFF07, 0xFF07, 0xFF07, 0xFF07, 0xFF07, 0xFF07, 0xFF07, 0xFF07, 0xFF07,
  0xFF07, 0xFF07, 0xFF07, 0xFF07, 0xFF07, 0xFF07, 0xFF07, 0xFF07, 0xFF07, 0xFF07, 0xFF07, 0xFF07,
  0xFF07, 0xFF07, 0xFF07, 0xFF07, 0xFF07, 0xFF07, 0xFF07, 0xFF07, 0xFF07, 0xFF07, 0xFF07, 0xFF07,
  0xFF07, 0xFF07, 0xFF07, 0xFF07, 0xFF07, 0xFF07, 0xFF07, 0xFF07, 0xFF07, 0xFF07, 0xFF07, 0xFF07,
  0xFF07, 0xFF07, 0xFF07, 0xFF07, 0xFF07, 0xFF07, 0xFF07, 0xFF07, 0xFF07, 0xFF07, 0xFF07, 0xFF07,
  0xFF07, 0xFF07, 0xFF07, 0xFF07, 0xFF07, 0xFF07, 0xFF07, 0xFF07, 0xFF07, 0xFF07, 0xFF07, 0xFF07,
  0xFF07, 0xFF07, 0xFF07, 0xFF07, 0xFF07, 0xFF07, 0xFF07, 0xFF07, 0xFF07, 0xFF07, 0xFF07, 0xFF07,
  0xFF07, 0xFF07, 0xFF07, 0xFF07, 0xFF07, 0xFF07, 0xFF07, 0xFF07, 0xFF07, 0xFF07, 0xFF07, 0xFF07,
  0xFF07, 0xFF07, 0xFF07, 0xFF07, 0xFF07, 0xFF07, 0xFF07, 0xFF07, 0xFF07, 0xFF07, 0xFF07, 0xFF07,
  0xFF07, 0xFF07, 0xFF07, 0xFF07, 0xFF07, 0xFF07, 0xFF07, 0xFF07, 0xFF07, 0xFF07, 0xFF07, 0xFF07,
  0xFF07, 0xFF07, 0xFF07, 0xFF07, 0xFF07, 0xFF07, 0xFF07, 0xFF07, 0xFF07, 0xFF07, 0xFF07, 0xFF07,
  0xFF07, 0xFF07, 0xFF07, 0xFF07, 0xFF07, 0xFF07, 0xFF07, 0xFF07, 0xFF07, 0xFF07, 0xFF07, 0xFF07,
  0xFF07, 0xFF07, 0xFF07, 0xFF07, 0xFF07, 0xFF07, 0xFF07, 0xFF07, 0xFF07, 0xFF07, 0xFF07, 0xFF07,
  0xFF07, 0xFF07, 0xFF07, 0xFF07, 0xFF07, 0xFF07, 0xFF07, 0xFF07, 0xFF07, 0xFF07, 0xFF07, 0xFF07,
  0xFF07, 0xFF07, 0xFF07, 0xFF07, 0xFF07, 0xFF07, 0xFF07, 0xFF07, 0xFF07, 0xFF07, 0xFF07, 0xFF07,
  0xFF07, 0xFF07, 0xFF07, 0xFF07, 0xFF07, 0xFF07, 0xFF07, 0xFF07, 0xFF07, 0xFF07, 0xFF07, 0xFF07,
  0xFF07, 0xFF07, 0xFF07, 0xFF07, 0xFF07, 0xFF07, 0xFF07, 0xFF07, 0xFF07, 0xFF07, 0xFF07, 0xFF07,
  0xFF07, 0xFF07, 0xFF07, 0xFF07, 0xFF07, 0xFF07, 0xFF07, 0xFF07, 0xFF07, 0xFF07, 0xFF07, 0xFF07,
  0xFF07, 0xFF07, 0xFF07, 0xFF07, 0xFF07, 0xFF07, 0xFF07, 0xFF07, 0xFF07, 0xFF07, 0xFF07, 0xFF07,
  0xFF07, 0xFF07, 0xFF07, 0xFF07, 0xFF07, 0xFF07, 0xFF07, 0xFF07, 0xFF07, 0xFF07, 0xFF07, 0xFF07,
  0xFF07, 0xFF07, 0xFF07, 0xFF07, 0xFF07, 0xFF07, 0xFF07, 0xFF07, 0xFF07, 0xFF07, 0xFF07, 0xFF07,
  0xFF07, 0xFF07, 0xFF07, 0xFF07, 0xFF07, 0xFF07, 0xFF07, 0xFF07, 0xFF07, 0xFF07, 0xFF07, 0xFF07,
  0xFF07, 0xFF07, 0xFF07, 0xFF07, 0xFF07, 0xFF07, 0xFF07, 0xFF07, 0xFF07, 0xFF07, 0xFF07, 0xFF07,
  0xFF07, 0xFF07, 0xFF07, 0xFF07, 0xFF07, 0xFF07, 0xFF07, 0xFF07, 0xFF07, 0xFF07, 0xFF07, 0xFF07,
  0xFF07, 0xFF07, 0xFF07, 0xFF07, 0xFF07, 0xFF07, 0xFF07, 0xFF07, 0xFF07, 0xFF07, 0xFF07, 0xFF07,
  0xFF07, 0xFF07, 0xFF07, 0xFF07, 0xFF07, 0xFF07, 0xFF07, 0xFF07, 0xFF07, 0xFF07, 0xFF07, 0xFF07,
  0xFF07, 0xFF07, 0xFF07, 0xFF07, 0xFF07, 0xFF07, 0xFF07, 0xFF07, 0xFF07, 0xFF07, 0xFF07, 0xFF07,
  0xFF07, 0xFF07, 0xFF07, 0xFF07, 0xFF07, 0xFF07, 0xFF07, 0xFF07, 0xFF07, 0xFF07, 0xFF07, 0xFF07,
  0xFF07, 0xFF07, 0xFF07, 0xFF07, 0xFF07, 0xFF07, 0xFF07, 0xFF07, 0xFF07, 0xFF07, 0xFF07, 0xFF07,
  0xFF07, 0xFF07, 0xFF07, 0xFF07, 0xFF07, 0xFF07, 0xFF07, 0xFF07, 0xFF07, 0xFF07, 0xFF07, 0xFF07,
  0xFF07, 0xFF07, 0xFF07, 0xFF07, 0xFF07, 0xFF07, 0xFF07, 0xFF07, 0xFF07, 0xFF07, 0xFF07, 0xFF07,
  0xFF07, 0xFF07, 0xFF07, 0xFF07, 0xFF07, 0xFF07, 0xFF07, 0xFF07, 0xFF07, 0xFF07, 0xFF07, 0xFF07,
  0xFF07, 0xFF07, 0xFF07, 0xFF07, 0xFE17, 0xFC27, 0xFF27, 0xFF07, 0xFF07, 0xFF07, 0xFF07, 0xFF07,
  0xFF07, 0xFF07, 0xFF07, 0xFF07, 0xFF07, 0xFF07, 0xFF07, 0xFF07, 0xFF07, 0xFF07, 0xFF07, 0xFF07,
  0xFF07, 0xFF07, 0xFF07, 0xFF07, 0xFF07, 0xFF07, 0xFF07, 0xFF07, 0xFF07, 0xFF07, 0xFF07, 0xFF07,
  0xFF07, 0xFF07, 0xFF07, 0xFF07, 0xFF07, 0xFF07, 0xFF07, 0xFF07, 0xFF07, 0xFF07, 0xFF07, 0xFF07,
  0xFF07, 0xFF07, 0xFF07, 0xFF07, 0xFF07, 0xFF07, 0xFF07, 0xFF07, 0xFF07, 0xFF07, 0xFF07, 0xFF07,
  0xFF07, 0xFF07, 0xFF07, 0xFF07, 0xFF07, 0xFF07, 0xFF07, 0xFF07, 0xFF07, 0xFF07, 0xFF07, 0xFF07,
  0xFF07, 0xFF07, 0xFF07, 0xFF07, 0xFF07, 0xFF07, 0xFF07, 0xFF07, 0xFF07, 0xFF07, 0xFF07, 0xFF07,
  0xFF07, 0xFF07, 0xFF07, 0xFF07, 0xFF07, 0xFF07, 0xFF07, 0xFF07, 0xFF07, 0xFF07, 0xFF07, 0xFF07,
  0xFF07, 0xFF07, 0xFF07, 0xFF07, 0xFF07, 0xFF07, 0xFF07, 0xFF07, 0xFF07, 0xFF07, 0xFF07, 0xFF07,
  0xFF07, 0xFF07, 0xFF07, 0xFF07, 0xFF07, 0xFF07, 0xFF07, 0xFF07, 0xFF07, 0xFF07, 0xFF07, 0xFF07,
  0xFF07, 0xFF07, 0xFF0F, 0xF23F, 0xE157, 0xE067, 0xE067, 0xE56F, 0xE56F, 0xE06F, 0xE05F, 0xEC47,
  0xFB17, 0xFF07, 0xFF07, 0xFF07, 0xFF07, 0xFF07, 0xFF07, 0xFF07, 0xFF07, 0xFF07, 0xFF07, 0xFF07,
  0xFF07, 0xFF07, 0xFF07, 0xFF07, 0xFF07, 0xFF07, 0xFF07, 0xFF07, 0xFF07, 0xFF07, 0xFF07, 0xFF07,
  0xFF07, 0xFF07, 0xFF07, 0xFF07, 0xFF07, 0xFF07, 0xFF07, 0xFF07, 0xFF07, 0xFF07, 0xFF07, 0xFF07,
  0xFF07, 0xFF07, 0xFF07, 0xFF07, 0xFF07, 0xFF07, 0xFF07, 0xFF07, 0xFF07, 0xFF07, 0xFF07, 0xFF07,
  0xFF07, 0xFF07, 0xFF07, 0xFF07, 0xFF07, 0xFF07, 0xFF07, 0xFF07, 0xFF07, 0xFF07, 0xFF07, 0xFF07,
  0xFF07, 0xFF07, 0xFF07, 0xFF07, 0xFF07, 0xFF07, 0xFF07, 0xFF07, 0xFF07, 0xFF07, 0xFF07, 0xFF07,
  0xFF07, 0xFF07, 0xFF07, 0xFF07, 0xFF07, 0xFF07, 0xFF07, 0xFF07, 0xFF07, 0xFF07, 0xFF07, 0xFF07,
  0xFF07, 0xFF07, 0xFF07, 0xFF07, 0xFF07, 0xFF07, 0xFF07, 0xFF07, 0xFF07, 0xFF07, 0xFF07, 0xFF07,
  0xFF07, 0xFF07, 0xFF07, 0xFF07, 0xFF07, 0xFF07, 0xFF07, 0xFF07, 0xFF07, 0xFF07, 0xFF07, 0xFF07,
  0xFF07, 0xFD17, 0xF13F, 0xE75F, 0xE477, 0xE57F, 0xE677, 0xE76F, 0xE477, 0xE087, 0xE07F, 0xE26F,
  0xEC47, 0xFA1F, 0xFF07, 0xFF07, 0xFF07, 0xFF07, 0xFF07, 0xFF07, 0xFF07, 0xFF07, 0xFF07, 0xFF07,
  0xFF07, 0xFF07, 0xFF07, 0xFF07, 0xFF07, 0xFF07, 0xFF07, 0xFF07, 0xFF07, 0xFF07, 0xFF07, 0xFF07,
  0xFF07, 0xFF07, 0xFF07, 0xFF07, 0xFF07, 0xFF07, 0xFF07, 0xFF07, 0xFF07, 0xFF07, 0xFF07, 0xFF07,
  0xFF07, 0xFF07, 0xFF07, 0xFF07, 0xFF07, 0xFF07, 0xFF07, 0xFF07, 0xFF07, 0xFF07, 0xFF07, 0xFF07,
  0xFF07, 0xFF07, 0xFF07, 0xFF07, 0xFF07, 0xFF07, 0xFF07, 0xFF07, 0xFF07, 0xFF07, 0xFF07, 0xFF07,
  0xFF07, 0xFF07, 0xFF07, 0xFF07, 0xFF07, 0xFF07, 0xFF07, 0xFF07, 0xFF07, 0xFF07, 0xFF07, 0xFF07,
  0xFF07, 0xFF07, 0xFF07, 0xFF07, 0xFF07, 0xFF07, 0xFF07, 0xFF07, 0xFF07, 0xFF07, 0xFF07, 0xFF07,
  0xFF07, 0xFF07, 0xFF07, 0xFF07, 0xFF07, 0xFF07, 0xFF07, 0xFF07, 0xFF07, 0xFF07, 0xFF07, 0xFF07,
  0xFF0F, 0xFF0F, 0xFF07, 0xFF07, 0xFF07, 0xFF07, 0xFF07, 0xFF07, 0xFF07, 0xFF07, 0xFF07, 0xFF07,
  0xDE27, 0xEE3F, 0xE267, 0xE07F, 0xE27F, 0xE477, 0xE067, 0xE05F, 0xE067, 0xE277, 0xE27F, 0xE277,
  0xE56F, 0xF14F, 0xFF2F, 0xFF07, 0xFF07, 0xFF07, 0xFF07, 0xFF07, 0xFF07, 0xFF07, 0xFF07, 0xFF07,
  0xFF07, 0xFF07, 0xFF07, 0xFF07, 0xFF07, 0xFF07, 0xFF07, 0xFF07, 0xFF07, 0xFF07, 0xFF07, 0xFF07,
  0xFF07, 0xFF07, 0xFF07, 0xFF07, 0xFF07, 0xFF07, 0xFF07, 0xFF07, 0xFF07, 0xFF07, 0xFF07, 0xFF07,
  0xFF07, 0xFF07, 0xFF07, 0xFF07, 0xFF07, 0xFF07, 0xFF07, 0xFF07, 0xFF07, 0xFF07, 0xFF07, 0xFF07,
  0xFF07, 0xFF07, 0xFF07, 0xFF07, 0xFF07, 0xFF07, 0xFF07, 0xFF07, 0xFF07, 0xFF07, 0xFF07, 0xFF07,
  0xFF07, 0xFF07, 0xFF07, 0xFF07, 0xFF07, 0xFF07, 0xFF07, 0xFF07, 0xFF07, 0xFF07, 0xFF07, 0xFF07,
  0xFF07, 0xFF07, 0xFF07, 0xFF07, 0xFF07, 0xFF07, 0xFF07, 0xFF07, 0xFF07, 0xFF07, 0xFF07, 0xFF07,
  0xFF07, 0xFF07, 0xFF07, 0xFF07, 0xFF07, 0xFF07, 0xFF07, 0xFF07, 0xFF07, 0xFF07, 0xFF07, 0xEF37,
  0xE357, 0xE257, 0xE847, 0xF43F, 0xF23F, 0xF24F, 0xF647, 0xFF27, 0xFF07, 0xFF07, 0xFF07, 0xFF0F,
  0xE74F, 0xE65F, 0xE467, 0xE26F, 0xE277, 0xE177, 0xE277, 0xE26F, 0xE07F, 0xE177, 0xE16F, 0xE267,
  0xE267, 0xE35F, 0xE45F, 0xE64F, 0xF31F, 0xFF07, 0xFF07, 0xFF07, 0xFF07, 0xFF07, 0xFF07, 0xFF07,
  0xFF07, 0xFF07, 0xFF07, 0xFF07, 0xFF07, 0xFF07, 0xFF07, 0xFF07, 0xFF07, 0xFF07, 0xFF07, 0xFF07,
  0xFF07, 0xFF07, 0xFF07, 0xFF07, 0xFF07, 0xFF07, 0xFF07, 0xFF07, 0xFF07, 0xFF07, 0xFF07, 0xFF07,
  0xFF07, 0xFF07, 0xFF07, 0xFF07, 0xFF07, 0xFF07, 0xFF07, 0xFF07, 0xFF07, 0xFF07, 0xFF07, 0xFF07,
  0xFF07, 0xFF07, 0xFF07, 0xFF07, 0xFF07, 0xFF07, 0xFF07, 0xFF07, 0xFF07, 0xFF07, 0xFF07, 0xFF07,
  0xFF07, 0xFF07, 0xFF07, 0xFF07, 0xFF07, 0xFF07, 0xFF07, 0xFF07, 0xFF07, 0xFF07, 0xFF07, 0xFF07,
  0xFF07, 0xFF07, 0xFF07, 0xFF07, 0xFF07, 0xFF07, 0xFF07, 0xFF07, 0xFF07, 0xFF07, 0xFF07, 0xFF07,
  0xFF07, 0xFF07, 0xFF07, 0xFF07, 0xFF07, 0xFF07, 0xFF07, 0xFF07, 0xFF07, 0xFE0F, 0xF72F, 0xEA57,
  0xE067, 0xE05F, 0xE157, 0xE657, 0xE04F, 0xE25F, 0xE75F, 0xF347, 0xFF1F, 0xFF07, 0xFF07, 0xFE2F,
  0xE65F, 0xE567, 0xE36F, 0xE177, 0xE177, 0xE277, 0xE26F, 0xE26F, 0xE177, 0xE277, 0xE277, 0xE26F,
  0xE267, 0xE267, 0xE267, 0xE25F, 0xE43F, 0xDD27, 0xFF07, 0xFF07, 0xFF07, 0xFF07, 0xFF07, 0xFF07,
  0xFF07, 0xFF07, 0xFF07, 0xFF07, 0xFF07, 0xFF07, 0xFF07, 0xFF07, 0xFF07, 0xFF07, 0xFF07, 0xFF07,
  0xFF07, 0xFF07, 0xFF07, 0xFF07, 0xFF07, 0xFF07, 0xFF07, 0xFF07, 0xFF07, 0xFF07, 0xFF07, 0xFF07,
  0xFF07, 0xFF07, 0xFF07, 0xFF07, 0xFF07, 0xFF07, 0xFF07, 0xFF07, 0xFF07, 0xFF07, 0xFF07, 0xFF07,
  0xFF07, 0xFF07, 0xFF07, 0xFF07, 0xFF07, 0xFF07, 0xFF07, 0xFF07, 0xFF07, 0xFF07, 0xFF07, 0xFF07,
  0xFF07, 0xFF07, 0xFF07, 0xFF07, 0xFF07, 0xFF07, 0xFF07, 0xFF07, 0xFF07, 0xFF07, 0xFF07, 0xFF07,
  0xFF07, 0xFF07, 0xFF07, 0xFF07, 0xFF07, 0xFF07, 0xFF07, 0xFF07, 0xFF07, 0xFF07, 0xFF07, 0xFF07,
  0xFF07, 0xFF07, 0xFF07, 0xFF07, 0xFF07, 0xFF07, 0xFF07, 0xFF07, 0xFF07, 0xEB27, 0xE867, 0xE477,
  0xE077, 0xE167, 0xE26F, 0xE367, 0xE367, 0xE27F, 0xE477, 0xE867, 0xEC4F, 0xEE3F, 0xEC4F, 0xE95F,
  0xE467, 0xE36F, 0xE277, 0xE277, 0xE177, 0xE277, 0xE26F, 0xE267, 0xE277, 0xE277, 0xE277, 0xE26F,
  0xE26F, 0xE26F, 0xE26F, 0xE177, 0xE067, 0xE44F, 0xEE17, 0xFF07, 0xFF07, 0xFF07, 0xFF07, 0xFF07,
  0xFF07, 0xFF07, 0xFF07, 0xFF07, 0xFF07, 0xFF07, 0xFF07, 0xFF07, 0xFF07, 0xFF07, 0xFF07, 0xFF07,
  0xFF07, 0xFF07, 0xFF07, 0xFF07, 0xFF07, 0xFF07, 0xFF07, 0xFF07, 0xFF07, 0xFF07, 0xFF07, 0xFF07,
  0xFF07, 0xFF07, 0xFF07, 0xFF07, 0xFF07, 0xFF07, 0xFF07, 0xFF07, 0xFF07, 0xFF07, 0xFF07, 0xFF07,
  0xFF07, 0xFF07, 0xFF07, 0xFF07, 0xFF07, 0xFF07, 0xFF07, 0xFF07, 0xFF07, 0xFF07, 0xFF07, 0xFF07,
  0xFF07, 0xFF07, 0xFF07, 0xFF07, 0xFF07, 0xFF07, 0xFF07, 0xFF07, 0xFF07, 0xFF07, 0xFF07, 0xFF07,
  0xFF07, 0xFF07, 0xFF07, 0xFF07, 0xFF07, 0xFF07, 0xFF07, 0xFF07, 0xFF07, 0xFF07, 0xFF07, 0xFF07,
  0xFF07, 0xFF07, 0xFF07, 0xFF07, 0xFF07, 0xFF07, 0xFF07, 0xFF07, 0xFF07, 0xE03F, 0xE07F, 0xE287,
  0xE077, 0xE35F, 0xE26F, 0xE27F, 0xE26F, 0xE177, 0xE17F, 0xE277, 0xE467, 0xE367, 0xE16F, 0xE077,
  0xE277, 0xE277, 0xE277, 0xE177, 0xE177, 0xE277, 0xE26F, 0xE36F, 0xE26F, 0xE26F, 0xE277, 0xE277,
  0xE277, 0xE277, 0xE177, 0xE177, 0xE17F, 0xE067, 0xE72F, 0xFF07, 0xFF07, 0xFF07, 0xFF07, 0xFF07,
  0xFF07, 0xFF07, 0xFF07, 0xFF07, 0xFF07, 0xFF07, 0xFF07, 0xFF07, 0xFF07, 0xFF07, 0xFF07, 0xFF07,
  0xFF07, 0xFF07, 0xFF07, 0xFF07, 0xFF07, 0xFF07, 0xFF07, 0xFF07, 0xFF07, 0xFF07, 0xFF07, 0xFF07,
  0xFF07, 0xFF07, 0xFF07, 0xFF07, 0xFF07, 0xFF07, 0xFF07, 0xFF07, 0xFF07, 0xFF07, 0xFF07, 0xFF07,
  0xFF07, 0xFF07, 0xFF07, 0xFF07, 0xFF07, 0xFF07, 0xFF07, 0xFF07, 0xFF07, 0xFF07, 0xFF07, 0xFF07,
  0xFF07, 0xFF07, 0xFF07, 0xFF07, 0xFF07, 0xFF07, 0xFF07, 0xFF07, 0xFF07, 0xFF07, 0xFF07, 0xFF07,
  0xFF07, 0xFF07, 0xFF07, 0xFF07, 0xFF07, 0xFF07, 0xFF07, 0xFF07, 0xFF07, 0xFF07, 0xFF07, 0xFF07,
  0xFF07, 0xFF07, 0xFF07, 0xFF07, 0xFF07, 0xFF07, 0xFF07, 0xFF07, 0xFF17, 0xE14F, 0xE17F, 0xE487,
  0xE16F, 0xE367, 0xE16F, 0xE077, 0xE177, 0xE077, 0xE177, 0xE277, 0xE277, 0xE377, 0xE277, 0xE27F,
  0xE277, 0xE177, 0xE177, 0xE177, 0xE277, 0xE277, 0xE26F, 0xE36F, 0xE377, 0xE277, 0xE277, 0xE277,
  0xE177, 0xE177, 0xE177, 0xE17F, 0xE587, 0xE567, 0xE737, 0xF917, 0xFF07, 0xFF07, 0xFF07, 0xFF07,
  0xFF07, 0xFF07, 0xFF07, 0xFF07, 0xFF07, 0xFF07, 0xFF07, 0xFF07, 0xFF07, 0xFF07, 0xFF07, 0xFF07,
  0xFF07, 0xFF07, 0xFF07, 0xFF07, 0xFF07, 0xFF07, 0xFF07, 0xFF07, 0xFF07, 0xFF07, 0xFF07, 0xFF07,
  0xFF07, 0xFF07, 0xFF07, 0xFF07, 0xFF07, 0xFF07, 0xFF07, 0xFF07, 0xFF07, 0xFF07, 0xFF07, 0xFF07,
  0xFF07, 0xFF07, 0xFF07, 0xFF07, 0xFF07, 0xFF07, 0xFF07, 0xFF07, 0xFF07, 0xFF07, 0xFF07, 0xFF07,
  0xFF07, 0xFF07, 0xFF07, 0xFF07, 0xFF07, 0xFF07, 0xFF07, 0xFF07, 0xFF07, 0xFF07, 0xFF07, 0xFF07,
  0xFF07, 0xFF07, 0xFF07, 0xFF07, 0xFF07, 0xFF07, 0xFF07, 0xFF07, 0xFF07, 0xFF07, 0xFF07, 0xFF07,
  0xFF07, 0xFF07, 0xFF07, 0xFF07, 0xFF07, 0xFF07, 0xFF07, 0xFF07, 0xF13F, 0xE057, 0xE26F, 0xE377,
  0xE26F, 0xE567, 0xE467, 0xE477, 0xE277, 0xE377, 0xE377, 0xE277, 0xE277, 0xE277, 0xE277, 0xE277,
  0xE177, 0xE277, 0xE277, 0xE277, 0xE277, 0xE277, 0xE277, 0xE277, 0xE277, 0xE277, 0xE26F, 0xE16F,
  0xE177, 0xE177, 0xE16F, 0xE077, 0xE077, 0xE05F, 0xE357, 0xE727, 0x7F07, 0xFF07, 0xFF07, 0xFF07,
  0xFF07, 0xFF07, 0xFF07, 0xFF07, 0xFF07, 0xFF07, 0xFF07, 0xFF07, 0xFF07, 0xFF07, 0xFF07, 0xFF07,
  0xFF07, 0xFF07, 0xFF07, 0xFF07, 0xFF07, 0xFF07, 0xFF07, 0xFF07, 0xFF07, 0xFF07, 0xFF07, 0xFF07,
  0xFF07, 0xFF07, 0xFF07, 0xFF07, 0xFF07, 0xFF07, 0xFF07, 0xFF07, 0xFF07, 0xFF07, 0xFF07, 0xFF07,
  0xFF07, 0xFF07, 0xFF07, 0xFF07, 0xFF07, 0xFF07, 0xFF07, 0xFF07, 0xFF07, 0xFF07, 0xFF07, 0xFF07,
  0xFF07, 0xFF07, 0xFF07, 0xFF07, 0xFF07, 0xFF07, 0xFF07, 0xFF07, 0xFF07, 0xFF07, 0xFF07, 0xFF07,
  0xFF07, 0xFF07, 0xFF07, 0xFF07, 0xFF07, 0xFF07, 0xFF07, 0xFF07, 0xFF07, 0xFF07, 0xFF07, 0xFF07,
  0xFF07, 0xFF07, 0xFF07, 0xFF07, 0xFF07, 0xFF1F, 0xFE27, 0xF637, 0xE367, 0xE067, 0xE36F, 0xE16F,
  0xE177, 0xE477, 0xE377, 0xE677, 0xE077, 0xE16F, 0xE267, 0xE277, 0xE277, 0xE277, 0xE377, 0xE46F,
  0xE277, 0xE26F, 0xE26F, 0xE26F, 0xE26F, 0xE277, 0xE277, 0xE277, 0xE277, 0xE16F, 0xE16F, 0xE16F,
  0xE16F, 0xE16F, 0xE16F, 0xE06F, 0xE06F, 0xE16F, 0xE267, 0xA027, 0xCB27, 0xFF1F, 0xFF07, 0xFF07,
  0xFF07, 0xFF07, 0xFF07, 0xFF07, 0xFF07, 0xFF07, 0xFF07, 0xFF07, 0xFF07, 0xFF07, 0xFF07, 0xFF07,
  0xFF07, 0xFF07, 0xFF07, 0xFF07, 0xFF07, 0xFF07, 0xFF07, 0xFF07, 0xFF07, 0xFF07, 0xFF07, 0xFF07,
  0xFF07, 0xFF07, 0xFF07, 0xFF07, 0xFF07, 0xFF07, 0xFF07, 0xFF07, 0xFF07, 0xFF07, 0xFF07, 0xFF07,
  0xFF07, 0xFF07, 0xFF07, 0xFF07, 0xFF07, 0xFF07, 0xFF07, 0xFF07, 0xFF07, 0xFF07, 0xFF07, 0xFF07,
  0xFF07, 0xFF07, 0xFF07, 0xFF07, 0xFF07, 0xFF07, 0xFF07, 0xFF07, 0xFF07, 0xFF07, 0xFF07, 0xFF07,
  0xFF07, 0xFF07, 0xFF07, 0xFF07, 0xFF07, 0xFF07, 0xFF07, 0xFF07, 0xFF07, 0xFF07, 0xFF07, 0xFF07,
  0xFF07, 0xFF07, 0xFF17, 0xF52F, 0xEE3F, 0xEA57, 0xE55F, 0xE26F, 0xE187, 0xE36F, 0xE667, 0xE06F,
  0xE077, 0xE07F, 0xE077, 0xE277, 0xE277, 0xE277, 0xE26F, 0xE177, 0xE077, 0xE077, 0xE077, 0xE26F,
  0xE26F, 0xE267, 0xE267, 0xE26F, 0xE26F, 0xE277, 0xE277, 0xE277, 0xE16F, 0xE16F, 0xE16F, 0xE06F,
  0xE16F, 0xE16F, 0xE167, 0xE167, 0xE16F, 0xE477, 0xE567, 0x401E, 0x0017, 0x8007, 0x8E07, 0xFF07,
  0xFF07, 0xFF07, 0xFF07, 0xFF07, 0xFF07, 0xFF07, 0xFF07, 0xFF07, 0xFF07, 0xFF07, 0xFF07, 0xFF07,
  0xFF07, 0xFF07, 0xFF07, 0xFF07, 0xFF07, 0xFF07, 0xFF07, 0xFF07, 0xFF07, 0xFF07, 0xFF07, 0xFF07,
  0xFF07, 0xFF07, 0xFF07, 0xFF07, 0xFF07, 0xFF07, 0xFF07, 0xFF07, 0xFF07, 0xFF07, 0xFF07, 0xFF07,
  0xFF07, 0xFF07, 0xFF07, 0xFF07, 0xFF07, 0xFF07, 0xFF07, 0xFF07, 0xFF07, 0xFF07, 0xFF07, 0xFF07,
  0xFF07, 0xFF07, 0xFF07, 0xFF07, 0xFF07, 0xFF07, 0xFF07, 0xFF07, 0xFF07, 0xFF07, 0xFF07, 0xFF07,
  0xFF07, 0xFF07, 0xFF07, 0xFF07, 0xFF07, 0xFF07, 0xFF07, 0xFF07, 0xFF07, 0xFF07, 0xFF07, 0xFF07,
  0xFF07, 0xFF07, 0xF257, 0xE077, 0xE07F, 0xE277, 0xE277, 0xE377, 0xE277, 0xE277, 0xE26F, 0xE26F,
  0xE26F, 0xE26F, 0xE277, 0xE277, 0xE277, 0xE277, 0xE277, 0xE277, 0xE277, 0xE277, 0xE277, 0xE277,
  0xE277, 0xE277, 0xE277, 0xE277, 0xE277, 0xE277, 0xE16F, 0xE16F, 0xE26F, 0xE16F, 0xE16F, 0xE06F,
  0xE06F, 0xE077, 0xE06F, 0xE06F, 0xE067, 0xE26F, 0xE267, 0xA047, 0x6027, 0x0117, 0xAF27, 0xFC2F,
  0xFF07, 0xFF07, 0xFF07, 0xFF07, 0xFF07, 0xFF07, 0xFF07, 0xFF07, 0xFF07, 0xFF07, 0xFF07, 0xFF07,
  0xFF07, 0xFF07, 0xFF07, 0xFF07, 0xFF07, 0xFF07, 0xFF07, 0xFF07, 0xFF07, 0xFF07, 0xFF07, 0xFF07,
  0xFF07, 0xFF07, 0xFF07, 0xFF07, 0xFF07, 0xFF07, 0xFF07, 0xFF07, 0xFF07, 0xFF07, 0xFF07, 0xFF07,
  0xFF07, 0xFF07, 0xFF07, 0xFF07, 0xFF07, 0xFF07, 0xFF07, 0xFF07, 0xFF07, 0xFF07, 0xFF07, 0xFF07,
  0xFF07, 0xFF07, 0xFF07, 0xFF07, 0xFF07, 0xFF07, 0xFF07, 0xFF07, 0xFF07, 0xFF07, 0xFF07, 0xFF07,
  0xFF07, 0xFF07, 0xFF07, 0xFF07, 0xFF07, 0xFF07, 0xFF07, 0xFF07, 0xFF07, 0xFF07, 0xFF07, 0xFF07,
  0xFF07, 0xF92F, 0xE857, 0xE277, 0xE27F, 0xE277, 0xE277, 0xE277, 0xE277, 0xE277, 0xE26F, 0xE26F,
  0xE26F, 0xE26F, 0xE277, 0xE277, 0xE277, 0xE277, 0xE277, 0xE277, 0xE277, 0xE277, 0xE277, 0xE277,
  0xE277, 0xE277, 0xE277, 0xE277, 0xE277, 0xE277, 0xE16F, 0xE16F, 0xE26F, 0xE16F, 0xE16F, 0xE06F,
  0xE06F, 0xE177, 0xE16F, 0xE267, 0xE15F, 0x6047, 0x6047, 0xA047, 0x4027, 0xE016, 0xA106, 0xE505,
  0xF517, 0xFF07, 0xFF07, 0xFF07, 0xFF07, 0xFF07, 0xFF07, 0xFF07, 0xFF07, 0xFF07, 0xFF07, 0xFF07,
  0xFF07, 0xFF07, 0xFF07, 0xFF07, 0xFF07, 0xFF07, 0xFF07, 0xFF07, 0xFF07, 0xFF07, 0xFF07, 0xFF07,
  0xFF07, 0xFF07, 0xFF07, 0xFF07, 0xFF07, 0xFF07, 0xFF07, 0xFF07, 0xFF07, 0xFF07, 0xFF07, 0xFF07,
  0xFF07, 0xFF07, 0xFF07, 0xFF07, 0xFF07, 0xFF07, 0xFF07, 0xFF07, 0xFF07, 0xFF07, 0xFF07, 0xFF07,
  0xFF07, 0xFF07, 0xFF07, 0xFF07, 0xFF07, 0xFF07, 0xFF07, 0xFF07, 0xFF07, 0xFF07, 0xFF07, 0xFF07,
  0xFF07, 0xFF07, 0xFF07, 0xFF07, 0xFF07, 0xFF07, 0xFF07, 0xFF07, 0xFF07, 0xFF07, 0xFF07, 0xFF07,
  0xFF07, 0xEA47, 0xE067, 0xE377, 0xE677, 0xE377, 0xE277, 0xE077, 0xE277, 0xE277, 0xE26F, 0xE26F,
  0xE26F, 0xE26F, 0xE277, 0xE277, 0xE277, 0xE277, 0xE277, 0xE277, 0xE277, 0xE277, 0xE277, 0xE277,
  0xE277, 0xE277, 0xE277, 0xE277, 0xE277, 0xE277, 0xE16F, 0xE16F, 0xE16F, 0xE16F, 0xE16F, 0xE16F,
  0xE05F, 0xE057, 0xE036, 0x0037, 0xC02E, 0x8026, 0xC036, 0x0037, 0xE01E, 0xE01E, 0xA00E, 0xC005,
  0xA005, 0x7205, 0xFF07, 0xFF07, 0xFF07, 0xFF07, 0xFF07, 0xFF07, 0xFF07, 0xFF07, 0xFF07, 0xFF07,
  0xFF07, 0xFF07, 0xFF07, 0xFF07, 0xFF07, 0xFF07, 0xFF07, 0xFF07, 0xFF07, 0xFF07, 0xFF07, 0xFF07,
  0xFF07, 0xFF07, 0xFF07, 0xFF07, 0xFF07, 0xFF07, 0xFF07, 0xFF07, 0xFF07, 0xFF07, 0xFF07, 0xFF07,
  0xFF07, 0xFF07, 0xFF07, 0xFF07, 0xFF07, 0xFF07, 0xFF07, 0xFF07, 0xFF07, 0xFF07, 0xFF07, 0xFF07,
  0xFF07, 0xFF07, 0xFF07, 0xFF07, 0xFF07, 0xFF07, 0xFF07, 0xFF07, 0xFF07, 0xFF07, 0xFF07, 0xFF07,
  0xFF07, 0xFF07, 0xFF07, 0xFF07, 0xFF07, 0xFF07, 0xFF07, 0xFF07, 0xFF07, 0xFF07, 0xFF07, 0xFF07,
  0xF937, 0xE257, 0xE06F, 0xE477, 0xE377, 0xE377, 0xE377, 0xE077, 0xE277, 0xE277, 0xE26F, 0xE26F,
  0xE26F, 0xE26F, 0xE277, 0xE277, 0xE277, 0xE277, 0xE277, 0xE277, 0xE277, 0xE277, 0xE277, 0xE277,
  0xE277, 0xE277, 0xE277, 0xE277, 0xE277, 0xE277, 0xE16F, 0xE16F, 0xE16F, 0xE16F, 0xE16F, 0xE16F,
  0x4047, 0xE036, 0xC02E, 0x002F, 0x4037, 0x202F, 0xA026, 0x0037, 0xA026, 0xA01E, 0x2016, 0xA005,
  0xA00D, 0xA305, 0xF927, 0xFF07, 0xFF07, 0xFF07, 0xFF07, 0xFF07, 0xFF07, 0xFF07, 0xFF07, 0xFF07,
  0xFF07, 0xFF07, 0xFF07, 0xFF07, 0xFF07, 0xFF07, 0xFF07, 0xFF07, 0xFF07, 0xFF07, 0xFF07, 0xFF07,
  0xFF07, 0xFF07, 0xFF07, 0xFF07, 0xFF07, 0xFF07, 0xFF07, 0xFF07, 0xFF07, 0xFF07, 0xFF07, 0xFF07,
  0xFF07, 0xFF07, 0xFF07, 0xFF07, 0xFF07, 0xFF07, 0xFF07, 0xFF07, 0xFF07, 0xFF07, 0xFF07, 0xFF07,
  0xFF07, 0xFF07, 0xFF07, 0xFF07, 0xFF07, 0xFF07, 0xFF07, 0xFF07, 0xFF07, 0xFF07, 0xFF07, 0xFF07,
  0xFF07, 0xFF07, 0xFF07, 0xFF07, 0xFF07, 0xFF07, 0xFF07, 0xFF07, 0xFF07, 0xFF07, 0xFF07, 0xFF07,
  0xED57, 0xE46F, 0xE277, 0xE27F, 0xE077, 0xE26F, 0xE46F, 0xE077, 0xE277, 0xE277, 0xE277, 0xE277,
  0xE277, 0xE277, 0xE277, 0xE277, 0xE277, 0xE277, 0xE277, 0xE277, 0xE277, 0xE277, 0xE277, 0xE277,
  0xE277, 0xE277, 0xE277, 0xE277, 0xE16F, 0xE16F, 0xE16F, 0xE16F, 0xE16F, 0xE16F, 0xE16F, 0xE167,
  0xC04F, 0x0037, 0xA026, 0x0037, 0x0027, 0xE026, 0xE026, 0x002F, 0x601E, 0x201E, 0xC015, 0x400D,
  0x601D, 0xE004, 0x6005, 0x8F05, 0xFF07, 0xFF07, 0xFF07, 0xFF07, 0xFF07, 0xFF07, 0xFF07, 0xFF07,
  0xFF07, 0xFF07, 0xFF07, 0xFF07, 0xFF07, 0xFF07, 0xFF07, 0xFF07, 0xFF07, 0xFF07, 0xFF07, 0xFF07,
  0xFF07, 0xFF07, 0xFF07, 0xFF07, 0xFF07, 0xFF07, 0xFF07, 0xFF07, 0xFF07, 0xFF07, 0xFF07, 0xFF07,
  0xFF07, 0xFF07, 0xFF07, 0xFF07, 0xFF07, 0xFF07, 0xFF07, 0xFF07, 0xFF07, 0xFF07, 0xFF07, 0xFF07,
  0xFF07, 0xFF07, 0xFF07, 0xFF07, 0xFF07, 0xFF07, 0xFF07, 0xFF07, 0xFF07, 0xFF07, 0xFF07, 0xFF07,
  0xFF07, 0xFF07, 0xFF07, 0xFF07, 0xFF07, 0xFF07, 0xFF07, 0xFF07, 0xFF07, 0xFF07, 0xFF07, 0xFF07,
  0xE367, 0xE56F, 0xE577, 0xE077, 0xE06F, 0xE267, 0xE377, 0xE277, 0xE277, 0xE277, 0xE277, 0xE277,
  0xE277, 0xE277, 0xE277, 0xE277, 0xE277, 0xE277, 0xE277, 0xE277, 0xE277, 0xE277, 0xE277, 0xE277,
  0xE277, 0xE277, 0xE277, 0xE277, 0xE16F, 0xE16F, 0xE16F, 0xE16F, 0xE16F, 0xE16F, 0xE167, 0xE167,
  0xC047, 0xE026, 0x002F, 0xC026, 0x202F, 0x0027, 0xE026, 0xC026, 0xA026, 0x4005, 0x4015, 0x4015,
  0xA025, 0xA025, 0x000E, 0x0306, 0xFF07, 0xFF07, 0xFF07, 0xFF07, 0xFF07, 0xFF07, 0xFF07, 0xFF07,
  0xFF07, 0xFF07, 0xFF07, 0xFF07, 0xFF07, 0xFF07, 0xFF07, 0xFF07, 0xFF07, 0xFF07, 0xFF07, 0xFF07,
  0xFF07, 0xFF07, 0xFF07, 0xFF07, 0xFF07, 0xFF07, 0xFF07, 0xFF07, 0xFF07, 0xFF07, 0xFF07, 0xFF07,
  0xFF07, 0xFF07, 0xFF07, 0xFF07, 0xFF07, 0xFF07, 0xFF07, 0xFF07, 0xFF07, 0xFF07, 0xFF07, 0xFF07,
  0xFF07, 0xFF07, 0xFF07, 0xFF07, 0xFF07, 0xFF07, 0xFF07, 0xFF07, 0xFF07, 0xFF07, 0xFF07, 0xFF07,
  0xFF07, 0xFF07, 0xFF07, 0xFF07, 0xFF07, 0xFF07, 0xFF07, 0xFF07, 0xFF07, 0xFF07, 0xFF07, 0xFF07,
  0xE06F, 0xE677, 0xE377, 0xE077, 0xE267, 0xE267, 0xE177, 0xE277, 0xE277, 0xE277, 0xE277, 0xE277,
  0xE277, 0xE277, 0xE277, 0xE277, 0xE277, 0xE277, 0xE277, 0xE277, 0xE26F, 0xE26F, 0xE26F, 0xE26F,
  0xE16F, 0xE16F, 0xE16F, 0xE16F, 0xE16F, 0xE16F, 0xE06F, 0xE06F, 0xE16F, 0xE16F, 0xE167, 0xE167,
  0xA047, 0x002F, 0xC01E, 0xE026, 0xA02E, 0x002F, 0x803F, 0x000E, 0x0016, 0xA015, 0x801D, 0x801D,
  0x4005, 0x401D, 0x200D, 0x6205, 0xFF0F, 0xFF07, 0xFF07, 0xFF07, 0xFF07, 0xFF07, 0xFF07, 0xFF07,
  0xFF07, 0xFF07, 0xFF07, 0xFF07, 0xFF07, 0xFF07, 0xFF07, 0xFF07, 0xFF07, 0xFF07, 0xFF07, 0xFF07,
  0xFF07, 0xFF07, 0xFF07, 0xFF07, 0xFF07, 0xFF07, 0xFF07, 0xFF07, 0xFF07, 0xFF07, 0xFF07, 0xFF07,
  0xFF07, 0xFF07, 0xFF07, 0xFF07, 0xFF07, 0xFF07, 0xFF07, 0xFF07, 0xFF07, 0xFF07, 0xFF07, 0xFF07,
  0xFF07, 0xFF07, 0xFF07, 0xFF07, 0xFF07, 0xFF07, 0xFF07, 0xFF07, 0xFF07, 0xFF07, 0xFF07, 0xFF07,
  0xFF07, 0xFF07, 0xFF07, 0xFF07, 0xFF07, 0xFF07, 0xFF07, 0xFF07, 0xFF07, 0xFF07, 0xFF07, 0xFF07,
  0xE06F, 0xE46F, 0xE277, 0xE16F, 0xE467, 0xE267, 0xE077, 0xE277, 0xE277, 0xE277, 0xE277, 0xE277,
  0xE277, 0xE277, 0xE277, 0xE277, 0xE277, 0xE277, 0xE277, 0xE277, 0xE16F, 0xE16F, 0xE16F, 0xE16F,
  0xE16F, 0xE16F, 0xE16F, 0xE16F, 0xE16F, 0xE16F, 0xE06F, 0xE06F, 0xE06F, 0xE16F, 0xE167, 0xE267,
  0xA03F, 0xC026, 0x0027, 0xC01E, 0xA02E, 0xE02E, 0x002F, 0x2005, 0xA00D, 0x4005, 0x400D, 0x8015,
  0x6005, 0x801D, 0x801D, 0xE504, 0xFF17, 0xFF07, 0xFF07, 0xFF07, 0xFF07, 0xFF07, 0xFF07, 0xFF07,
  0xFF07, 0xFF07, 0xFF07, 0xFF07, 0xFF07, 0xFF07, 0xFF07, 0xFF07, 0xFF07, 0xFF07, 0xFF07, 0xFF07,
  0xFF07, 0xFF07, 0xFF07, 0xFF07, 0xFF07, 0xFF07, 0xFF07, 0xFF07, 0xFF07, 0xFF07, 0xFF07, 0xFF07,
  0xFF07, 0xFF07, 0xFF07, 0xFF07, 0xFF07, 0xFF07, 0xFF07, 0xFF07, 0xFF07, 0xFF07, 0xFF07, 0xFF07,
  0xFF07, 0xFF07, 0xFF07, 0xFF07, 0xFF07, 0xFF07, 0xFF07, 0xFF07, 0xFF07, 0xFF07, 0xFF07, 0xFF07,
  0xFF07, 0xFF07, 0xFF07, 0xFF07, 0xFF07, 0xFF07, 0xFF07, 0xFF07, 0xFF07, 0xFF07, 0xFF07, 0xFF07,
  0xE277, 0xE277, 0xE277, 0xE277, 0xE277, 0xE277, 0xE277, 0xE277, 0xE277, 0xE277, 0xE277, 0xE277,
  0xE277, 0xE277, 0xE277, 0xE277, 0xE16F, 0xE16F, 0xE16F, 0xE16F, 0xE16F, 0xE16F, 0xE16F, 0xE16F,
  0xE16F, 0xE16F, 0xE16F, 0xE16F, 0xE16F, 0xE16F, 0xE16F, 0xE06F, 0xE077, 0xE067, 0xE15F, 0xE157,
  0x002F, 0x0027, 0xC01E, 0xC026, 0x0027, 0xE026, 0x000E, 0x8005, 0xA00D, 0xC00D, 0x6005, 0x600D,
  0x4015, 0x8015, 0xA00D, 0x0305, 0xBF27, 0xFF07, 0xFF07, 0xFF07, 0xFF07, 0xFF07, 0xFF07, 0xFF07,
  0xFF07, 0xFF07, 0xFF07, 0xFF07, 0xFF07, 0xFF07, 0xFF07, 0xFF07, 0xFF07, 0xFF07, 0xFF07, 0xFF07,
  0xFF07, 0xFF07, 0xFF07, 0xFF07, 0xFF07, 0xFF07, 0xFF07, 0xFF07, 0xFF07, 0xFF07, 0xFF07, 0xFF07,
  0xFF07, 0xFF07, 0xFF07, 0xFF07, 0xFF07, 0xFF07, 0xFF07, 0xFF07, 0xFF07, 0xFF07, 0xFF07, 0xFF07,
  0xFF07, 0xFF07, 0xFF07, 0xFF07, 0xFF07, 0xFF07, 0xFF07, 0xFF07, 0xFF07, 0xFF07, 0xFF07, 0xFF07,
  0xFF07, 0xFF07, 0xFF07, 0xFF07, 0xFF07, 0xFF07, 0xFF07, 0xFF07, 0xFF07, 0xFF07, 0xFF07, 0xFF07,
  0xE277, 0xE277, 0xE277, 0xE277, 0xE277, 0xE277, 0xE277, 0xE277, 0xE277, 0xE277, 0xE277, 0xE277,
  0xE277, 0xE277, 0xE277, 0xE277, 0xE16F, 0xE16F, 0xE16F, 0xE16F, 0xE16F, 0xE16F, 0xE16F, 0xE16F,
  0xE16F, 0xE16F, 0xE16F, 0xE16F, 0xE16F, 0xE16F, 0xE16F, 0xE06F, 0xE06F, 0xE277, 0xC04F, 0x403F,
  0x002F, 0x202F, 0x0027, 0xE026, 0xE026, 0xE026, 0xA01E, 0xE02E, 0x201E, 0xA00D, 0xA015, 0x800D,
  0x4015, 0x8015, 0x8015, 0x6005, 0xCE0E, 0xBF07, 0xFF07, 0xFF07, 0xFF07, 0xFF07, 0xFF07, 0xFF07,
  0xFF07, 0xFF07, 0xFF07, 0xFF07, 0xFF07, 0xFF07, 0xFF07, 0xFF07, 0xFF07, 0xFF07, 0xFF07, 0xFF07,
  0xFF07, 0xFF07, 0xFF07, 0xFF07, 0xFF07, 0xFF07, 0xFF07, 0xFF07, 0xFF07, 0xFF07, 0xFF07, 0xFF07,
  0xFF07, 0xFF07, 0xFF07, 0xFF07, 0xFF07, 0xFF07, 0xFF07, 0xFF07, 0xFF07, 0xFF07, 0xFF07, 0xFF07,
  0xFF07, 0xFF07, 0xFF07, 0xFF07, 0xFF07, 0xFF07, 0xFF07, 0xFF07, 0xFF07, 0xFF07, 0xFF07, 0xFF07,
  0xFF07, 0xFF07, 0xFF07, 0xFF07, 0xFF07, 0xFF07, 0xFF07, 0xFF07, 0xFF07, 0xFF07, 0xFF07, 0xFF07,
  0xE277, 0xE277, 0xE277, 0xE277, 0xE277, 0xE277, 0xE277, 0xE277, 0xE277, 0xE277, 0xE277, 0xE277,
  0xE277, 0xE277, 0xE277, 0xE277, 0xE16F, 0xE16F, 0xE16F, 0xE16F, 0xE16F, 0xE16F, 0xE16F, 0xE16F,
  0xE16F, 0xE16F, 0xE16F, 0xE16F, 0xE16F, 0xE16F, 0xE16F, 0xE06F, 0xE16F, 0xE167, 0xC02E, 0xC026,
  0xC026, 0x0027, 0xE026, 0xE026, 0x0027, 0x0027, 0x4016, 0x2016, 0x401E, 0x8005, 0x800D, 0x6005,
  0x8015, 0x4015, 0x6015, 0xA00D, 0xE004, 0xC805, 0xFF07, 0xFF07, 0xFF07, 0xFF07, 0xFF07, 0xFF07,
  0xFF07, 0xFF07, 0xFF07, 0xFF07, 0xFF07, 0xFF07, 0xFF07, 0xFF07, 0xFF07, 0xFF07, 0xFF07, 0xFF07,
  0xFF07, 0xFF07, 0xFF07, 0xFF07, 0xFF07, 0xFF07, 0xFF07, 0xFF07, 0xFF07, 0xFF07, 0xFF07, 0xFF07,
  0xFF07, 0xFF07, 0xFF07, 0xFF07, 0xFF07, 0xFF07, 0xFF07, 0xFF07, 0xFF07, 0xFF07, 0xFF07, 0xFF07,
  0xFF07, 0xFF07, 0xFF07, 0xFF07, 0xFF07, 0xFF07, 0xFF07, 0xFF07, 0xFF07, 0xFF07, 0xFF07, 0xFF07,
  0xFF07, 0xFF07, 0xFF07, 0xFF07, 0xFF07, 0xFF07, 0xFF07, 0xFF07, 0xFF07, 0xFF07, 0xFF07, 0xFF07,
  0xE277, 0xE277, 0xE277, 0xE277, 0xE277, 0xE277, 0xE277, 0xE277, 0xE277, 0xE277, 0xE277, 0xE277,
  0xE277, 0xE277, 0xE277, 0xE277, 0xE16F, 0xE16F, 0xE16F, 0xE16F, 0xE16F, 0xE16F, 0xE16F, 0xE16F,
  0xE16F, 0xE16F, 0xE16F, 0xE16F, 0xE16F, 0xE16F, 0xE16F, 0xE06F, 0xE05F, 0x403F, 0x0037, 0xA147,
  0xC01E, 0xE026, 0xE026, 0xC026, 0x0027, 0xC026, 0x200E, 0x401E, 0x0016, 0xA00D, 0x800D, 0x800D,
  0x8015, 0x4015, 0x4015, 0x601D, 0x4005, 0xC004, 0x4A05, 0xF404, 0xFF07, 0xFF07, 0xFF07, 0xFF07,
  0xFF07, 0xFF07, 0xFF07, 0xFF07, 0xFF07, 0xFF07, 0xFF07, 0xFF07, 0xFF07, 0xFF07, 0xFF07, 0xFF07,
  0xFF07, 0xFF07, 0xFF07, 0xFF07, 0xFF07, 0xFF07, 0xFF07, 0xFF07, 0xFF07, 0xFF07, 0xFF07, 0xFF07,
  0xFF07, 0xFF07, 0xFF07, 0xFF07, 0xFF07, 0xFF07, 0xFF07, 0xFF07, 0xFF07, 0xFF07, 0xFF07, 0xFF07,
  0xFF07, 0xFF07, 0xFF07, 0xFF07, 0xFF07, 0xFF07, 0xFF07, 0xFF07, 0xFF07, 0xFF07, 0xFF07, 0xFF07,
  0xFF07, 0xFF07, 0xFF07, 0xFF07, 0xFF07, 0xFF07, 0xFF07, 0xFF07, 0xFF07, 0xFF07, 0xFF07, 0xFF07,
  0xE16F, 0xE16F, 0xE277, 0xE277, 0xE277, 0xE277, 0xE277, 0xE277, 0xE277, 0xE277, 0xE277, 0xE277,
  0xE277, 0xE277, 0xE277, 0xE277, 0xE16F, 0xE16F, 0xE16F, 0xE16F, 0xE16F, 0xE16F, 0xE16F, 0xE16F,
  0xE16F, 0xE16F, 0xE16F, 0xE16F, 0xE06F, 0xE06F, 0xE06F, 0xE067, 0xA047, 0xC02E, 0xE026, 0xE026,
  0xE026, 0xE026, 0xE026, 0x0027, 0x0027, 0xE026, 0x4016, 0x401E, 0x001E, 0x8005, 0x800D, 0x4005,
  0x6015, 0x6015, 0x601D, 0x201D, 0x2015, 0x200D, 0x2005, 0x2305, 0xFF07, 0xFF07, 0xFF07, 0xFF07,
  0xFF07, 0xFF07, 0xFF07, 0xFF07, 0xFF07, 0xFF07, 0xFF07, 0xFF07, 0xFF07, 0xFF07, 0xFF07, 0xFF07,
  0xFF07, 0xFF07, 0xFF07, 0xFF07, 0xFF07, 0xFF07, 0xFF07, 0xFF07, 0xFF07, 0xFF07, 0xFF07, 0xFF07,
  0xFF07, 0xFF07, 0xFF07, 0xFF07, 0xFF07, 0xFF07, 0xFF07, 0xFF07, 0xFF07, 0xFF07, 0xFF07, 0xFF07,
  0xFF07, 0xFF07, 0xFF07, 0xFF07, 0xFF07, 0xFF07, 0xFF07, 0xFF07, 0xFF07, 0xFF07, 0xFF07, 0xFF07,
  0xFF07, 0xFF07, 0xFF07, 0xFF07, 0xFF07, 0xFF07, 0xFF07, 0xFF07, 0xFF07, 0xFF07, 0xFF07, 0xFF07,
  0xE06F, 0xE16F, 0xE177, 0xE277, 0xE277, 0xE277, 0xE277, 0xE277, 0xE277, 0xE277, 0xE277, 0xE277,
  0xE277, 0xE277, 0xE277, 0xE277, 0xE16F, 0xE16F, 0xE16F, 0xE16F, 0xE16F, 0xE16F, 0xE16F, 0xE16F,
  0xE16F, 0xE16F, 0xE16F, 0xE16F, 0xE16F, 0xE06F, 0xE06F, 0xE067, 0xA047, 0xC02E, 0xE026, 0xE026,
  0xE026, 0xE026, 0x0027, 0x0027, 0x202F, 0x6016, 0x6016, 0x2016, 0x001E, 0xA00D, 0x4005, 0x800D,
  0x6015, 0x4015, 0x4015, 0x401D, 0x0015, 0x000D, 0x4005, 0xA016, 0xF607, 0xF707, 0xFB07, 0xFF07,
  0xFF07, 0xFF07, 0xFF07, 0xFF07, 0xFF07, 0xFF07, 0xFF07, 0xFF07, 0xFF07, 0xFF07, 0xFF07, 0xFF07,
  0xFF07, 0xFF07, 0xFF07, 0xFF07, 0xFF07, 0xFF07, 0xFF07, 0xFF07, 0xFF07, 0xFF07, 0xFF07, 0xFF07,
  0xFF07, 0xFF07, 0xFF07, 0xFF07, 0xFF07, 0xFF07, 0xFF07, 0xFF07, 0xFF07, 0xFF07, 0xFF07, 0xFF07,
  0xFF07, 0xFF07, 0xFF07, 0xFF07, 0xFF07, 0xFF07, 0xFF07, 0xFF07, 0xFF07, 0xFF07, 0xFF07, 0xFF07,
  0xFF07, 0xFF07, 0xFF07, 0xFF07, 0xFF07, 0xFF07, 0xFF07, 0xFF07, 0xFF07, 0xFF07, 0xFF07, 0xFF07,
  0xE06F, 0xE06F, 0xE177, 0xE177, 0xE277, 0xE277, 0xE277, 0xE277, 0xE277, 0xE277, 0xE277, 0xE277,
  0xE277, 0xE277, 0xE277, 0xE277, 0xE16F, 0xE16F, 0xE16F, 0xE16F, 0xE16F, 0xE16F, 0xE16F, 0xE16F,
  0xE16F, 0xE16F, 0xE16F, 0xE16F, 0xE177, 0xE06F, 0xE067, 0xE067, 0xA047, 0xC02E, 0xE026, 0xE026,
  0xE026, 0x0027, 0x0027, 0x002F, 0x202F, 0x4016, 0x6016, 0x4016, 0x8026, 0x800D, 0xA00D, 0x0005,
  0x8015, 0x4015, 0x4015, 0x4015, 0x4015, 0xE004, 0x400D, 0xE02E, 0xE147, 0xE237, 0xE827, 0xF20F,
  0xFF0F, 0xFF07, 0xFF07, 0xFF07, 0xFF07, 0xFF07, 0xFF07, 0xFF07, 0xFF07, 0xFF07, 0xFF07, 0xFF07,
  0xFF07, 0xFF07, 0xFF07, 0xFF07, 0xFF07, 0xFF07, 0xFF07, 0xFF07, 0xFF07, 0xFF07, 0xFF07, 0xFF07,
  0xFF07, 0xFF07, 0xFF07, 0xFF07, 0xFF07, 0xFF07, 0xFF07, 0xFF07, 0xFF07, 0xFF07, 0xFF07, 0xFF07,
  0xFF07, 0xFF07, 0xFF07, 0xFF07, 0xFF07, 0xFF07, 0xFF07, 0xFF07, 0xFF07, 0xFF07, 0xFF07, 0xFF07,
  0xFF07, 0xFF07, 0xFF07, 0xFF07, 0xFF07, 0xFF07, 0xFF07, 0xFF07, 0xFF07, 0xFF07, 0xFF07, 0xFF07,
  0xE06F, 0xE16F, 0xE177, 0xE277, 0xE277, 0xE277, 0xE277, 0xE277, 0xE277, 0xE277, 0xE277, 0xE277,
  0xE277, 0xE277, 0xE277, 0xE277, 0xE16F, 0xE16F, 0xE16F, 0xE16F, 0xE16F, 0xE16F, 0xE16F, 0xE16F,
  0xE06F, 0xE16F, 0xE16F, 0xE16F, 0xE06F, 0xE06F, 0xE05F, 0xE05F, 0xA047, 0xE02E, 0xE026, 0x0027,
  0xE026, 0xE026, 0x0027, 0xE02E, 0xC026, 0x6016, 0x4016, 0x401E, 0xC02E, 0x8026, 0x4026, 0x800D,
  0x6015, 0x400D, 0x6015, 0x0005, 0x8015, 0x6005, 0xA357, 0x204F, 0xE07F, 0xE06F, 0xE05F, 0xC13F,
  0x2217, 0x831F, 0xE11F, 0xE50F, 0xFF07, 0xFF07, 0xFF07, 0xFF07, 0xFF07, 0xFF07, 0xFF07, 0xFF07,
  0xFF07, 0xFF07, 0xFF07, 0xFF07, 0xFF07, 0xFF07, 0xFF07, 0xFF07, 0xFF07, 0xFF07, 0xFF07, 0xFF07,
  0xFF07, 0xFF07, 0xFF07, 0xFF07, 0xFF07, 0xFF07, 0xFF07, 0xFF07, 0xFF07, 0xFF07, 0xFF07, 0xFF07,
  0xFF07, 0xFF07, 0xFF07, 0xFF07, 0xFF07, 0xFF07, 0xFF07, 0xFF07, 0xFF07, 0xFF07, 0xFF07, 0xFF07,
  0xFF07, 0xFF07, 0xFF07, 0xFF07, 0xFF07, 0xFF07, 0xFF07, 0xFF07, 0xFF07, 0xFF07, 0xFF07, 0xFF07,
  0xE277, 0xE277, 0xE277, 0xE277, 0xE277, 0xE277, 0xE277, 0xE277, 0xE277, 0xE277, 0xE277, 0xE277,
  0xE277, 0xE277, 0xE277, 0xE277, 0xE16F, 0xE16F, 0xE16F, 0xE16F, 0xE16F, 0xE16F, 0xE16F, 0xE16F,
  0xE06F, 0xE077, 0xE077, 0xE077, 0xE067, 0xE26F, 0xE057, 0xE157, 0x603F, 0x002F, 0x002F, 0xE02E,
  0x2037, 0x801E, 0x2037, 0x0016, 0x401E, 0x401E, 0x401E, 0xC036, 0x201E, 0x4005, 0xE015, 0x6005,
  0x6015, 0x200D, 0x600D, 0x4005, 0x6005, 0x8026, 0xE15F, 0xE05F, 0xE057, 0xA04F, 0xC04F, 0x2037,
  0x002F, 0xE01E, 0x6037, 0xA137, 0x2C17, 0xFF17, 0xFF07, 0xFF07, 0xFF07, 0xFF07, 0xFF07, 0xFF07,
  0xFF07, 0xFF07, 0xFF07, 0xFF07, 0xFF07, 0xFF07, 0xFF07, 0xFF07, 0xFF07, 0xFF07, 0xFF07, 0xFF07,
  0xFF07, 0xFF07, 0xFF07, 0xFF07, 0xFF07, 0xFF07, 0xFF07, 0xFF07, 0xFF07, 0xFF07, 0xFF07, 0xFF07,
  0xFF07, 0xFF07, 0xFF07, 0xFF07, 0xFF07, 0xFF07, 0xFF07, 0xFF07, 0xFF07, 0xFF07, 0xFF07, 0xFF07,
  0xFF07, 0xFF07, 0xFF07, 0xFF07, 0xFF07, 0xFF07, 0xFF07, 0xFF07, 0xFF07, 0xFF07, 0xFF07, 0xFF07,
  0xE277, 0xE277, 0xE277, 0xE277, 0xE277, 0xE277, 0xE277, 0xE277, 0xE277, 0xE277, 0xE277, 0xE277,
  0xE277, 0xE277, 0xE277, 0xE277, 0xE16F, 0xE16F, 0xE16F, 0xE16F, 0xE16F, 0xE16F, 0xE16F, 0xE16F,
  0xE06F, 0xE06F, 0xE16F, 0xE277, 0xE05F, 0xE057, 0xA026, 0x4037, 0xC01E, 0xC026, 0x002F, 0x0027,
  0x4037, 0xC01E, 0xE026, 0x2016, 0x8005, 0xA00D, 0x2005, 0x8026, 0x6026, 0x401E, 0x8005, 0x4005,
  0x400D, 0x2005, 0x4005, 0x2005, 0xC036, 0xC04F, 0xE267, 0xE167, 0xE267, 0xC02E, 0xA00D, 0x201E,
  0xA026, 0xE02E, 0xC02E, 0xA005, 0xE005, 0xC205, 0xFF07, 0xFF07, 0xFF07, 0xFF07, 0xFF07, 0xFF07,
  0xFF07, 0xFF07, 0xFF07, 0xFF07, 0xFF07, 0xFF07, 0xFF07, 0xFF07, 0xFF07, 0xFF07, 0xFF07, 0xFF07,
  0xFF07, 0xFF07, 0xFF07, 0xFF07, 0xFF07, 0xFF07, 0xFF07, 0xFF07, 0xFF07, 0xFF07, 0xFF07, 0xFF07,
  0xFF07, 0xFF07, 0xFF07, 0xFF07, 0xFF07, 0xFF07, 0xFF07, 0xFF07, 0xFF07, 0xFF07, 0xFF07, 0xFF07,
  0xFF07, 0xFF07, 0xFF07, 0xFF07, 0xFF07, 0xFF07, 0xFF07, 0xFF07, 0xFF07, 0xFF07, 0xFF07, 0xFF07,
  0xE277, 0xE277, 0xE277, 0xE277, 0xE277, 0xE277, 0xE277, 0xE277, 0xE277, 0xE277, 0xE277, 0xE277,
  0xE277, 0xE277, 0xE277, 0xE277, 0xE16F, 0xE16F, 0xE16F, 0xE16F, 0xE16F, 0xE16F, 0xE16F, 0xE16F,
  0xE167, 0xE16F, 0xE067, 0x0037, 0x403F, 0x0005, 0x601E, 0x202F, 0xE026, 0xE026, 0xE026, 0x0027,
  0x6016, 0xE24F, 0x6016, 0x4005, 0x001E, 0x800D, 0xE015, 0x6005, 0xA00D, 0x4005, 0xE004, 0x0005,
  0x2005, 0x4005, 0x800D, 0xA00D, 0x6005, 0xA005, 0xC02E, 0xC04F, 0x201E, 0xE015, 0x6005, 0x8005,
  0x600D, 0x2005, 0xC01D, 0x400D, 0xE015, 0xC005, 0xFD1F, 0xFF07, 0xFF07, 0xFF07, 0xFF07, 0xFF07,
  0xFF07, 0xFF07, 0xFF07, 0xFF07, 0xFF07, 0xFF07, 0xFF07, 0xFF07, 0xFF07, 0xFF07, 0xFF07, 0xFF07,
  0xFF07, 0xFF07, 0xFF07, 0xFF07, 0xFF07, 0xFF07, 0xFF07, 0xFF07, 0xFF07, 0xFF07, 0xFF07, 0xFF07,
  0xFF07, 0xFF07, 0xFF07, 0xFF07, 0xFF07, 0xFF07, 0xFF07, 0xFF07, 0xFF07, 0xFF07, 0xFF07, 0xFF07,
  0xFF07, 0xFF07, 0xFF07, 0xFF07, 0xFF07, 0xFF07, 0xFF07, 0xFF07, 0xFF07, 0xFF07, 0xFF07, 0xFF07,
  0xE277, 0xE277, 0xE277, 0xE277, 0xE277, 0xE277, 0xE277, 0xE277, 0xE277, 0xE277, 0xE277, 0xE277,
  0xE277, 0xE277, 0xE277, 0xE277, 0xE16F, 0xE16F, 0xE16F, 0xE16F, 0xE16F, 0xE16F, 0xE16F, 0xE16F,
  0xE167, 0xE167, 0xE267, 0x0037, 0x4005, 0xC00D, 0xA005, 0xA13F, 0xE026, 0xE026, 0xE026, 0xE026,
  0x200E, 0xA01E, 0x8005, 0x2016, 0x2005, 0x4005, 0xC004, 0x600D, 0x4005, 0xA015, 0x800D, 0x2005,
  0x2005, 0x2005, 0x4005, 0xC036, 0x8005, 0x0037, 0xC026, 0xC005, 0xE257, 0x0005, 0x2005, 0xA00D,
  0x200D, 0x6015, 0xE00C, 0x201D, 0xE01C, 0xE004, 0xFA37, 0xFF07, 0xFF07, 0xFF07, 0xFF07, 0xFF07,
  0xFF07, 0xFF07, 0xFF07, 0xFF07, 0xFF07, 0xFF07, 0xFF07, 0xFF07, 0xFF07, 0xFF07, 0xFF07, 0xFF07,
  0xFF07, 0xFF07, 0xFF07, 0xFF07, 0xFF07, 0xFF07, 0xFF07, 0xFF07, 0xFF07, 0xFF07, 0xFF07, 0xFF07,
  0xFF07, 0xFF07, 0xFF07, 0xFF07, 0xFF07, 0xFF07, 0xFF07, 0xFF07, 0xFF07, 0xFF07, 0xFF07, 0xFF07,
  0xFF07, 0xFF07, 0xFF07, 0xFF07, 0xFF07, 0xFF07, 0xFF07, 0xFF07, 0xFF07, 0xFF07, 0xFF07, 0xFF07,
  0xE277, 0xE277, 0xE277, 0xE277, 0xE277, 0xE277, 0xE277, 0xE277, 0xE277, 0xE277, 0xE277, 0xE277,
  0xE277, 0xE277, 0xE16F, 0xE16F, 0xE16F, 0xE16F, 0xE16F, 0xE16F, 0xE16F, 0xE16F, 0xE16F, 0xE16F,
  0xE06F, 0xE277, 0xE05F, 0xA02E, 0xA026, 0x6005, 0xE00D, 0x2005, 0x413F, 0x413F, 0x8005, 0x401E,
  0x8005, 0xE00D, 0x8026, 0xE467, 0xE36F, 0xE46F, 0xE467, 0x001E, 0x2005, 0x800D, 0x2005, 0x2005,
  0x4005, 0x2005, 0x4005, 0x6005, 0xA004, 0x8005, 0x8005, 0x2037, 0x8005, 0x4005, 0x2005, 0x2005,
  0x200D, 0xE00C, 0x000D, 0x201D, 0xE024, 0x8004, 0x4305, 0x8D05, 0xFF07, 0xFF07, 0xFF07, 0xFF07,
  0xFF07, 0xFF07, 0xFF07, 0xFF07, 0xFF07, 0xFF07, 0xFF07, 0xFF07, 0xFF07, 0xFF07, 0xFF07, 0xFF07,
  0xFF07, 0xFF07, 0xFF07, 0xFF07, 0xFF07, 0xFF07, 0xFF07, 0xFF07, 0xFF07, 0xFF07, 0xFF07, 0xFF07,
  0xFF07, 0xFF07, 0xFF07, 0xFF07, 0xFF07, 0xFF07, 0xFF07, 0xFF07, 0xFF07, 0xFF07, 0xFF07, 0xFF07,
  0xFF07, 0xFF07, 0xFF07, 0xFF07, 0xFF07, 0xFF07, 0xFF07, 0xFF07, 0xFF07, 0xFF07, 0xFF07, 0xFF07,
  0xE277, 0xE277, 0xE277, 0xE277, 0xE277, 0xE277, 0xE277, 0xE277, 0xE277, 0xE277, 0xE277, 0xE277,
  0xE277, 0xE277, 0xE16F, 0xE16F, 0xE16F, 0xE16F, 0xE16F, 0xE16F, 0xE16F, 0xE16F, 0xE16F, 0xE16F,
  0xE077, 0xE067, 0xE167, 0xC02E, 0x2037, 0x601E, 0xE015, 0xE015, 0xC357, 0xE357, 0xC00D, 0xA00D,
  0x201E, 0x8005, 0xE00D, 0xA02E, 0xE277, 0xE26F, 0xE57F, 0x4005, 0x2005, 0x4005, 0x0005, 0x4005,
  0x4005, 0x2005, 0x2005, 0x4005, 0x4005, 0x6005, 0xA026, 0xE00D, 0x4005, 0x4005, 0x2005, 0x2005,
  0x200D, 0x4015, 0x200D, 0x000D, 0x0015, 0x201D, 0x8005, 0xE005, 0xDF07, 0xFF07, 0xFF07, 0xFF07,
  0xFF07, 0xFF07, 0xFF07, 0xFF07, 0xFF07, 0xFF07, 0xFF07, 0xFF07, 0xFF07, 0xFF07, 0xFF07, 0xFF07,
  0xFF07, 0xFF07, 0xFF07, 0xFF07, 0xFF07, 0xFF07, 0xFF07, 0xFF07, 0xFF07, 0xFF07, 0xFF07, 0xFF07,
  0xFF07, 0xFF07, 0xFF07, 0xFF07, 0xFF07, 0xFF07, 0xFF07, 0xFF07, 0xFF07, 0xFF07, 0xFF07, 0xFF07,
  0xFF07, 0xFF07, 0xFF07, 0xFF07, 0xFF07, 0xFF07, 0xFF07, 0xFF07, 0xFF07, 0xFF07, 0xFF07, 0xFF07,
  0xE277, 0xE277, 0xE277, 0xE277, 0xE277, 0xE277, 0xE277, 0xE277, 0xE277, 0xE277, 0xE277, 0xE277,
  0xE277, 0xE277, 0xE16F, 0xE16F, 0xE16F, 0xE16F, 0xE16F, 0xE16F, 0xE16F, 0xE16F, 0xE16F, 0xE177,
  0xE077, 0xE067, 0xE277, 0x8005, 0xE015, 0x800D, 0xA00D, 0x400D, 0x6005, 0x600D, 0xA00D, 0x2005,
  0x0005, 0x203F, 0xE36F, 0xE05F, 0xE277, 0xE277, 0xE377, 0x2005, 0x2005, 0xA00D, 0x2005, 0x2005,
  0x4005, 0x4005, 0x2005, 0x2005, 0x2016, 0x6005, 0x603F, 0xE005, 0x4005, 0x2005, 0x2005, 0x2005,
  0x0005, 0xA015, 0x8015, 0x2005, 0x400D, 0xE01C, 0x401D, 0x8005, 0xFF07, 0xFF07, 0xFF07, 0xFF07,
  0xFF07, 0xFF07, 0xFF07, 0xFF07, 0xFF07, 0xFF07, 0xFF07, 0xFF07, 0xFF07, 0xFF07, 0xFF07, 0xFF07,
  0xFF07, 0xFF07, 0xFF07, 0xFF07, 0xFF07, 0xFF07, 0xFF07, 0xFF07, 0xFF07, 0xFF07, 0xFF07, 0xFF07,
  0xFF07, 0xFF07, 0xFF07, 0xFF07, 0xFF07, 0xFF07, 0xFF07, 0xFF07, 0xFF07, 0xFF07, 0xFF07, 0xFF07,
  0xFF07, 0xFF07, 0xFF07, 0xFF07, 0xFF07, 0xFF07, 0xFF07, 0xFF07, 0xFF07, 0xFF07, 0xFF07, 0xFF07,
  0xE277, 0xE277, 0xE277, 0xE277, 0xE277, 0xE277, 0xE277, 0xE277, 0xE277, 0xE277, 0xE277, 0xE277,
  0xE277, 0xE277, 0xE16F, 0xE16F, 0xE16F, 0xE16F, 0xE16F, 0xE16F, 0xE16F, 0xE16F, 0xE26F, 0xE16F,
  0xE067, 0xE16F, 0xE05F, 0xE015, 0x2016, 0xE01D, 0xC015, 0x800D, 0x800D, 0xA015, 0x400D, 0x0026,
  0x8015, 0xE01D, 0xE167, 0xE16F, 0xE177, 0xE177, 0xE16F, 0x0005, 0x2005, 0x6005, 0x0005, 0x4005,
  0x6005, 0x2005, 0x2005, 0x4005, 0x4005, 0x4005, 0x6037, 0x401E, 0x4005, 0x2005, 0x4005, 0xE004,
  0xE004, 0x4147, 0xE015, 0x2005, 0xE004, 0xC01C, 0x8014, 0x2605, 0xFF07, 0xFF07, 0xFF07, 0xFF07,
  0xFF07, 0xFF07, 0xFF07, 0xFF07, 0xFF07, 0xFF07, 0xFF07, 0xFF07, 0xFF07, 0xFF07, 0xFF07, 0xFF07,
  0xFF07, 0xFF07, 0xFF07, 0xFF07, 0xFF07, 0xFF07, 0xFF07, 0xFF07, 0xFF07, 0xFF07, 0xFF07, 0xFF07,
  0xFF07, 0xFF07, 0xFF07, 0xFF07, 0xFF07, 0xFF07, 0xFF07, 0xFF07, 0xFF07, 0xFF07, 0xFF07, 0xFF07,
  0xFF07, 0xFF07, 0xFF07, 0xFF07, 0xFF07, 0xFF07, 0xFF07, 0xFF07, 0xFF07, 0xFF07, 0xFF07, 0xFF07,
  0xE277, 0xE277, 0xE277, 0xE277, 0xE277, 0xE277, 0xE277, 0xE277, 0xE277, 0xE277, 0xE277, 0xE277,
  0xE277, 0xE16F, 0xE16F, 0xE16F, 0xE177, 0xE177, 0xE16F, 0xE167, 0x0037, 0xE02E, 0xE026, 0xE026,
  0xE25F, 0x0005, 0x4005, 0x401E, 0xA005, 0xE015, 0x401E, 0x6047, 0x8026, 0x0037, 0xE477, 0xE05F,
  0xE26F, 0xE16F, 0xE277, 0xE277, 0xE177, 0xE06F, 0xE06F, 0xE067, 0xE26F, 0x0005, 0x6005, 0x4005,
  0x2005, 0x2005, 0x2005, 0x2005, 0x2005, 0x2005, 0x2005, 0x2005, 0x2005, 0x2005, 0x2005, 0x2005,
  0x2005, 0x2005, 0x2005, 0x2005, 0xE014, 0xA014, 0xE014, 0x0305, 0xFF07, 0xFF07, 0xFF07, 0xFF07,
  0xFF07, 0xFF07, 0xFF07, 0xFF07, 0xFF07, 0xFF07, 0xFF07, 0xFF07, 0xFF07, 0xFF07, 0xFF07, 0xFF07,
  0xFF07, 0xFF07, 0xFF07, 0xFF07, 0xFF07, 0xFF07, 0xFF07, 0xFF07, 0xFF07, 0xFF07, 0xFF07, 0xFF07,
  0xFF07, 0xFF07, 0xFF07, 0xFF07, 0xFF07, 0xFF07, 0xFF07, 0xFF07, 0xFF07, 0xFF07, 0xFF07, 0xFF07,
  0xFF07, 0xFF07, 0xFF07, 0xFF07, 0xFF07, 0xFF07, 0xFF07, 0xFF07, 0xFF07, 0xFF07, 0xFF07, 0xFF07,
  0xE277, 0xE277, 0xE277, 0xE277, 0xE277, 0xE277, 0xE277, 0xE277, 0xE277, 0xE277, 0xE277, 0xE277,
  0xE277, 0xE16F, 0xE16F, 0xE16F, 0xE177, 0xE177, 0xE16F, 0xE167, 0x0037, 0x0037, 0xC026, 0x0027,
  0x603F, 0x403F, 0x002F, 0x002F, 0xE02E, 0xC02E, 0x6047, 0xE15F, 0xE057, 0x203F, 0xE267, 0xE277,
  0xE26F, 0xE16F, 0xE06F, 0xE06F, 0xE177, 0xE06F, 0xE06F, 0xE06F, 0xE05F, 0x6026, 0x6026, 0xE004,
  0x2005, 0x2005, 0x2005, 0x2005, 0x2005, 0x2005, 0x2005, 0x2005, 0x2005, 0x2005, 0x2005, 0x2005,
  0x2005, 0x2005, 0x2005, 0x4005, 0x4005, 0x200D, 0x4015, 0x0005, 0xFF07, 0xFF07, 0xFF07, 0xFF07,
  0xFF07, 0xFF07, 0xFF07, 0xFF07, 0xFF07, 0xFF07, 0xFF07, 0xFF07, 0xFF07, 0xFF07, 0xFF07, 0xFF07,
  0xFF07, 0xFF07, 0xFF07, 0xFF07, 0xFF07, 0xFF07, 0xFF07, 0xFF07, 0xFF07, 0xFF07, 0xFF07, 0xFF07,
  0xFF07, 0xFF07, 0xFF07, 0xFF07, 0xFF07, 0xFF07, 0xFF07, 0xFF07, 0xFF07, 0xFF07, 0xFF07, 0xFF07,
  0xFF07, 0xFF07, 0xFF07, 0xFF07, 0xFF07, 0xFF07, 0xFF07, 0xFF07, 0xFF07, 0xFF07, 0xFF07, 0xFF07,
  0xE277, 0xE277, 0xE277, 0xE277, 0xE277, 0xE277, 0xE277, 0xE277, 0xE277, 0xE277, 0xE277, 0xE277,
  0xE277, 0xE16F, 0xE16F, 0xE16F, 0xE177, 0xE177, 0xE16F, 0xE167, 0xE02E, 0xE02E, 0xC026, 0x0027,
  0xE026, 0x0037, 0x002F, 0xC02E, 0x8047, 0xE367, 0xE167, 0xE167, 0xE167, 0xE167, 0xE16F, 0xE277,
  0xE177, 0xE06F, 0xE06F, 0xE06F, 0xE077, 0xE06F, 0xE077, 0xE16F, 0xE067, 0xE46F, 0xE35F, 0x2005,
  0x2005, 0x2005, 0x2005, 0x2005, 0x2005, 0x2005, 0x2005, 0x2005, 0x2005, 0x2005, 0x2005, 0x2005,
  0x2005, 0x2005, 0x2005, 0x2005, 0x2005, 0x2005, 0x6005, 0x2005, 0xFF07, 0xFF07, 0xFF07, 0xFF07,
  0xFF07, 0xFF07, 0xFF07, 0xFF07, 0xFF07, 0xFF07, 0xFF07, 0xFF07, 0xFF07, 0xFF07, 0xFF07, 0xFF07,
  0xFF07, 0xFF07, 0xFF07, 0xFF07, 0xFF07, 0xFF07, 0xFF07, 0xFF07, 0xFF07, 0xFF07, 0xFF07, 0xFF07,
  0xFF07, 0xFF07, 0xFF07, 0xFF07, 0xFF07, 0xFF07, 0xFF07, 0xFF07, 0xFF07, 0xFF07, 0xFF07, 0xFF07,
  0xFF07, 0xFF07, 0xFF07, 0xFF07, 0xFF07, 0xFF07, 0xFF07, 0xFF07, 0xFF07, 0xFF07, 0xFF07, 0xFF07,
  0xE277, 0xE277, 0xE277, 0xE277, 0xE277, 0xE277, 0xE277, 0xE277, 0xE277, 0xE277, 0xE277, 0xE277,
  0xE277, 0xE16F, 0xE16F, 0xE16F, 0xE177, 0xE177, 0xE16F, 0xE167, 0xA02E, 0xC02E, 0xE026, 0x0027,
  0x002F, 0xC026, 0xC02E, 0x2037, 0xC02E, 0xE057, 0xE067, 0xE05F, 0xE06F, 0xE067, 0xE067, 0xE067,
  0xE06F, 0xE06F, 0xE06F, 0xE06F, 0xE177, 0xE06F, 0xE177, 0xE16F, 0xE167, 0xA004, 0x2005, 0x0005,
  0x2005, 0x2005, 0x2005, 0x2005, 0x2005, 0x2005, 0x2005, 0x2005, 0x2005, 0x2005, 0x2005, 0x2005,
  0x2005, 0x2005, 0x2005, 0x2005, 0xE004, 0x2005, 0x2005, 0xC104, 0xFF07, 0xFF07, 0xFF07, 0xFF07,
  0xFF07, 0xFF07, 0xFF07, 0xFF07, 0xFF07, 0xFF07, 0xFF07, 0xFF07, 0xFF07, 0xFF07, 0xFF07, 0xFF07,
  0xFF07, 0xFF07, 0xFF07, 0xFF07, 0xFF07, 0xFF07, 0xFF07, 0xFF07, 0xFF07, 0xFF07, 0xFF07, 0xFF07,
  0xFF07, 0xFF07, 0xFF07, 0xFF07, 0xFF07, 0xFF07, 0xFF07, 0xFF07, 0xFF07, 0xFF07, 0xFF07, 0xFF07,
  0xFF07, 0xFF07, 0xFF07, 0xFF07, 0xFF07, 0xFF07, 0xFF07, 0xFF07, 0xFF07, 0xFF07, 0xFF07, 0xFF07,
  0xE277, 0xE277, 0xE277, 0xE277, 0xE277, 0xE277, 0xE277, 0xE277, 0xE277, 0xE277, 0xE277, 0xE277,
  0xE16F, 0xE16F, 0xE16F, 0xE16F, 0xE177, 0xE177, 0xE06F, 0xE167, 0xE036, 0x002F, 0xE026, 0xE026,
  0xE026, 0xE026, 0x002F, 0x4037, 0x0037, 0xE067, 0xE05F, 0xE05F, 0xE077, 0xE177, 0xE06F, 0xE06F,
  0xE06F, 0xE177, 0xE16F, 0xE06F, 0xE177, 0xE06F, 0xE167, 0xE267, 0xE687, 0x600D, 0x0005, 0x2005,
  0x4005, 0x2005, 0x4005, 0x2005, 0x2005, 0x2005, 0x2005, 0x2005, 0x2005, 0x2005, 0x2005, 0x0005,
  0x2005, 0x0005, 0x2005, 0x2005, 0x000D, 0x2005, 0x2005, 0xC304, 0xFF07, 0xFF07, 0xFF07, 0xFF07,
  0xFF07, 0xFF07, 0xFF07, 0xFF07, 0xFF07, 0xFF07, 0xFF07, 0xFF07, 0xFF07, 0xFF07, 0xFF07, 0xFF07,
  0xFF07, 0xFF07, 0xFF07, 0xFF07, 0xFF07, 0xFF07, 0xFF07, 0xFF07, 0xFF07, 0xFF07, 0xFF07, 0xFF07,
  0xFF07, 0xFF07, 0xFF07, 0xFF07, 0xFF07, 0xFF07, 0xFF07, 0xFF07, 0xFF07, 0xFF07, 0xFF07, 0xFF07,
  0xFF07, 0xFF07, 0xFF07, 0xFF07, 0xFF07, 0xFF07, 0xFF07, 0xFF07, 0xFF07, 0xFF07, 0xFF07, 0xFF07,
  0xE277, 0xE277, 0xE277, 0xE277, 0xE277, 0xE277, 0xE277, 0xE277, 0xE277, 0xE277, 0xE277, 0xE277,
  0xE16F, 0xE16F, 0xE16F, 0xE16F, 0xE177, 0xE06F, 0xE067, 0xE05F, 0xE02E, 0xE02E, 0xE026, 0xC01E,
  0xE026, 0xE026, 0x202F, 0xE04F, 0xE04F, 0xE05F, 0xE067, 0xE05F, 0xE06F, 0xE06F, 0xE067, 0xE067,
  0xE26F, 0xE26F, 0x8047, 0x403F, 0xE02E, 0x401E, 0xC02E, 0xC02E, 0xA02E, 0x4005, 0x4005, 0x2005,
  0x0005, 0x4005, 0x2005, 0x4005, 0x2005, 0x2005, 0x2005, 0x2005, 0x2005, 0x2005, 0x0005, 0xE004,
  0x0005, 0xE004, 0x2005, 0x2005, 0x000D, 0x6005, 0x200D, 0x200D, 0x8805, 0xF605, 0xFF07, 0xFF07,
  0xFF07, 0xFF07, 0xFF07, 0xFF07, 0xFF07, 0xFF07, 0xFF07, 0xFF07, 0xFF07, 0xFF07, 0xFF07, 0xFF07,
  0xFF07, 0xFF07, 0xFF07, 0xFF07, 0xFF07, 0xFF07, 0xFF07, 0xFF07, 0xFF07, 0xFF07, 0xFF07, 0xFF07,
  0xFF07, 0xFF07, 0xFF07, 0xFF07, 0xFF07, 0xFF07, 0xFF07, 0xFF07, 0xFF07, 0xFF07, 0xFF07, 0xFF07,
  0xFF07, 0xFF07, 0xFF07, 0xFF07, 0xFF07, 0xFF07, 0xFF07, 0xFF07, 0xFF07, 0xFF07, 0xFF07, 0xFF07,
  0xE277, 0xE277, 0xE277, 0xE277, 0xE16F, 0xE16F, 0xE16F, 0xE16F, 0xE16F, 0xE16F, 0xE16F, 0xE16F,
  0xE16F, 0xE16F, 0xE06F, 0xE06F, 0xE077, 0xE06F, 0xE067, 0xE15F, 0xC02E, 0xE02E, 0xE026, 0xE026,
  0xE01E, 0xE026, 0x0027, 0xE057, 0xE05F, 0xE05F, 0xE067, 0xE06F, 0xE067, 0xE16F, 0xE05F, 0xE167,
  0xE15F, 0xE15F, 0x2037, 0x2037, 0x002F, 0xE02E, 0x601E, 0xE02E, 0x401E, 0x2005, 0x0005, 0x2005,
  0x2005, 0x2005, 0x2005, 0xC004, 0x2005, 0x2005, 0x2005, 0x2005, 0x2005, 0x2005, 0x0005, 0x0005,
  0xE004, 0xE004, 0x0005, 0x0005, 0x2005, 0x6005, 0x000D, 0x0025, 0x6005, 0x0105, 0xFF3F, 0xFF07,
  0xFF07, 0xFF07, 0xFF07, 0xFF07, 0xFF07, 0xFF07, 0xFF07, 0xFF07, 0xFF07, 0xFF07, 0xFF07, 0xFF07,
  0xFF07, 0xFF07, 0xFF07, 0xFF07, 0xFF07, 0xFF07, 0xFF07, 0xFF07, 0xFF07, 0xFF07, 0xFF07, 0xFF07,
  0xFF07, 0xFF07, 0xFF07, 0xFF07, 0xFF07, 0xFF07, 0xFF07, 0xFF07, 0xFF07, 0xFF07, 0xFF07, 0xFF07,
  0xFF07, 0xFF07, 0xFF07, 0xFF07, 0xFF07, 0xFF07, 0xFF07, 0xFF07, 0xFF07, 0xFF07, 0xFF07, 0xFF07,
  0xE277, 0xE277, 0xE277, 0xE277, 0xE16F, 0xE16F, 0xE16F, 0xE16F, 0xE16F, 0xE16F, 0xE16F, 0xE16F,
  0xE16F, 0xE16F, 0xE06F, 0xE06F, 0xE067, 0xE067, 0xE067, 0xE05F, 0x801E, 0xE026, 0xE026, 0x0027,
  0xC01E, 0x0027, 0xE02E, 0xE05F, 0xE05F, 0xE05F, 0xE067, 0xE067, 0xE05F, 0xE167, 0x403F, 0x0037,
  0xA026, 0xC02E, 0xE02E, 0x0027, 0xC01E, 0x202F, 0x603F, 0x2005, 0x8005, 0x8005, 0x6005, 0x4005,
  0x2005, 0x4005, 0x203F, 0x213F, 0x2005, 0x2005, 0x2005, 0x2005, 0x0005, 0xE004, 0xE004, 0x0005,
  0xE004, 0xE004, 0xE004, 0x0005, 0x4005, 0x4005, 0xC00C, 0xA024, 0x4005, 0x8025, 0x0005, 0x8D06,
  0xFF07, 0xFF07, 0xFF07, 0xFF07, 0xFF07, 0xFF07, 0xFF07, 0xFF07, 0xFF07, 0xFF07, 0xFF07, 0xFF07,
  0xFF07, 0xFF07, 0xFF07, 0xFF07, 0xFF07, 0xFF07, 0xFF07, 0xFF07, 0xFF07, 0xFF07, 0xFF07, 0xFF07,
  0xFF07, 0xFF07, 0xFF07, 0xFF07, 0xFF07, 0xFF07, 0xFF07, 0xFF07, 0xFF07, 0xFF07, 0xFF07, 0xFF07,
  0xFF07, 0xFF07, 0xFF07, 0xFF07, 0xFF07, 0xFF07, 0xFF07, 0xFF07, 0xFF07, 0xFF07, 0xFF07, 0xFF07,
  0xE16F, 0xE16F, 0xE16F, 0xE16F, 0xE16F, 0xE16F, 0xE16F, 0xE16F, 0xE177, 0xE16F, 0xE16F, 0xE167,
  0xE067, 0xE067, 0xE06F, 0xE077, 0xE05F, 0xE067, 0xE15F, 0x403F, 0x0037, 0xC026, 0x0027, 0xE026,
  0xC01E, 0x603F, 0x603F, 0xE05F, 0xE067, 0xE06F, 0xE067, 0xE06F, 0xE05F, 0xE05F, 0xE02E, 0x801E,
  0x0027, 0x0027, 0x0027, 0xE026, 0x4016, 0x6016, 0x000E, 0x8005, 0x4005, 0x2005, 0x2005, 0x2005,
  0xE015, 0x4005, 0xA00D, 0x203F, 0x4005, 0x4005, 0x4005, 0x4005, 0x2005, 0xE004, 0xE004, 0x0005,
  0xE004, 0xE004, 0xE004, 0xE004, 0x0005, 0x2005, 0x2005, 0x4005, 0x2005, 0x200D, 0xE014, 0x4005,
  0xFF07, 0xFF07, 0xFF07, 0xFF07, 0xFF07, 0xFF07, 0xFF07, 0xFF07, 0xFF07, 0xFF07, 0xFF07, 0xFF07,
  0xFF07, 0xFF07, 0xFF07, 0xFF07, 0xFF07, 0xFF07, 0xFF07, 0xFF07, 0xFF07, 0xFF07, 0xFF07, 0xFF07,
  0xFF07, 0xFF07, 0xFF07, 0xFF07, 0xFF07, 0xFF07, 0xFF07, 0xFF07, 0xFF07, 0xFF07, 0xFF07, 0xFF07,
  0xFF07, 0xFF07, 0xFF07, 0xFF07, 0xFF07, 0xFF07, 0xFF07, 0xFF07, 0xFF07, 0xFF07, 0xFF07, 0xFF07,
  0xE16F, 0xE16F, 0xE16F, 0xE16F, 0xE16F, 0xE16F, 0xE16F, 0xE16F, 0xE177, 0xE06F, 0xE16F, 0xE167,
  0xE05F, 0xE02E, 0xE067, 0xE277, 0xE067, 0xE067, 0x403F, 0xA026, 0xC026, 0xC026, 0xE026, 0xE026,
  0xE026, 0xE15F, 0xE05F, 0xE067, 0xE067, 0xE06F, 0xE067, 0xE06F, 0xA04F, 0x601E, 0xE02E, 0xC01E,
  0xE026, 0xC026, 0xE02E, 0xC02E, 0xC147, 0xE005, 0xE004, 0x2005, 0x4005, 0x2005, 0x2005, 0x2005,
  0x203F, 0x0005, 0xE015, 0x203F, 0x4005, 0x4005, 0x4005, 0x4005, 0x0005, 0xE004, 0xE004, 0xE004,
  0xE004, 0xE004, 0xE004, 0xE004, 0xE004, 0x0005, 0x4005, 0x2005, 0x2005, 0xE00C, 0x0015, 0xE00C,
  0x2205, 0xFD1F, 0xFF07, 0xFF07, 0xFF07, 0xFF07, 0xFF07, 0xFF07, 0xFF07, 0xFF07, 0xFF07, 0xFF07,
  0xFF07, 0xFF07, 0xFF07, 0xFF07, 0xFF07, 0xFF07, 0xFF07, 0xFF07, 0xFF07, 0xFF07, 0xFF07, 0xFF07,
  0xFF07, 0xFF07, 0xFF07, 0xFF07, 0xFF07, 0xFF07, 0xFF07, 0xFF07, 0xFF07, 0xFF07, 0xFF07, 0xFF07,
  0xFF07, 0xFF07, 0xFF07, 0xFF07, 0xFF07, 0xFF07, 0xFF07, 0xFF07, 0xFF07, 0xFF07, 0xFF07, 0xFF07,
  0xE16F, 0xE16F, 0xE16F, 0xE16F, 0xE16F, 0xE16F, 0xE16F, 0xE16F, 0xE177, 0xE177, 0xE067, 0xE067,
  0xC02E, 0x0037, 0xC04F, 0xE167, 0xA047, 0x0037, 0xC02E, 0xE02E, 0xE026, 0xE026, 0xE026, 0xE026,
  0x002F, 0xE25F, 0xE05F, 0xE06F, 0xE067, 0xE067, 0xE16F, 0xE067, 0x403F, 0xC02E, 0x0027, 0xA01E,
  0x202F, 0x8026, 0x800D, 0x800D, 0xE00D, 0x8005, 0x2005, 0x8005, 0x4005, 0x2005, 0x2005, 0x2005,
  0xE015, 0x401E, 0xE004, 0x6004, 0x4005, 0x4005, 0x2005, 0x2005, 0xE004, 0xE004, 0xE004, 0xE004,
  0xE004, 0xE004, 0xE004, 0xE004, 0xE004, 0x0005, 0x2005, 0x2005, 0x2005, 0x200D, 0xE00C, 0xE014,
  0xA00C, 0x6F37, 0xFF07, 0xFF07, 0xFF07, 0xFF07, 0xFF07, 0xFF07, 0xFF07, 0xFF07, 0xFF07, 0xFF07,
  0xFF07, 0xFF07, 0xFF07, 0xFF07, 0xFF07, 0xFF07, 0xFF07, 0xFF07, 0xFF07, 0xFF07, 0xFF07, 0xFF07,
  0xFF07, 0xFF07, 0xFF07, 0xFF07, 0xFF07, 0xFF07, 0xFF07, 0xFF07, 0xFF07, 0xFF07, 0xFF07, 0xFF07,
  0xFF07, 0xFF07, 0xFF07, 0xFF07, 0xFF07, 0xFF07, 0xFF07, 0xFF07, 0xFF07, 0xFF07, 0xFF07, 0xFF07,
  0xE16F, 0xE16F, 0xE16F, 0xE16F, 0xE16F, 0xE16F, 0xE16F, 0xE16F, 0xE177, 0xE16F, 0xE05F, 0xE04F,
  0x2037, 0x8047, 0x8047, 0xE25F, 0xE04F, 0x2037, 0xA026, 0x0037, 0xE026, 0xE026, 0xC01E, 0x0027,
  0xE02E, 0xE05F, 0xE05F, 0xE05F, 0xE067, 0xE167, 0xE16F, 0xE26F, 0x603F, 0x002F, 0x0027, 0x6016,
  0x601E, 0xE015, 0x8015, 0x6015, 0xA00D, 0x4005, 0x4005, 0x4005, 0x4005, 0x2005, 0x2005, 0x2005,
  0x800D, 0x6147, 0x0005, 0x2005, 0x4005, 0x2005, 0x2005, 0x2005, 0xE004, 0xE004, 0xE004, 0xE004,
  0xE004, 0xE004, 0xE004, 0xE004, 0xE004, 0x0005, 0x0005, 0x2005, 0x2005, 0x0005, 0x2015, 0x200D,
  0xE004, 0xF3AF, 0xFFD7, 0xFFCF, 0xFF9F, 0xFF07, 0xFF07, 0xFF07, 0xFF07, 0xFF07, 0xFF07, 0xFF07,
  0xFF07, 0xFF07, 0xFF07, 0xFF07, 0xFF07, 0xFF07, 0xFF07, 0xFF07, 0xFF07, 0xFF07, 0xFF07, 0xFF07,
  0xFF07, 0xFF07, 0xFF07, 0xFF07, 0xFF07, 0xFF07, 0xFF07, 0xFF07, 0xFF07, 0xFF07, 0xFF07, 0xFF07,
  0xFF07, 0xFF07, 0xFF07, 0xFF07, 0xFF07, 0xFF07, 0xFF07, 0xFF07, 0xFF07, 0xFF07, 0xFF07, 0xFF07,
  0xE16F, 0xE16F, 0xE16F, 0xE16F, 0xE16F, 0xE16F, 0xE16F, 0xE16F, 0xE06F, 0xE177, 0xE15F, 0x002F,
  0x2037, 0xA026, 0x002F, 0x0037, 0xE02E, 0xC026, 0x002F, 0xC026, 0xE026, 0xE026, 0xE026, 0xE026,
  0xC026, 0xE15F, 0xE05F, 0xE067, 0xE05F, 0x403F, 0xC02E, 0xC026, 0x4037, 0xE01E, 0x202F, 0x6016,
  0xC026, 0x4026, 0x8015, 0x400D, 0xA00D, 0x8005, 0x4005, 0x4005, 0x2005, 0x2005, 0x2005, 0x2005,
  0x2005, 0xA00D, 0x2005, 0x0005, 0x4005, 0x4005, 0x2005, 0xE004, 0xE004, 0xE004, 0xE004, 0xE004,
  0xE004, 0xE004, 0xE004, 0xE004, 0xE004, 0xE004, 0x0005, 0x2005, 0x4005, 0x4005, 0x000D, 0x000D,
  0xC004, 0xF6C7, 0xFFF7, 0xFFEF, 0xFFDF, 0xFF9F, 0xFF07, 0xFF07, 0xFF07, 0xFF07, 0xFF07, 0xFF07,
  0xFF07, 0xFF07, 0xFF07, 0xFF07, 0xFF07, 0xFF07, 0xFF07, 0xFF07, 0xFF07, 0xFF07, 0xFF07, 0xFF07,
  0xFF07, 0xFF07, 0xFF07, 0xFF07, 0xFF07, 0xFF07, 0xFF07, 0xFF07, 0xFF07, 0xFF07, 0xFF07, 0xFF07,
  0xFF07, 0xFF07, 0xFF07, 0xFF07, 0xFF07, 0xFF07, 0xFF07, 0xFF07, 0xFF07, 0xFF07, 0xFF07, 0xFF07,
  0xE16F, 0xE16F, 0xE16F, 0xE16F, 0xE16F, 0xE16F, 0xE16F, 0xE16F, 0xE06F, 0xE16F, 0xE05F, 0x002F,
  0x0027, 0xC026, 0x002F, 0xE026, 0x002F, 0x002F, 0xC026, 0xE026, 0xE026, 0xE026, 0xE026, 0xE026,
  0x002F, 0xE05F, 0xE057, 0xE057, 0x603F, 0xE02E, 0x0027, 0x0027, 0xE026, 0xC01E, 0xC026, 0x4016,
  0xA026, 0x0016, 0x8015, 0x6015, 0x800D, 0x600D, 0x2005, 0x2005, 0x2005, 0x2005, 0x2005, 0x2005,
  0x4005, 0x4005, 0x2005, 0xE004, 0x4005, 0x2005, 0x0005, 0xE004, 0xE004, 0xE004, 0xE004, 0xE004,
  0xE004, 0xE004, 0xE004, 0xE004, 0xE004, 0xE004, 0xE004, 0x0005, 0x2005, 0x2005, 0x0005, 0xE014,
  0x6024, 0xF8B7, 0xFFCF, 0xFFE7, 0xFFF7, 0xFFCF, 0xFF97, 0xFF07, 0xFF07, 0xFF07, 0xFF07, 0xFF07,
  0xFF07, 0xFF07, 0xFF07, 0xFF07, 0xFF07, 0xFF07, 0xFF07, 0xFF07, 0xFF07, 0xFF07, 0xFF07, 0xFF07,
  0xFF07, 0xFF07, 0xFF07, 0xFF07, 0xFF07, 0xFF07, 0xFF07, 0xFF07, 0xFF07, 0xFF07, 0xFF07, 0xFF07,
  0xFF07, 0xFF07, 0xFF07, 0xFF07, 0xFF07, 0xFF07, 0xFF07, 0xFF07, 0xFF07, 0xFF07, 0xFF07, 0xFF07,
  0xE16F, 0xE16F, 0xE16F, 0xE16F, 0xE16F, 0xE16F, 0xE16F, 0xE16F, 0xE177, 0xE167, 0xE057, 0xC026,
  0xE026, 0xE026, 0x002F, 0x212F, 0xE026, 0xE026, 0x0027, 0xC01E, 0xE026, 0xE026, 0xE026, 0xE026,
  0x0027, 0xE057, 0xE057, 0x002F, 0x0027, 0x0027, 0x402F, 0x2027, 0xE02E, 0x801E, 0x4016, 0x6016,
  0x4016, 0x201E, 0x800D, 0x8015, 0x8015, 0x6015, 0x2005, 0x2005, 0x2005, 0x2005, 0x2005, 0x2005,
  0x4005, 0x2005, 0x4005, 0x4005, 0x2005, 0x2005, 0x0005, 0xE004, 0xE004, 0xE004, 0xE004, 0xE004,
  0xE004, 0xE004, 0xE004, 0xE004, 0xE004, 0xE004, 0xE004, 0x0005, 0xE004, 0x0005, 0x0005, 0x000D,
  0xA01C, 0xF5B7, 0xFFCF, 0xFFDF, 0xFFDF, 0xFFD7, 0xFFC7, 0xFF8F, 0xFF07, 0xFF07, 0xFF07, 0xFF07,
  0xFF07, 0xFF07, 0xFF07, 0xFF07, 0xFF07, 0xFF07, 0xFF07, 0xFF07, 0xFF07, 0xFF07, 0xFF07, 0xFF07,
  0xFF07, 0xFF07, 0xFF07, 0xFF07, 0xFF07, 0xFF07, 0xFF07, 0xFF07, 0xFF07, 0xFF07, 0xFF07, 0xFF07,
  0xFF07, 0xFF07, 0xFF07, 0xFF07, 0xFF07, 0xFF07, 0xFF07, 0xFF07, 0xFF07, 0xFF07, 0xFF07, 0xFF07,
  0xE16F, 0xE16F, 0xE16F, 0xE16F, 0xE16F, 0xE16F, 0xE16F, 0xE16F, 0xE177, 0xE167, 0xE157, 0x0027,
  0xE026, 0x0027, 0xE026, 0xE026, 0xE026, 0xC01E, 0xE026, 0x202F, 0xE026, 0xE026, 0xE026, 0x0027,
  0x2027, 0xE047, 0xC03F, 0x402F, 0x0027, 0x0027, 0x001F, 0x202F, 0x8026, 0x2016, 0x601E, 0x4016,
  0x403F, 0xC02E, 0xA00D, 0x800D, 0x600D, 0x4005, 0x0005, 0x2005, 0x2005, 0x2005, 0x2005, 0x4005,
  0x6005, 0x2005, 0xE004, 0x0005, 0xE004, 0xE004, 0xE004, 0xE004, 0xE004, 0xE004, 0xE004, 0xE004,
  0xE004, 0xE004, 0xE004, 0xE004, 0xE004, 0xE004, 0x0005, 0x0005, 0x2005, 0x0005, 0xE004, 0x0005,
  0x0005, 0xF4B7, 0xFFE7, 0xFFE7, 0xFFE7, 0xFFD7, 0xFFD7, 0xFFC7, 0xFF07, 0xFF07, 0xFF07, 0xFF07,
  0xFF07, 0xFF07, 0xFF07, 0xFF07, 0xFF07, 0xFF07, 0xFF07, 0xFF07, 0xFF07, 0xFF07, 0xFF07, 0xFF07,
  0xFF07, 0xFF07, 0xFF07, 0xFF07, 0xFF07, 0xFF07, 0xFF07, 0xFF07, 0xFF07, 0xFF07, 0xFF07, 0xFF07,
  0xFF07, 0xFF07, 0xFF07, 0xFF07, 0xFF07, 0xFF07, 0xFF07, 0xFF07, 0xFF07, 0xFF07, 0xFF07, 0xFF07,
  0xE077, 0xE06F, 0xE06F, 0xE16F, 0xE06F, 0xE16F, 0xE16F, 0xE067, 0xE05F, 0x0027, 0x002F, 0xC026,
  0xE026, 0xE026, 0xE026, 0xE026, 0x0027, 0x0027, 0x0027, 0x0027, 0xC03F, 0xE25F, 0xE367, 0xE157,
  0xE026, 0xE026, 0xE026, 0xE026, 0xE026, 0xE026, 0xE026, 0xE026, 0xE02E, 0x601E, 0x6026, 0xE036,
  0xA00D, 0x4005, 0x0005, 0x2005, 0x4005, 0x4005, 0x0005, 0x0005, 0x2005, 0x2005, 0x2005, 0x2005,
  0x2005, 0x2005, 0x0005, 0xE004, 0xE004, 0xE004, 0xE004, 0xE004, 0xE004, 0xE004, 0xE004, 0xE004,
  0xE004, 0xE004, 0xE004, 0xE004, 0xE004, 0xE004, 0xE004, 0xE004, 0xE004, 0xE004, 0xE004, 0x0005,
  0x4005, 0xFBBF, 0xFFCF, 0xFFDF, 0xFFE7, 0xFFDF, 0xFFDF, 0xFFCF, 0xFF07, 0xFF07, 0xFF07, 0xFF07,
  0xFF07, 0xFF07, 0xFF07, 0xFF07, 0xFF07, 0xFF07, 0xFF07, 0xFF07, 0xFF07, 0xFF07, 0xFF07, 0xFF07,
  0xFF07, 0xFF07, 0xFF07, 0xFF07, 0xFF07, 0xFF07, 0xFF07, 0xFF07, 0xFF07, 0xFF07, 0xFF07, 0xFF07,
  0xFF07, 0xFF07, 0xFF07, 0xFF07, 0xFF07, 0xFF07, 0xFF07, 0xFF07, 0xFF07, 0xFF07, 0xFF07, 0xFF07,
  0xE16F, 0xE16F, 0xE16F, 0xE16F, 0xE06F, 0xE06F, 0xE06F, 0xC04F, 0xC047, 0x202F, 0xE026, 0xE026,
  0xE026, 0xE026, 0xE026, 0xE026, 0x0027, 0x0027, 0x0027, 0x0027, 0x202F, 0x402F, 0x4037, 0xC01E,
  0xE026, 0xE026, 0xE026, 0xE026, 0xE026, 0xE026, 0xE026, 0xE026, 0x801E, 0x601E, 0x0016, 0x4005,
  0x4005, 0x2005, 0x0005, 0x2005, 0x4005, 0x4005, 0x001E, 0x4005, 0x4005, 0x2005, 0x0005, 0x0005,
  0x0005, 0xE004, 0xE004, 0x0005, 0xE004, 0xE004, 0xE004, 0xE004, 0xE004, 0xE004, 0xE004, 0xE004,
  0xE004, 0xE004, 0xE004, 0xE004, 0xE004, 0xE004, 0xE004, 0xE004, 0xE004, 0xE004, 0xE004, 0x0005,
  0x6005, 0x2315, 0xEC3D, 0xFFF7, 0xFFEF, 0xFFDF, 0xFFD7, 0xFFCF, 0xFF87, 0xFF07, 0xFF07, 0xFF07,
  0xFF07, 0xFF07, 0xFF07, 0xFF07, 0xFF07, 0xFF07, 0xFF07, 0xFF07, 0xFF07, 0xFF07, 0xFF07, 0xFF07,
  0xFF07, 0xFF07, 0xFF07, 0xFF07, 0xFF07, 0xFF07, 0xFF07, 0xFF07, 0xFF07, 0xFF07, 0xFF07, 0xFF07,
  0xFF07, 0xFF07, 0xFF07, 0xFF07, 0xFF07, 0xFF07, 0xFF07, 0xFF07, 0xFF07, 0xFF07, 0xFF07, 0xFF07,
  0xE16F, 0xE16F, 0xE16F, 0xE16F, 0xE067, 0xE06F, 0xE06F, 0xA04F, 0xE026, 0x202F, 0xC026, 0xC026,
  0xE026, 0xE026, 0xE026, 0xE026, 0x0027, 0x0027, 0x0027, 0x0027, 0x202F, 0x202F, 0xE026, 0x0027,
  0x0027, 0x0027, 0x0027, 0x0027, 0x0027, 0x0027, 0x0027, 0x0027, 0xC026, 0xA026, 0x6005, 0xE015,
  0x4005, 0x4005, 0x4005, 0x2005, 0x2005, 0x001E, 0xC036, 0x4005, 0x2005, 0xE004, 0xE004, 0xE004,
  0xE004, 0xE004, 0xE004, 0x0005, 0xE004, 0xE004, 0xE004, 0xE004, 0xE004, 0xE004, 0xE004, 0xE004,
  0xE004, 0xE004, 0xE004, 0xE004, 0xE004, 0xE004, 0xE004, 0xE004, 0xE004, 0xE004, 0xE004, 0x0005,
  0x4005, 0x0005, 0x6004, 0xF8D7, 0xFDDF, 0xFFDF, 0xFFDF, 0xFFCF, 0xFFEF, 0xFFDF, 0xFFD7, 0xFFE7,
  0xFFDF, 0xFFAF, 0xFF07, 0xFF07, 0xFF07, 0xFF07, 0xFF07, 0xFF07, 0xFF07, 0xFF07, 0xFF07, 0xFF07,
  0xFF07, 0xFF07, 0xFF07, 0xFF07, 0xFF07, 0xFF07, 0xFF07, 0xFF07, 0xFF07, 0xFF07, 0xFF07, 0xFF07,
  0xFF07, 0xFF07, 0xFF07, 0xFF07, 0xFF07, 0xFF07, 0xFF07, 0xFF07, 0xFF07, 0xFF07, 0xFF07, 0xFF07,
  0xE26F, 0xE16F, 0xE16F, 0xE16F, 0xE067, 0xE067, 0xE067, 0x8047, 0xC026, 0x002F, 0xC026, 0xC026,
  0xE026, 0xE026, 0xE026, 0x0027, 0x0027, 0x0027, 0x0027, 0x0027, 0x0027, 0x0027, 0x0027, 0xE026,
  0x0027, 0x0027, 0x0027, 0x0027, 0x0027, 0x0027, 0x0027, 0xE026, 0xE02E, 0xC02E, 0x001E, 0xC02E,
  0x4005, 0x2005, 0x8015, 0x4005, 0x001E, 0xE004, 0xC036, 0xE004, 0x2005, 0xE004, 0xE004, 0x0005,
  0x0005, 0xE004, 0xE004, 0x0005, 0xE004, 0xE004, 0xE004, 0xE004, 0xE004, 0xE004, 0xE004, 0xE004,
  0xE004, 0xE004, 0xE004, 0xE004, 0xE004, 0xE004, 0xE004, 0xE004, 0xE004, 0xE004, 0xE004, 0x0005,
  0x2005, 0xC004, 0x2015, 0xE014, 0x0425, 0xFFDF, 0xFFE7, 0xFFCF, 0xFFCF, 0xFFD7, 0xFFD7, 0xFFD7,
  0xFFC7, 0xFFAF, 0xFF07, 0xFF07, 0xFF07, 0xFF07, 0xFF07, 0xFF07, 0xFF07, 0xFF07, 0xFF07, 0xFF07,
  0xFF07, 0xFF07, 0xFF07, 0xFF07, 0xFF07, 0xFF07, 0xFF07, 0xFF07, 0xFF07, 0xFF07, 0xFF07, 0xFF07,
  0xFF07, 0xFF07, 0xFF07, 0xFF07, 0xFF07, 0xFF07, 0xFF07, 0xFF07, 0xFF07, 0xFF07, 0xFF07, 0xFF07,
  0xE16F, 0xE167, 0xE067, 0xE067, 0xE06F, 0xE05F, 0xE05F, 0xA04F, 0xC026, 0xE026, 0xE026, 0xE026,
  0xE026, 0xE026, 0xE026, 0x0027, 0x0027, 0x0027, 0x0027, 0x0027, 0x0027, 0x0027, 0x0027, 0xE026,
  0xC01E, 0xA01E, 0xC026, 0x801E, 0x4016, 0x801E, 0x6016, 0x801E, 0x2016, 0xC00D, 0x401E, 0x6026,
  0xE004, 0x800D, 0x602E, 0x6026, 0x001E, 0x800D, 0x6026, 0x2005, 0xE004, 0xE004, 0xE004, 0xE004,
  0xE004, 0xE004, 0xE004, 0xE004, 0xE004, 0xE004, 0xE004, 0xE004, 0xE004, 0xE004, 0xE004, 0xE004,
  0xE004, 0xE004, 0xE004, 0xE004, 0xE004, 0xE004, 0xE004, 0xE004, 0xE004, 0xE004, 0xE004, 0x0005,
  0xE004, 0x2005, 0x400D, 0x200D, 0x600C, 0xFFD7, 0xFFD7, 0xFFDF, 0xFFEF, 0xFFE7, 0xFFE7, 0xFFE7,
  0xFFE7, 0xFFDF, 0xFFDF, 0x7F57, 0xFF07, 0xFF07, 0xFF07, 0xFF07, 0xFF07, 0xFF07, 0xFF07, 0xFF07,
  0xFF07, 0xFF07, 0xFF07, 0xFF07, 0xFF07, 0xFF07, 0xFF07, 0xFF07, 0xFF07, 0xFF07, 0xFF07, 0xFF07,
  0xFF07, 0xFF07, 0xFF07, 0xFF07, 0xFF07, 0xFF07, 0xFF07, 0xFF07, 0xFF07, 0xFF07, 0xFF07, 0xFF07,
  0xE067, 0xE05F, 0xE05F, 0xE067, 0xE05F, 0xE057, 0xE05F, 0x6047, 0xE026, 0xE026, 0xE026, 0xE026,
  0xE026, 0xE026, 0xE026, 0x0027, 0x0027, 0x0027, 0x0027, 0x0027, 0x202F, 0x0027, 0x0027, 0xE026,
  0xC02E, 0x401E, 0xE00D, 0x8005, 0x2005, 0x8005, 0xA005, 0x601E, 0x0016, 0xC02E, 0x4005, 0x4005,
  0x4005, 0x2005, 0x2005, 0x2005, 0x4005, 0x2005, 0xE004, 0x0005, 0xE004, 0xE004, 0xE004, 0xE004,
  0xE004, 0xE004, 0xE004, 0xE004, 0xE004, 0xE004, 0xE004, 0xE004, 0xE004, 0xE004, 0xE004, 0xE004,
  0xE004, 0xE004, 0xE004, 0xE004, 0xE004, 0xE004, 0xE004, 0xE004, 0xE004, 0xE004, 0xE004, 0xE004,
  0xE004, 0x200D, 0x4015, 0x200D, 0xA014, 0xFFD7, 0xFFD7, 0xFFD7, 0xFFDF, 0xFFDF, 0xFFD7, 0xFFCF,
  0xFFD7, 0xFFD7, 0xFFD7, 0xFFCF, 0xFFA7, 0xFFA7, 0xFFA7, 0xFFA7, 0xFFA7, 0xFFA7, 0xFFA7, 0xFF97,
  0xFF07, 0xFF07, 0xFF07, 0xFF07, 0xFF07, 0xFF07, 0xFF07, 0xFF07, 0xFF07, 0xFF07, 0xFF07, 0xFF07,
  0xFF07, 0xFF07, 0xFF07, 0xFF07, 0xFF07, 0xFF07, 0xFF07, 0xFF07, 0xFF07, 0xFF07, 0xFF07, 0xFF07,
  0xE067, 0xE067, 0xE067, 0xE05F, 0xE05F, 0xA04F, 0xE167, 0xA047, 0xE026, 0xE026, 0xE026, 0xE026,
  0xE026, 0xE026, 0x0027, 0x0027, 0x0027, 0x0027, 0x0027, 0x0027, 0x0027, 0x0027, 0x0027, 0x002F,
  0x4026, 0xA00D, 0x800D, 0xA015, 0xA00D, 0xA015, 0x4005, 0xE015, 0x0016, 0xC02E, 0x2005, 0x4005,
  0x800D, 0x2005, 0x0005, 0x0005, 0x0005, 0x4005, 0xE004, 0xC004, 0xE004, 0xE004, 0xE004, 0xE004,
  0xE004, 0xE004, 0xE004, 0xE004, 0xE004, 0xE004, 0xE004, 0xE004, 0xE004, 0xE004, 0xE004, 0xE004,
  0xE004, 0xE004, 0xE004, 0xE004, 0xE004, 0xE004, 0xE004, 0xE004, 0xE004, 0xE004, 0xE004, 0xE004,
  0xE00C, 0x000D, 0x2015, 0x0015, 0x600C, 0xFFD7, 0xFFDF, 0xFFD7, 0xFFCF, 0xFFD7, 0xFFDF, 0xFFDF,
  0xFFD7, 0xFFD7, 0xFFD7, 0xFFD7, 0xFFE7, 0xFFE7, 0xFFE7, 0xFFE7, 0xFFE7, 0xFFE7, 0xFFE7, 0xFFD7,
  0xBF3F, 0xFF07, 0xFF07, 0xFF07, 0xFF07, 0xFF07, 0xFF07, 0xFF07, 0xFF07, 0xFF07, 0xFF07, 0xFF07,
  0xFF07, 0xFF07, 0xFF07, 0xFF07, 0xFF07, 0xFF07, 0xFF07, 0xFF07, 0xFF07, 0xFF07, 0xFF07, 0xFF07,
  0xE05F, 0xE05F, 0xE05F, 0xE05F, 0xE057, 0xE04F, 0x403F, 0xC047, 0xE026, 0xE026, 0xE026, 0xE026,
  0xE026, 0x0027, 0x0027, 0x0027, 0x0027, 0x0027, 0x0027, 0xE026, 0xE026, 0xC01E, 0x801E, 0x601E,
  0x6036, 0x6015, 0x8015, 0x6015, 0x0005, 0x6015, 0xA015, 0x0005, 0x2005, 0x2005, 0x4005, 0x4005,
  0x800D, 0x4005, 0x2005, 0x0005, 0x2005, 0xE004, 0xE004, 0x2005, 0xE004, 0xE004, 0xE004, 0xE004,
  0xE004, 0xE004, 0x0005, 0x0005, 0xE004, 0xE004, 0xE004, 0xE004, 0xE004, 0xE004, 0xE004, 0xE004,
  0xE004, 0xE004, 0xE004, 0x0005, 0x0005, 0x0005, 0xE004, 0x0005, 0x0005, 0x0005, 0xE004, 0xE004,
  0xE00C, 0x0015, 0x0015, 0xE014, 0x610C, 0xFFD7, 0xFFDF, 0xFFE7, 0xFFCF, 0xFFDF, 0xFFE7, 0xFFE7,
  0xFFE7, 0xFFD7, 0xFFCF, 0xFFCF, 0xFFD7, 0xFFD7, 0xFFD7, 0xFFD7, 0xFFD7, 0xFFD7, 0xFFD7, 0xFFD7,
  0xFFE7, 0xFFC7, 0xFFCF, 0xFFA7, 0xFF07, 0xFF07, 0xFF07, 0xFF07, 0xFF07, 0xFF07, 0xFF07, 0xFF07,
  0xFF07, 0xFF07, 0xFF07, 0xFF07, 0xFF07, 0xFF07, 0xFF07, 0xFF07, 0xFF07, 0xFF07, 0xFF07, 0xFF07,
  0xC047, 0xE057, 0xE057, 0xE15F, 0xE157, 0x8047, 0x0037, 0x002F, 0xE02E, 0x0037, 0x002F, 0xA026,
  0xA026, 0x601E, 0x401E, 0x401E, 0x601E, 0x401E, 0x2037, 0xE02E, 0xC02E, 0x2016, 0x601E, 0x201E,
  0x2026, 0x6015, 0x6015, 0x400D, 0x400D, 0x200D, 0x2005, 0x4005, 0x2005, 0x2005, 0x2005, 0x2005,
  0x4005, 0x4005, 0x4005, 0x2005, 0x2005, 0xE004, 0xE004, 0x0005, 0xE004, 0xE004, 0xE004, 0xE004,
  0xE004, 0xE004, 0x0005, 0x0005, 0x0005, 0x2005, 0x0005, 0xE004, 0xE004, 0xE004, 0x0005, 0x0005,
  0xE004, 0x0005, 0x0005, 0x0005, 0x2005, 0x0005, 0xC004, 0x0005, 0x2005, 0x0005, 0xE004, 0xE00C,
  0xE015, 0x401D, 0x001D, 0xA004, 0xCB04, 0xFF8F, 0xFFC7, 0xFFCF, 0xFFB7, 0xFFB7, 0xFFB7, 0xFFB7,
  0xFFB7, 0xFFB7, 0xFFB7, 0xFFB7, 0xFFB7, 0xFFB7, 0xFFB7, 0xFFB7, 0xFFB7, 0xFFB7, 0xFFB7, 0xFFB7,
  0xFFC7, 0xFFB7, 0xFFA7, 0xFF8F, 0xFF07, 0xFF07, 0xFF07, 0xFF07, 0xFF07, 0xFF07, 0xFF07, 0xFF07,
  0xFF07, 0xFF07, 0xFF07, 0xFF07, 0xFF07, 0xFF07, 0xFF07, 0xFF07, 0xFF07, 0xFF07, 0xFF07, 0xFF07,
  0x2037, 0xC026, 0x0037, 0xE02E, 0x801E, 0xE02E, 0x002F, 0x2037, 0xC026, 0x801E, 0x4016, 0x4016,
  0x4016, 0x4016, 0x4016, 0x6016, 0x4016, 0x4016, 0xE02E, 0x8026, 0x2016, 0x601E, 0x601E, 0x401E,
  0x2005, 0x600D, 0x800D, 0x800D, 0x4005, 0x2005, 0x2005, 0x2005, 0x2005, 0x2005, 0x2005, 0x2005,
  0x2005, 0x2005, 0x2005, 0x2005, 0x2005, 0xE004, 0xE004, 0x0005, 0xE004, 0xE004, 0xE004, 0xE004,
  0xE004, 0xE004, 0x0005, 0xE004, 0x0005, 0xC004, 0x2004, 0x2004, 0x0005, 0x0005, 0x0005, 0x0005,
  0x0005, 0x0005, 0x0005, 0x0005, 0xE004, 0xE004, 0xC004, 0xE004, 0x2005, 0x0005, 0xE004, 0xE014,
  0x8014, 0xC004, 0x2304, 0xFF1F, 0xFF07, 0xFF07, 0xFF07, 0xFF07, 0xFF07, 0xFF07, 0xFF07, 0xFF07,
  0xFF07, 0xFF07, 0xFF07, 0xFF07, 0xFF07, 0xFF07, 0xFF07, 0xFF07, 0xFF07, 0xFF07, 0xFF07, 0xFF07,
  0xFF07, 0xFF07, 0xFF07, 0xFF07, 0xFF07, 0xFF07, 0xFF07, 0xFF07, 0xFF07, 0xFF07, 0xFF07, 0xFF07,
  0xFF07, 0xFF07, 0xFF07, 0xFF07, 0xFF07, 0xFF07, 0xFF07, 0xFF07, 0xFF07, 0xFF07, 0xFF07, 0xFF07,
  0xC026, 0x4037, 0xA026, 0xE02E, 0x601E, 0x401E, 0x401E, 0x401E, 0x4016, 0x4016, 0x6016, 0x6016,
  0x4016, 0x4016, 0x4016, 0x4016, 0x401E, 0x401E, 0xA02E, 0xC036, 0x4005, 0x6005, 0x8005, 0x800D,
  0x800D, 0x800D, 0x6005, 0x2005, 0x2005, 0x4005, 0x2005, 0x2005, 0x2005, 0x2005, 0x2005, 0x2005,
  0x4005, 0x4005, 0x4005, 0x2005, 0x0005, 0xE004, 0xE004, 0x0005, 0xE004, 0x0005, 0x0005, 0x0005,
  0x0005, 0xE004, 0xE004, 0xE004, 0x6004, 0x2004, 0xE003, 0x2004, 0x0005, 0x0005, 0x0005, 0x0005,
  0x0005, 0x0005, 0x0005, 0x0005, 0xC004, 0xC004, 0xC004, 0x0005, 0x0005, 0xE004, 0xE004, 0xC014,
  0xC003, 0xCB0D, 0xFF17, 0xFF07, 0xFF07, 0xFF07, 0xFF07, 0xFF07, 0xFF07, 0xFF07, 0xFF07, 0xFF07,
  0xFF07, 0xFF07, 0xFF07, 0xFF07, 0xFF07, 0xFF07, 0xFF07, 0xFF07, 0xFF07, 0xFF07, 0xFF07, 0xFF07,
  0xFF07, 0xFF07, 0xFF07, 0xFF07, 0xFF07, 0xFF07, 0xFF07, 0xFF07, 0xFF07, 0xFF07, 0xFF07, 0xFF07,
  0xFF07, 0xFF07, 0xFF07, 0xFF07, 0xFF07, 0xFF07, 0xFF07, 0xFF07, 0xFF07, 0xFF07, 0xFF07, 0xFF07,
  0xC02E, 0x2016, 0x601E, 0x2016, 0x601E, 0x2016, 0x601E, 0x2016, 0x6016, 0x4016, 0x4016, 0x4016,
  0x4016, 0x6016, 0x6016, 0x401E, 0x401E, 0x0016, 0x401E, 0x0037, 0x4005, 0xA00D, 0xA00D, 0x8005,
  0x4005, 0x2005, 0x2005, 0x4005, 0x2005, 0x2005, 0x2005, 0x0005, 0x2005, 0x2005, 0x2005, 0x2005,
  0x2005, 0x2005, 0x0005, 0xE004, 0xE004, 0xE004, 0x0005, 0x0005, 0xE004, 0xE004, 0xE004, 0xE004,
  0x0005, 0xE004, 0xC004, 0xC004, 0x0004, 0x4003, 0x8003, 0x0004, 0xE004, 0xE004, 0xE004, 0xE004,
  0x0005, 0x0005, 0x0005, 0x0005, 0xE004, 0xE004, 0xE004, 0xE004, 0x0005, 0xE004, 0xC004, 0xC014,
  0x4003, 0xFC1F, 0xFF07, 0xFF07, 0xFF07, 0xFF07, 0xFF07, 0xFF07, 0xFF07, 0xFF07, 0xFF07, 0xFF07,
  0xFF07, 0xFF07, 0xFF07, 0xFF07, 0xFF07, 0xFF07, 0xFF07, 0xFF07, 0xFF07, 0xFF07, 0xFF07, 0xFF07,
  0xFF07, 0xFF07, 0xFF07, 0xFF07, 0xFF07, 0xFF07, 0xFF07, 0xFF07, 0xFF07, 0xFF07, 0xFF07, 0xFF07,
  0xFF07, 0xFF07, 0xFF07, 0xFF07, 0xFF07, 0xFF07, 0xFF07, 0xFF07, 0xFF07, 0xFF07, 0xFF07, 0xFF07,
  0x401E, 0x401E, 0x401E, 0x401E, 0x401E, 0x0016, 0x601E, 0xA026, 0x4016, 0xE00D, 0x401E, 0xE02E,
  0x401E, 0x801E, 0x8026, 0xE00D, 0xA00D, 0xA00D, 0xC00D, 0x8005, 0x800D, 0x8005, 0xA00D, 0x6005,
  0x6005, 0x4005, 0x4005, 0x4005, 0x2005, 0x2005, 0x2005, 0x2005, 0xE004, 0xE004, 0xE004, 0xE004,
  0xE004, 0xE004, 0xE004, 0xE004, 0xE004, 0x0005, 0x0005, 0xE004, 0xC004, 0x0005, 0xE004, 0xE004,
  0x6004, 0x2004, 0x2004, 0x4004, 0x4003, 0x2003, 0x6003, 0x0004, 0x4004, 0x4004, 0xA004, 0xC004,
  0xC004, 0xE004, 0x0005, 0xE004, 0x0005, 0x0005, 0xE004, 0xC004, 0xA004, 0xA004, 0x0004, 0x8003,
  0xA003, 0xF917, 0xFF07, 0xFF07, 0xFF07, 0xFF07, 0xFF07, 0xFF07, 0xFF07, 0xFF07, 0xFF07, 0xFF07,
  0xFF07, 0xFF07, 0xFF07, 0xFF07, 0xFF07, 0xFF07, 0xFF07, 0xFF07, 0xFF07, 0xFF07, 0xFF07, 0xFF07,
  0xFF07, 0xFF07, 0xFF07, 0xFF07, 0xFF07, 0xFF07, 0xFF07, 0xFF07, 0xFF07, 0xFF07, 0xFF07, 0xFF07,
  0xFF07, 0xFF07, 0xFF07, 0xFF07, 0xFF07, 0xFF07, 0xFF07, 0xFF07, 0xFF07, 0xFF07, 0xFF07, 0xFF07,
  0x401E, 0x401E, 0x401E, 0x401E, 0x2016, 0xC02E, 0xA026, 0x2016, 0x001E, 0xE015, 0x401E, 0xC02E,
  0x6026, 0x401E, 0x6026, 0x800D, 0x4005, 0x800D, 0x800D, 0x800D, 0x2005, 0x0005, 0x2005, 0x0005,
  0x4005, 0x4005, 0x4005, 0x2005, 0x2005, 0x2005, 0x0005, 0x0005, 0x0005, 0x0005, 0x0005, 0x0005,
  0xE004, 0xE004, 0xE004, 0xE004, 0x2005, 0xE004, 0xE004, 0xC004, 0xE004, 0xA004, 0x4004, 0x2004,
  0x0004, 0x2004, 0xC003, 0x4003, 0x4003, 0x4003, 0x4003, 0x8003, 0x2004, 0x2004, 0x2004, 0x2004,
  0x4004, 0x4004, 0x8004, 0xE004, 0x0005, 0xE004, 0xE004, 0xA004, 0xC00C, 0xC004, 0xE503, 0x4804,
  0x4804, 0xFF07, 0xFF07, 0xFF07, 0xFF07, 0xFF07, 0xFF07, 0xFF07, 0xFF07, 0xFF07, 0xFF07, 0xFF07,
  0xFF07, 0xFF07, 0xFF07, 0xFF07, 0xFF07, 0xFF07, 0xFF07, 0xFF07, 0xFF07, 0xFF07, 0xFF07, 0xFF07,
  0xFF07, 0xFF07, 0xFF07, 0xFF07, 0xFF07, 0xFF07, 0xFF07, 0xFF07, 0xFF07, 0xFF07, 0xFF07, 0xFF07,
  0xFF07, 0xFF07, 0xFF07, 0xFF07, 0xFF07, 0xFF07, 0xFF07, 0xFF07, 0xFF07, 0xFF07, 0xFF07, 0xFF07,
  0x401E, 0x401E, 0x401E, 0x401E, 0xA026, 0x6005, 0x2016, 0x0016, 0xA015, 0x800D, 0x600D, 0x800D,
  0x800D, 0x800D, 0xA015, 0xA015, 0x800D, 0x800D, 0x800D, 0x800D, 0x0005, 0x0005, 0x2005, 0x2005,
  0x4005, 0x4005, 0x2005, 0x2005, 0xE004, 0xE004, 0xE004, 0xE004, 0xE004, 0xE004, 0xE004, 0xE004,
  0xE004, 0xE004, 0xE004, 0xE004, 0x0005, 0x2005, 0x0005, 0xE004, 0xE004, 0x6004, 0x2004, 0xC003,
  0x8003, 0x2003, 0x2003, 0x4003, 0x2003, 0x2003, 0x2003, 0x4003, 0x2003, 0xC003, 0x2004, 0xE003,
  0x0004, 0x4004, 0x2004, 0x2004, 0x4004, 0x0004, 0x0004, 0x6003, 0x4003, 0x4304, 0xFF07, 0xFF07,
  0xFF07, 0xFF07, 0xFF07, 0xFF07, 0xFF07, 0xFF07, 0xFF07, 0xFF07, 0xFF07, 0xFF07, 0xFF07, 0xFF07,
  0xFF07, 0xFF07, 0xFF07, 0xFF07, 0xFF07, 0xFF07, 0xFF07, 0xFF07, 0xFF07, 0xFF07, 0xFF07, 0xFF07,
  0xFF07, 0xFF07, 0xFF07, 0xFF07, 0xFF07, 0xFF07, 0xFF07, 0xFF07, 0xFF07, 0xFF07, 0xFF07, 0xFF07,
  0xFF07, 0xFF07, 0xFF07, 0xFF07, 0xFF07, 0xFF07, 0xFF07, 0xFF07, 0xFF07, 0xFF07, 0xFF07, 0xFF07,
  0x401E, 0x401E, 0x401E, 0x201E, 0x401E, 0xE036, 0xA00D, 0x4005, 0x8015, 0x6015, 0x400D, 0x6015,
  0x8015, 0x8015, 0x8015, 0x6015, 0x2005, 0x0005, 0x4005, 0x2005, 0x2005, 0x2005, 0x2005, 0x2005,
  0x2005, 0x2005, 0xE004, 0xE004, 0xE004, 0x0005, 0x0005, 0x0005, 0xC004, 0xE004, 0x0005, 0x0005,
  0x2005, 0x0005, 0x0005, 0x0005, 0x0005, 0x0005, 0xA004, 0x4004, 0x2004, 0x0004, 0x0004, 0x4003,
  0x2003, 0x2003, 0x2003, 0x6003, 0x4003, 0x2003, 0x2003, 0x4003, 0x2003, 0xA003, 0xE003, 0xE003,
  0x0004, 0x0004, 0x2004, 0x4004, 0xE003, 0xE003, 0x2004, 0x4003, 0xE003, 0x4704, 0xFF07, 0xFF07,
  0xFF07, 0xFF07, 0xFF07, 0xFF07, 0xFF07, 0xFF07, 0xFF07, 0xFF07, 0xFF07, 0xFF07, 0xFF07, 0xFF07,
  0xFF07, 0xFF07, 0xFF07, 0xFF07, 0xFF07, 0xFF07, 0xFF07, 0xFF07, 0xFF07, 0xFF07, 0xFF07, 0xFF07,
  0xFF07, 0xFF07, 0xFF07, 0xFF07, 0xFF07, 0xFF07, 0xFF07, 0xFF07, 0xFF07, 0xFF07, 0xFF07, 0xFF07,
  0xFF07, 0xFF07, 0xFF07, 0xFF07, 0xFF07, 0xFF07, 0xFF07, 0xFF07, 0xFF07, 0xFF07, 0xFF07, 0xFF07,
  0x001E, 0x4026, 0x001E, 0x4005, 0x6015, 0x8015, 0x8015, 0x8015, 0x6015, 0x6015, 0x4015, 0x4015,
  0x8015, 0x8015, 0x400D, 0x6015, 0x000D, 0x4005, 0x6005, 0x6005, 0x6005, 0x2005, 0x2005, 0xE004,
  0xE004, 0xE004, 0xE004, 0xE004, 0xE004, 0xE004, 0xE004, 0xE004, 0xC004, 0xE004, 0x2005, 0x2005,
  0x6005, 0x2005, 0x0005, 0xE004, 0xC004, 0xE004, 0x4004, 0x8003, 0x4003, 0x2003, 0x2003, 0x2003,
  0x2003, 0x2003, 0x2003, 0x2003, 0x4003, 0x4003, 0x2003, 0x4003, 0x2003, 0x2003, 0x4003, 0x4003,
  0xC003, 0x4004, 0xE003, 0x4004, 0xC003, 0x2004, 0x0004, 0x0004, 0xE003, 0x8003, 0x2003, 0x4403,
  0xFF07, 0xFF07, 0xFF07, 0xFF07, 0xFF07, 0xFF07, 0xFF07, 0xFF07, 0xFF07, 0xFF07, 0xFF07, 0xFF07,
  0xFF07, 0xFF07, 0xFF07, 0xFF07, 0xFF07, 0xFF07, 0xFF07, 0xFF07, 0xFF07, 0xFF07, 0xFF07, 0xFF07,
  0xFF07, 0xFF07, 0xFF07, 0xFF07, 0xFF07, 0xFF07, 0xFF07, 0xFF07, 0xFF07, 0xFF07, 0xFF07, 0xFF07,
  0xFF07, 0xFF07, 0xFF07, 0xFF07, 0xFF07, 0xFF07, 0xFF07, 0xFF07, 0xFF07, 0xFF07, 0xFF07, 0xFF07,
  0x6005, 0x600D, 0x6005, 0xE015, 0x8015, 0x6015, 0x6015, 0x6015, 0x6015, 0x6015, 0x400D, 0x8015,
  0x6015, 0x0005, 0x4005, 0x2005, 0x6005, 0x6005, 0x2005, 0x2005, 0x0005, 0xE004, 0xC004, 0xE004,
  0xE004, 0xE004, 0xE004, 0xE004, 0xE004, 0xE004, 0xE004, 0xE004, 0xE004, 0xE004, 0xE004, 0x0005,
  0xC004, 0xA004, 0xA004, 0xC004, 0xA004, 0x2004, 0xA003, 0x8003, 0x4003, 0x2003, 0x2003, 0x2003,
  0x2003, 0x2003, 0x2003, 0x2003, 0x2003, 0x2003, 0x4003, 0x2003, 0x2003, 0x2003, 0x2003, 0x4003,
  0x8003, 0xA003, 0x2004, 0x2004, 0x8004, 0x2004, 0x8003, 0xC00B, 0x0004, 0x2004, 0x8003, 0x4503,
  0xFF07, 0xFF07, 0xFF07, 0xFF07, 0xFF07, 0xFF07, 0xFF07, 0xFF07, 0xFF07, 0xFF07, 0xFF07, 0xFF07,
  0xFF07, 0xFF07, 0xFF07, 0xFF07, 0xFF07, 0xFF07, 0xFF07, 0xFF07, 0xFF07, 0xFF07, 0xFF07, 0xFF07,
  0xFF07, 0xFF07, 0xFF07, 0xFF07, 0xFF07, 0xFF07, 0xFF07, 0xFF07, 0xFF07, 0xFF07, 0xFF07, 0xFF07,
  0xFF07, 0xFF07, 0xFF07, 0xFF07, 0xFF07, 0xFF07, 0xFF07, 0xFF07, 0xFF07, 0xFF07, 0xFF07, 0xFF07,
  0x6005, 0x8005, 0x2005, 0x001E, 0x800D, 0x8015, 0x8015, 0x8015, 0x600D, 0x2005, 0xC004, 0x0005,
  0xE004, 0x0005, 0xE004, 0x2005, 0x4005, 0x0005, 0xE004, 0xE004, 0xC00C, 0xE00C, 0xC004, 0xC004,
  0x0005, 0x0005, 0x0005, 0x0005, 0x0005, 0x0005, 0x0005, 0x0005, 0x2005, 0x0005, 0xA004, 0xC00C,
  0xA00C, 0x4004, 0x0004, 0x2004, 0x0004, 0xE003, 0x6003, 0x4003, 0x4003, 0x2003, 0x2003, 0x2003,
  0x2003, 0x2003, 0x2003, 0x2003, 0x2003, 0x2003, 0x2003, 0x4003, 0x2003, 0x2003, 0x2003, 0x4003,
  0x4003, 0x2003, 0x4003, 0x2004, 0x2004, 0x6003, 0x0003, 0x8003, 0xA003, 0x8003, 0x4003, 0x6303,
  0xFF07, 0xFF07, 0xFF07, 0xFF07, 0xFF07, 0xFF07, 0xFF07, 0xFF07, 0xFF07, 0xFF07, 0xFF07, 0xFF07,
  0xFF07, 0xFF07, 0xFF07, 0xFF07, 0xFF07, 0xFF07, 0xFF07, 0xFF07, 0xFF07, 0xFF07, 0xFF07, 0xFF07,
  0xFF07, 0xFF07, 0xFF07, 0xFF07, 0xFF07, 0xFF07, 0xFF07, 0xFF07, 0xFF07, 0xFF07, 0xFF07, 0xFF07,
  0xFF07, 0xFF07, 0xFF07, 0xFF07, 0xFF07, 0xFF07, 0xFF07, 0xFF07, 0xFF07, 0xFF07, 0xFF07, 0xFF07,
  0x8005, 0xA00D, 0x2005, 0x6005, 0x4005, 0x800D, 0x400D, 0x2005, 0x2005, 0x4005, 0x2005, 0x800D,
  0xE015, 0x0005, 0x0005, 0xE004, 0x2005, 0x2005, 0xC004, 0xA004, 0x4004, 0x2004, 0xE004, 0xE004,
  0xE004, 0xE004, 0x0005, 0x0005, 0xE004, 0xE004, 0xE004, 0xE004, 0x0005, 0xE004, 0x0004, 0xA003,
  0x4003, 0x4003, 0x4003, 0x4003, 0x0004, 0xE003, 0x6003, 0x2003, 0x4003, 0x2003, 0x2003, 0x2003,
  0x2003, 0x2003, 0x2003, 0x2003, 0x4003, 0x2003, 0x4003, 0x2003, 0x2003, 0x2003, 0x2003, 0x2003,
  0x2003, 0x0003, 0x4003, 0x4003, 0x4003, 0xE002, 0x4003, 0x4003, 0x4003, 0x4003, 0x2003, 0x6203,
  0xFF07, 0xFF07, 0xFF07, 0xFF07, 0xFF07, 0xFF07, 0xFF07, 0xFF07, 0xFF07, 0xFF07, 0xFF07, 0xFF07,
  0xFF07, 0xFF07, 0xFF07, 0xFF07, 0xFF07, 0xFF07, 0xFF07, 0xFF07, 0xFF07, 0xFF07, 0xFF07, 0xFF07,
  0xFF07, 0xFF07, 0xFF07, 0xFF07, 0xFF07, 0xFF07, 0xFF07, 0xFF07, 0xFF07, 0xFF07, 0xFF07, 0xFF07,
  0xFF07, 0xFF07, 0xFF07, 0xFF07, 0xFF07, 0xFF07, 0xFF07, 0xFF07, 0xFF07, 0xFF07, 0xFF07, 0xFF07,
  0xA00D, 0xA00D, 0x4005, 0x2005, 0x0005, 0x0005, 0x2005, 0x2005, 0x8005, 0x2005, 0x6005, 0x800D,
  0x001E, 0x6004, 0xA004, 0x6004, 0xE004, 0xA004, 0x4004, 0x2004, 0xE003, 0xC003, 0xE004, 0xC004,
  0xE004, 0xC004, 0xC004, 0xA004, 0x0005, 0x6004, 0x4004, 0x0004, 0x2004, 0x2004, 0xE003, 0xA003,
  0x4003, 0x8003, 0xA003, 0xA003, 0xE003, 0x8003, 0x4003, 0x4003, 0x2003, 0x2003, 0x2003, 0x2003,
  0x2003, 0x2003, 0x2003, 0x2003, 0x2003, 0x2003, 0x2003, 0x2003, 0x2003, 0x2003, 0x2003, 0x2003,
  0x2003, 0x2003, 0x2003, 0x2003, 0x0003, 0x2003, 0x4003, 0x8003, 0x8003, 0x0003, 0x2603, 0x8D03,
  0xFF07, 0xFF07, 0xFF07, 0xFF07, 0xFF07, 0xFF07, 0xFF07, 0xFF07, 0xFF07, 0xFF07, 0xFF07, 0xFF07,
  0xFF07, 0xFF07, 0xFF07, 0xFF07, 0xFF07, 0xFF07, 0xFF07, 0xFF07, 0xFF07, 0xFF07, 0xFF07, 0xFF07,
  0xFF07, 0xFF07, 0xFF07, 0xFF07, 0xFF07, 0xFF07, 0xFF07, 0xFF07, 0xFF07, 0xFF07, 0xFF07, 0xFF07,
  0xFF07, 0xFF07, 0xFF07, 0xFF07, 0xFF07, 0xFF07, 0xFF07, 0xFF07, 0xFF07, 0xFF07, 0xFF07, 0xFF07,
  0x8005, 0x2005, 0x2005, 0x4005, 0x2005, 0x2005, 0x2005, 0x4005, 0xC02E, 0x4016, 0xC02E, 0x4026,
  0x602E, 0x4004, 0x2004, 0x4004, 0x0004, 0xE003, 0xA003, 0x8003, 0x6003, 0xA003, 0x4003, 0x8003,
  0xA003, 0x4004, 0xA004, 0xA004, 0x6004, 0x8003, 0x8003, 0x8003, 0x6003, 0x6003, 0x6003, 0x4003,
  0x6003, 0x4003, 0x4003, 0x4003, 0x4003, 0x2003, 0x2003, 0x4003, 0x2003, 0x2003, 0x2003, 0x2003,
  0x2003, 0x2003, 0x2003, 0x2003, 0x2003, 0x2003, 0x2003, 0x2003, 0x2003, 0x2003, 0x2003, 0x2003,
  0x2003, 0x2003, 0x2003, 0x4003, 0x4003, 0x2003, 0x0003, 0x4003, 0x8003, 0x8303, 0xFF07, 0xFF07,
  0xFF07, 0xFF07, 0xFF07, 0xFF07, 0xFF07, 0xFF07, 0xFF07, 0xFF07, 0xFF07, 0xFF07, 0xFF07, 0xFF07,
  0xFF07, 0xFF07, 0xFF07, 0xFF07, 0xFF07, 0xFF07, 0xFF07, 0xFF07, 0xFF07, 0xFF07, 0xFF07, 0xFF07,
  0xFF07, 0xFF07, 0xFF07, 0xFF07, 0xFF07, 0xFF07, 0xFF07, 0xFF07, 0xFF07, 0xFF07, 0xFF07, 0xFF07,
  0xFF07, 0xFF07, 0xFF07, 0xFF07, 0xFF07, 0xFF07, 0xFF07, 0xFF07, 0xFF07, 0xFF07, 0xFF07, 0xFF07,
  0x2005, 0x2005, 0x2005, 0x2005, 0x0005, 0x4005, 0xC004, 0x4005, 0x601E, 0x201E, 0xA02E, 0xA015,
  0x4015, 0x4004, 0x0004, 0xE003, 0x0004, 0x2004, 0xE003, 0x8003, 0x8003, 0xA002, 0xE022, 0x400A,
  0x8003, 0xE003, 0x2004, 0x2004, 0x2004, 0xA003, 0x2003, 0x4003, 0x0004, 0x0004, 0xA003, 0x6003,
  0xC003, 0xA002, 0xC01A, 0xA012, 0x4003, 0x2003, 0x2003, 0x2003, 0x2003, 0x2003, 0x2003, 0x2003,
  0x2003, 0x2003, 0x2003, 0x2003, 0x2003, 0x2003, 0x2003, 0x2003, 0x2003, 0x2003, 0x2003, 0x2003,
  0x2003, 0x2003, 0x2003, 0x4003, 0x4003, 0x2003, 0x2003, 0x4003, 0x8303, 0x4F04, 0xFF07, 0xFF07,
  0xFF07, 0xFF07, 0xFF07, 0xFF07, 0xFF07, 0xFF07, 0xFF07, 0xFF07, 0xFF07, 0xFF07, 0xFF07, 0xFF07,
  0xFF07, 0xFF07, 0xFF07, 0xFF07, 0xFF07, 0xFF07, 0xFF07, 0xFF07, 0xFF07, 0xFF07, 0xFF07, 0xFF07,
  0xFF07, 0xFF07, 0xFF07, 0xFF07, 0xFF07, 0xFF07, 0xFF07, 0xFF07, 0xFF07, 0xFF07, 0xFF07, 0xFF07,
  0xFF07, 0xFF07, 0xFF07, 0xFF07, 0xFF07, 0xFF07, 0xFF07, 0xFF07, 0xFF07, 0xFF07, 0xFF07, 0xFF07,
  0x6005, 0xE004, 0x2005, 0xE004, 0x0005, 0xA015, 0xE015, 0xA00D, 0xA015, 0x6026, 0x203F, 0x0005,
  0x2004, 0xE003, 0xE003, 0x0004, 0x4004, 0x0004, 0xE003, 0x0004, 0x4003, 0x804B, 0x0083, 0xC05B,
  0x2004, 0x0003, 0xA003, 0xE003, 0x8003, 0xA003, 0x4003, 0xA003, 0xC003, 0x2004, 0x2004, 0x2003,
  0x0003, 0xC022, 0x207B, 0x806B, 0x0003, 0x4003, 0x4003, 0x2003, 0x2003, 0x4003, 0x4003, 0x2003,
  0x2003, 0x2003, 0x2003, 0x2003, 0x2003, 0x2003, 0x2003, 0x2003, 0x2003, 0x2003, 0x2003, 0x2003,
  0x4003, 0x4003, 0x4003, 0x2003, 0x2003, 0x4003, 0x6003, 0x8703, 0xFF17, 0xFF07, 0xFF07, 0xFF07,
  0xFF07, 0xFF07, 0xFF07, 0xFF07, 0xFF07, 0xFF07, 0xFF07, 0xFF07, 0xFF07, 0xFF07, 0xFF07, 0xFF07,
  0xFF07, 0xFF07, 0xFF07, 0xFF07, 0xFF07, 0xFF07, 0xFF07, 0xFF07, 0xFF07, 0xFF07, 0xFF07, 0xFF07,
  0xFF07, 0xFF07, 0xFF07, 0xFF07, 0xFF07, 0xFF07, 0xFF07, 0xFF07, 0xFF07, 0xFF07, 0xFF07, 0xFF07,
  0xFF07, 0xFF07, 0xFF07, 0xFF07, 0xFF07, 0xFF07, 0xFF07, 0xFF07, 0xFF07, 0xFF07, 0xFF07, 0xFF07,
  0xE004, 0x0005, 0x0005, 0x0005, 0x2005, 0x6005, 0x4026, 0xE004, 0x8004, 0xA004, 0x2005, 0x4004,
  0x4004, 0x0004, 0x2004, 0x8004, 0x8004, 0xC003, 0x8013, 0x0004, 0x8003, 0x4063, 0xE0C9, 0xC063,
  0xC01A, 0xC003, 0xE003, 0x0003, 0x2003, 0x8003, 0x6003, 0x2003, 0x2004, 0xA003, 0x8003, 0x4003,
  0xE002, 0xA04A, 0x20D2, 0x208B, 0x2003, 0x6003, 0x6003, 0xE002, 0x2003, 0x8003, 0xA003, 0xC002,
  0x2003, 0x2003, 0x2003, 0x2003, 0x2003, 0x2003, 0x2003, 0x2003, 0x4003, 0x2003, 0x2003, 0x2003,
  0x2003, 0x2003, 0xE002, 0x4003, 0x2003, 0x2003, 0xE603, 0x8C03, 0xFF07, 0xFF07, 0xFF07, 0xFF07,
  0xFF07, 0xFF07, 0xFF07, 0xFF07, 0xFF07, 0xFF07, 0xFF07, 0xFF07, 0xFF07, 0xFF07, 0xFF07, 0xFF07,
  0xFF07, 0xFF07, 0xFF07, 0xFF07, 0xFF07, 0xFF07, 0xFF07, 0xFF07, 0xFF07, 0xFF07, 0xFF07, 0xFF07,
  0xFF07, 0xFF07, 0xFF07, 0xFF07, 0xFF07, 0xFF07, 0xFF07, 0xFF07, 0xFF07, 0xFF07, 0xFF07, 0xFF07,
  0xFF07, 0xFF07, 0xFF07, 0xFF07, 0xFF07, 0xFF07, 0xFF07, 0xFF07, 0xFF07, 0xFF07, 0xFF07, 0xFF07,
  0x0005, 0x0005, 0x0005, 0x0005, 0x8004, 0xE015, 0x213F, 0xE004, 0x8003, 0xA003, 0xA003, 0xA003,
  0xC003, 0xA003, 0x2004, 0xA003, 0x8003, 0x2003, 0xE003, 0x4004, 0x4004, 0x4022, 0x00F1, 0x00C2,
  0x60C2, 0x400B, 0x2003, 0xC00A, 0xC002, 0xA003, 0x4003, 0x0003, 0xE003, 0x0003, 0xC00A, 0x6002,
  0x0063, 0x00D2, 0xC0C1, 0x806B, 0x2003, 0x4003, 0x0003, 0x4003, 0x2003, 0x4003, 0x8003, 0xE002,
  0x2003, 0x2003, 0x2003, 0x2003, 0x2003, 0x2003, 0x2003, 0x2003, 0x4003, 0xA003, 0x4003, 0x4003,
  0x0003, 0x4003, 0xA003, 0x6003, 0xA003, 0x8603, 0xFF2F, 0xFF07, 0xFF07, 0xFF07, 0xFF07, 0xFF07,
  0xFF07, 0xFF07, 0xFF07, 0xFF07, 0xFF07, 0xFF07, 0xFF07, 0xFF07, 0xFF07, 0xFF07, 0xFF07, 0xFF07,
  0xFF07, 0xFF07, 0xFF07, 0xFF07, 0xFF07, 0xFF07, 0xFF07, 0xFF07, 0xFF07, 0xFF07, 0xFF07, 0xFF07,
  0xFF07, 0xFF07, 0xFF07, 0xFF07, 0xFF07, 0xFF07, 0xFF07, 0xFF07, 0xFF07, 0xFF07, 0xFF07, 0xFF07,
  0xFF07, 0xFF07, 0xFF07, 0xFF07, 0xFF07, 0xFF07, 0xFF07, 0xFF07, 0xFF07, 0xFF07, 0xFF07, 0xFF07,
  0x0005, 0xE004, 0x0005, 0x0005, 0x413F, 0xA015, 0x0004, 0xA004, 0x6004, 0xC003, 0x2003, 0x2003,
  0x8003, 0xE003, 0xA003, 0x6003, 0x4003, 0x0003, 0x4003, 0xA003, 0x2004, 0xA00A, 0xE0F0, 0xA0E1,
  0xC0D9, 0x609A, 0x4083, 0x2063, 0xCB45, 0xFD17, 0xFD07, 0xFC3F, 0xFD1F, 0xD60F, 0xC033, 0x6073,
  0x609A, 0x60AA, 0xC022, 0xE002, 0x6003, 0xB62F, 0xBA2F, 0x2003, 0x2003, 0x6003, 0x6003, 0xE002,
  0x2003, 0x2003, 0x2003, 0x2003, 0x2003, 0x2003, 0x2003, 0x4003, 0x8003, 0x533F, 0x572F, 0xE002,
  0x6003, 0x8003, 0x0304, 0xFB2F, 0xFE1F, 0xFF07, 0xFF07, 0xFF07, 0xFF07, 0xFF07, 0xFF07, 0xFF07,
  0xFF07, 0xFF07, 0xFF07, 0xFF07, 0xFF07, 0xFF07, 0xFF07, 0xFF07, 0xFF07, 0xFF07, 0xFF07, 0xFF07,
  0xFF07, 0xFF07, 0xFF07, 0xFF07, 0xFF07, 0xFF07, 0xFF07, 0xFF07, 0xFF07, 0xFF07, 0xFF07, 0xFF07,
  0xFF07, 0xFF07, 0xFF07, 0xFF07, 0xFF07, 0xFF07, 0xFF07, 0xFF07, 0xFF07, 0xFF07, 0xFF07, 0xFF07,
  0xFF07, 0xFF07, 0xFF07, 0xFF07, 0xFF07, 0xFF07, 0xFF07, 0xFF07, 0xFF07, 0xFF07, 0xFF07, 0xFF07,
  0x0005, 0xE004, 0x0005, 0xE004, 0x2247, 0xC13E, 0x6003, 0x2004, 0x2004, 0x8003, 0x8003, 0x8003,
  0x4003, 0x4003, 0x6003, 0x2003, 0x6003, 0x2003, 0x2003, 0xE002, 0x2003, 0x0003, 0x60F1, 0xA0E9,
  0xE0D1, 0x20D2, 0x80D9, 0xE0C9, 0x0E75, 0xFF07, 0xFF07, 0xFF07, 0xFF07, 0xFE1F, 0x6263, 0x00B2,
  0xE0D1, 0xA092, 0xE002, 0x4003, 0xA403, 0xFF07, 0xFF07, 0xE902, 0x6003, 0x6003, 0x4003, 0x2003,
  0x2003, 0x2003, 0x2003, 0x2003, 0x2003, 0x2003, 0x2003, 0x4003, 0xA303, 0xFF27, 0xFF07, 0xAC03,
  0xA103, 0xA003, 0x6A03, 0xFF07, 0xFF07, 0xFF07, 0xFF07, 0xFF07, 0xFF07, 0xFF07, 0xFF07, 0xFF07,
  0xFF07, 0xFF07, 0xFF07, 0xFF07, 0xFF07, 0xFF07, 0xFF07, 0xFF07, 0xFF07, 0xFF07, 0xFF07, 0xFF07,
  0xFF07, 0xFF07, 0xFF07, 0xFF07, 0xFF07, 0xFF07, 0xFF07, 0xFF07, 0xFF07, 0xFF07, 0xFF07, 0xFF07,
  0xFF07, 0xFF07, 0xFF07, 0xFF07, 0xFF07, 0xFF07, 0xFF07, 0xFF07, 0xFF07, 0xFF07, 0xFF07, 0xFF07,
  0xFF07, 0xFF07, 0xFF07, 0xFF07, 0xFF07, 0xFF07, 0xFF07, 0xFF07, 0xFF07, 0xFF07, 0xFF07, 0xFF07,
  0x0005, 0xE004, 0xE004, 0xC004, 0xC004, 0x2004, 0x6004, 0xC003, 0x8003, 0x8003, 0x2003, 0x6003,
  0xE002, 0x2003, 0xE003, 0xE002, 0xE003, 0xC002, 0x8003, 0x6003, 0x0003, 0xE03B, 0x80FB, 0xC0FB,
  0xC0FB, 0x20EA, 0xC0E1, 0xC0D9, 0x40AA, 0x023B, 0xBC06, 0xFF07, 0xFF1F, 0x649D, 0xA0F3, 0xE0FB,
  0x60E9, 0x60DA, 0xE063, 0x4203, 0xBF17, 0xFF07, 0xFF07, 0xFF07, 0xBF27, 0xDE37, 0x5316, 0x4003,
  0x2003, 0x2003, 0x2003, 0x2003, 0x0003, 0x6003, 0x4003, 0x4003, 0xFF27, 0xFF07, 0xFF07, 0xFF07,
  0xDF2F, 0xFF3F, 0xBF07, 0xFF07, 0xFF07, 0xFF07, 0xFF07, 0xFF07, 0xFF07, 0xFF07, 0xFF07, 0xFF07,
  0xFF07, 0xFF07, 0xFF07, 0xFF07, 0xFF07, 0xFF07, 0xFF07, 0xFF07, 0xFF07, 0xFF07, 0xFF07, 0xFF07,
  0xFF07, 0xFF07, 0xFF07, 0xFF07, 0xFF07, 0xFF07, 0xFF07, 0xFF07, 0xFF07, 0xFF07, 0xFF07, 0xFF07,
  0xFF07, 0xFF07, 0xFF07, 0xFF07, 0xFF07, 0xFF07, 0xFF07, 0xFF07, 0xFF07, 0xFF07, 0xFF07, 0xFF07,
  0xFF07, 0xFF07, 0xFF07, 0xFF07, 0xFF07, 0xFF07, 0xFF07, 0xFF07, 0xFF07, 0xFF07, 0xFF07, 0xFF07,
  0x2005, 0x2005, 0xC004, 0xC004, 0x2004, 0xE003, 0xC003, 0x2004, 0x6003, 0xA403, 0xA003, 0xE003,
  0xA002, 0x4003, 0x6003, 0x4303, 0xA404, 0xA003, 0xE002, 0xE002, 0x003A, 0x0093, 0xE0FB, 0xE0FB,
  0xE0FB, 0xC0F1, 0xC0D9, 0xE0C9, 0xA0E1, 0xC0D1, 0x46A4, 0xBC77, 0x1B87, 0x60FC, 0xA0FB, 0x20FC,
  0x80EA, 0x60B2, 0x004C, 0x2804, 0xFF07, 0xFF07, 0xFF07, 0xFF07, 0xFF07, 0xFF07, 0xFF37, 0x2004,
  0x2003, 0x2003, 0x2003, 0x2003, 0x6003, 0x0003, 0x2003, 0x6303, 0xFF07, 0xFF07, 0xFF07, 0xFF07,
  0xFF07, 0xFF07, 0xFF07, 0xFF07, 0xFF07, 0xFF07, 0xFF07, 0xFF07, 0xFF07, 0xFF07, 0xFF07, 0xFF07,
  0xFF07, 0xFF07, 0xFF07, 0xFF07, 0xFF07, 0xFF07, 0xFF07, 0xFF07, 0xFF07, 0xFF07, 0xFF07, 0xFF07,
  0xFF07, 0xFF07, 0xFF07, 0xFF07, 0xFF07, 0xFF07, 0xFF07, 0xFF07, 0xFF07, 0xFF07, 0xFF07, 0xFF07,
  0xFF07, 0xFF07, 0xFF07, 0xFF07, 0xFF07, 0xFF07, 0xFF07, 0xFF07, 0xFF07, 0xFF07, 0xFF07, 0xFF07,
  0xFF07, 0xFF07, 0xFF07, 0xFF07, 0xFF07, 0xFF07, 0xFF07, 0xFF07, 0xFF07, 0xFF07, 0xFF07, 0xFF07,
  0xA004, 0x0005, 0xA004, 0xC004, 0xC003, 0x4003, 0x2004, 0x0003, 0x6103, 0xFF07, 0xFF07, 0x2604,
  0x2003, 0x4003, 0xED05, 0xFF07, 0xFF07, 0xF97F, 0x602B, 0x4033, 0x20F4, 0x80FB, 0xC0FB, 0x00FC,
  0xA0FB, 0xE0E1, 0x80D9, 0x80E1, 0x80D9, 0xE0C1, 0x40CA, 0x00D2, 0xC0FB, 0xE0FA, 0x60E1, 0xC0C9,
  0xA09A, 0x4C45, 0xFF07, 0xFF07, 0xFF07, 0xFF07, 0xFF07, 0xFF07, 0xFF07, 0xFF07, 0xFF07, 0xC003,
  0x2003, 0x2003, 0x2003, 0x2003, 0x6003, 0x2003, 0x2003, 0x8303, 0xFF07, 0xFF07, 0xFF07, 0xFF07,
  0xFF07, 0xFF07, 0xFF07, 0xFF07, 0xFF07, 0xFF07, 0xFF07, 0xFF07, 0xFF07, 0xFF07, 0xFF07, 0xFF07,
  0xFF07, 0xFF07, 0xFF07, 0xFF07, 0xFF07, 0xFF07, 0xFF07, 0xFF07, 0xFF07, 0xFF07, 0xFF07, 0xFF07,
  0xFF07, 0xFF07, 0xFF07, 0xFF07, 0xFF07, 0xFF07, 0xFF07, 0xFF07, 0xFF07, 0xFF07, 0xFF07, 0xFF07,
  0xFF07, 0xFF07, 0xFF07, 0xFF07, 0xFF07, 0xFF07, 0xFF07, 0xFF07, 0xFF07, 0xFF07, 0xFF07, 0xFF07,
  0xFF07, 0xFF07, 0xFF07, 0xFF07, 0xFF07, 0xFF07, 0xFF07, 0xFF07, 0xFF07, 0xFF07, 0xFF07, 0xFF07,
  0xA004, 0x8004, 0xA004, 0x800C, 0x4003, 0x4003, 0xA003, 0x8003, 0xC703, 0xFF07, 0xFF07, 0x4C04,
  0x8203, 0x8003, 0x3807, 0xFF07, 0xFF07, 0xFF77, 0x2033, 0xE05A, 0xE0FB, 0x40FB, 0x80FB, 0x80FB,
  0xC0FB, 0xC0F9, 0x60E9, 0x80D9, 0xE0C9, 0xE0B9, 0xC0C9, 0xC0E1, 0x00FC, 0xC0FB, 0x80BA, 0xC0A2,
  0x8073, 0x931D, 0xFF07, 0xFF07, 0xFF07, 0xFF07, 0xFF07, 0xFF07, 0xFF07, 0xFF07, 0xFF07, 0x4003,
  0x4003, 0x4003, 0x2003, 0x2003, 0x6003, 0x2003, 0x2203, 0xB105, 0xFF07, 0xFF07, 0xFF07, 0xFF07,
  0xFF07, 0xFF07, 0xFF07, 0xFF07, 0xFF07, 0xFF07, 0xFF07, 0xFF07, 0xFF07, 0xFF07, 0xFF07, 0xFF07,
  0xFF07, 0xFF07, 0xFF07, 0xFF07, 0xFF07, 0xFF07, 0xFF07, 0xFF07, 0xFF07, 0xFF07, 0xFF07, 0xFF07,
  0xFF07, 0xFF07, 0xFF07, 0xFF07, 0xFF07, 0xFF07, 0xFF07, 0xFF07, 0xFF07, 0xFF07, 0xFF07, 0xFF07,
  0xFF07, 0xFF07, 0xFF07, 0xFF07, 0xFF07, 0xFF07, 0xFF07, 0xFF07, 0xFF07, 0xFF07, 0xFF07, 0xFF07,
  0xFF07, 0xFF07, 0xFF07, 0xFF07, 0xFF07, 0xFF07, 0xFF07, 0xFF07, 0xFF07, 0xFF07, 0xFF07, 0xFF07,
  0xE003, 0x6003, 0xE002, 0xE002, 0xE002, 0x8003, 0x2003, 0xB206, 0xFF07, 0xFF07, 0xFF07, 0xFF07,
  0xFF07, 0xFF07, 0xFF07, 0xFF07, 0xFF07, 0xFF17, 0x819C, 0x60FB, 0xC0FB, 0x00FC, 0xC0FB, 0x60FB,
  0xC0FB, 0x20FC, 0xA0FB, 0xE0E9, 0x60D9, 0xA0D9, 0xA0D1, 0x80D1, 0xA0C9, 0xC0D9, 0xE09A, 0xA05B,
  0xFE27, 0xFF07, 0xFF07, 0xFF07, 0xFF07, 0xFF07, 0xFF07, 0xFF07, 0xFF07, 0xFF07, 0xFF07, 0xFF07,
  0x2A04, 0x4003, 0xC003, 0xA003, 0x0003, 0x2903, 0xFF07, 0xFF07, 0xFF07, 0xFF07, 0xFF07, 0xFF07,
  0xFF07, 0xFF07, 0xFF07, 0xFF07, 0xFF07, 0xFF07, 0xFF07, 0xFF07, 0xFF07, 0xFF07, 0xFF07, 0xFF07,
  0xFF07, 0xFF07, 0xFF07, 0xFF07, 0xFF07, 0xFF07, 0xFF07, 0xFF07, 0xFF07, 0xFF07, 0xFF07, 0xFF07,
  0xFF07, 0xFF07, 0xFF07, 0xFF07, 0xFF07, 0xFF07, 0xFF07, 0xFF07, 0xFF07, 0xFF07, 0xFF07, 0xFF07,
  0xFF07, 0xFF07, 0xFF07, 0xFF07, 0xFF07, 0xFF07, 0xFF07, 0xFF07, 0xFF07, 0xFF07, 0xFF07, 0xFF07,
  0xFF07, 0xFF07, 0xFF07, 0xFF07, 0xFF07, 0xFF07, 0xFF07, 0xFF07, 0xFF07, 0xFF07, 0xFF07, 0xFF07,
  0x2004, 0x2004, 0xE003, 0x0004, 0x8003, 0x4E16, 0x3A1F, 0xBF0F, 0xFF07, 0xFF07, 0xFF07, 0xFF07,
  0xFF07, 0xFF07, 0xFF07, 0xFF07, 0xFF07, 0xFF07, 0xA46C, 0x80FC, 0xA0FB, 0xE0FB, 0xA0FB, 0xA0FB,
  0xE0FB, 0xE0FB, 0xC0FB, 0x40FB, 0x20FB, 0xC0E1, 0xC0E1, 0xC0D9, 0xC0D1, 0xA092, 0x4A3D, 0xF315,
  0xFF07, 0xFF07, 0xFF07, 0xFF07, 0xFF07, 0xFF07, 0xFF07, 0xFF07, 0xFF07, 0xFF07, 0xFF07, 0xFF07,
  0xFF1F, 0x7606, 0xB20E, 0x2F0E, 0x5206, 0xBE07, 0xFF07, 0xFF07, 0xFF07, 0xFF07, 0xFF07, 0xFF07,
  0xFF07, 0xFF07, 0xFF07, 0xFF07, 0xFF07, 0xFF07, 0xFF07, 0xFF07, 0xFF07, 0xFF07, 0xFF07, 0xFF07,
  0xFF07, 0xFF07, 0xFF07, 0xFF07, 0xFF07, 0xFF07, 0xFF07, 0xFF07, 0xFF07, 0xFF07, 0xFF07, 0xFF07,
  0xFF07, 0xFF07, 0xFF07, 0xFF07, 0xFF07, 0xFF07, 0xFF07, 0xFF07, 0xFF07, 0xFF07, 0xFF07, 0xFF07,
  0xFF07, 0xFF07, 0xFF07, 0xFF07, 0xFF07, 0xFF07, 0xFF07, 0xFF07, 0xFF07, 0xFF07, 0xFF07, 0xFF07,
  0xFF07, 0xFF07, 0xFF07, 0xFF07, 0xFF07, 0xFF07, 0xFF07, 0xFF07, 0xFF07, 0xFF07, 0xFF07, 0xFF07,
  0xA003, 0x8003, 0xA003, 0xA003, 0xC403, 0x5706, 0xFF07, 0xFF07, 0xFF07, 0xFF07, 0xFF07, 0xFF07,
  0xFF07, 0xFF07, 0xFF07, 0xFF07, 0xFF07, 0xFF07, 0x9567, 0xA0D4, 0xA0FB, 0xA0FB, 0xA0FB, 0xC0FB,
  0xC0FB, 0xC0FB, 0xC0FB, 0xC0FB, 0xA0FB, 0x80E9, 0xC0E1, 0xA0E1, 0xC0D1, 0x6063, 0xFE17, 0xFF07,
  0xFF07, 0xFF07, 0xFF07, 0xFF07, 0xFF07, 0xFF07, 0xFF07, 0xFF07, 0xFF07, 0xFF07, 0xFF07, 0xFF07,
  0xFF07, 0xFF07, 0xFF07, 0xFF07, 0xFF07, 0xFF07, 0xFF07, 0xFF07, 0xFF07, 0xFF07, 0xFF07, 0xFF07,
  0xFF07, 0xFF07, 0xFF07, 0xFF07, 0xFF07, 0xFF07, 0xFF07, 0xFF07, 0xFF07, 0xFF07, 0xFF07, 0xFF07,
  0xFF07, 0xFF07, 0xFF07, 0xFF07, 0xFF07, 0xFF07, 0xFF07, 0xFF07, 0xFF07, 0xFF07, 0xFF07, 0xFF07,
  0xFF07, 0xFF07, 0xFF07, 0xFF07, 0xFF07, 0xFF07, 0xFF07, 0xFF07, 0xFF07, 0xFF07, 0xFF07, 0xFF07,
  0xFF07, 0xFF07, 0xFF07, 0xFF07, 0xFF07, 0xFF07, 0xFF07, 0xFF07, 0xFF07, 0xFF07, 0xFF07, 0xFF07,
  0xFF07, 0xFF07, 0xFF07, 0xFF07, 0xFF07, 0xFF07, 0xFF07, 0xFF07, 0xFF07, 0xFF07, 0xFF07, 0xFF07,
  0xBF27, 0xDF27, 0xFF27, 0xFF1F, 0xFF17, 0xFF07, 0xFF07, 0xFF07, 0xFF07, 0xFF07, 0xFF07, 0xFF07,
  0xFF07, 0xFF07, 0xFF07, 0xFF07, 0xFF07, 0xFF07, 0xFF17, 0x32B7, 0xC0FB, 0x80FB, 0xA0FB, 0xE0FB,
  0x80FB, 0xA0FB, 0xC0FB, 0xE0FB, 0xC0FB, 0x80E9, 0x80E9, 0x60E9, 0xC0D9, 0x8163, 0xFF07, 0xFF07,
  0xFF07, 0xFF07, 0xFF07, 0xFF07, 0xFF07, 0xFF07, 0xFF07, 0xFF07, 0xFF07, 0xFF07, 0xFF07, 0xFF07,
  0xFF07, 0xFF07, 0xFF07, 0xFF07, 0xFF07, 0xFF07, 0xFF07, 0xFF07, 0xFF07, 0xFF07, 0xFF07, 0xFF07,
  0xFF07, 0xFF07, 0xFF07, 0xFF07, 0xFF07, 0xFF07, 0xFF07, 0xFF07, 0xFF07, 0xFF07, 0xFF07, 0xFF07,
  0xFF07, 0xFF07, 0xFF07, 0xFF07, 0xFF07, 0xFF07, 0xFF07, 0xFF07, 0xFF07, 0xFF07, 0xFF07, 0xFF07,
  0xFF07, 0xFF07, 0xFF07, 0xFF07, 0xFF07, 0xFF07, 0xFF07, 0xFF07, 0xFF07, 0xFF07, 0xFF07, 0xFF07,
  0xFF07, 0xFF07, 0xFF07, 0xFF07, 0xFF07, 0xFF07, 0xFF07, 0xFF07, 0xFF07, 0xFF07, 0xFF07, 0xFF07,
  0xFF07, 0xFF07, 0xFF07, 0xFF07, 0xFF07, 0xFF07, 0xFF07, 0xFF07, 0xFF07, 0xFF07, 0xFF07, 0xFF07,
  0xFF07, 0xFF07, 0xFF07, 0xFF07, 0xFF07, 0xFF07, 0xFF07, 0xFF07, 0xFF07, 0xFF07, 0xFF07, 0xFF07,
  0xFF07, 0xFF07, 0xFF07, 0xFF07, 0xFF07, 0xFF07, 0xFF07, 0x7A5F, 0xE0FB, 0xA0FB, 0xA0FB, 0xE0FB,
  0x80FB, 0xA0FB, 0xE0FB, 0x80FB, 0xC0F9, 0x20E9, 0x20E1, 0x80F1, 0xA0D9, 0xE082, 0xFF17, 0xFF07,
  0xFF07, 0xFF07, 0xFF07, 0xFF07, 0xFF07, 0xFF07, 0xFF07, 0xFF07, 0xFF07, 0xFF07, 0xFF07, 0xFF07,
  0xFF07, 0xFF07, 0xFF07, 0xFF07, 0xFF07, 0xFF07, 0xFF07, 0xFF07, 0xFF07, 0xFF07, 0xFF07, 0xFF07,
  0xFF07, 0xFF07, 0xFF07, 0xFF07, 0xFF07, 0xFF07, 0xFF07, 0xFF07, 0xFF07, 0xFF07, 0xFF07, 0xFF07,
  0xFF07, 0xFF07, 0xFF07, 0xFF07, 0xFF07, 0xFF07, 0xFF07, 0xFF07, 0xFF07, 0xFF07, 0xFF07, 0xFF07,
  0xFF07, 0xFF07, 0xFF07, 0xFF07, 0xFF07, 0xFF07, 0xFF07, 0xFF07, 0xFF07, 0xFF07, 0xFF07, 0xFF07,
  0xFF07, 0xFF07, 0xFF07, 0xFF07, 0xFF07, 0xFF07, 0xFF07, 0xFF07, 0xFF07, 0xFF07, 0xFF07, 0xFF07,
  0xFF07, 0xFF07, 0xFF07, 0xFF07, 0xFF07, 0xFF07, 0xFF07, 0xFF07, 0xFF07, 0xFF07, 0xFF07, 0xFF07,
  0xFF07, 0xFF07, 0xFF07, 0xFF07, 0xFF07, 0xFF07, 0xFF07, 0xFF07, 0xFF07, 0xFF07, 0xFF07, 0xFF07,
  0xFF07, 0xFF07, 0xFF07, 0xFF07, 0xFF07, 0xFF07, 0xFF07, 0xDF37, 0x20FC, 0xA0FB, 0xA0FB, 0xC0FB,
  0xE0FB, 0xC0FB, 0xA0FB, 0x80E9, 0x60E9, 0x40F1, 0x40E9, 0x60E9, 0x80D1, 0xC092, 0xFF2F, 0xFF07,
  0xFF07, 0xFF07, 0xFF07, 0xFF07, 0xFF07, 0xFF07, 0xFF07, 0xFF07, 0xFF07, 0xFF07, 0xFF07, 0xFF07,
  0xFF07, 0xFF07, 0xFF07, 0xFF07, 0xFF07, 0xFF07, 0xFF07, 0xFF07, 0xFF07, 0xFF07, 0xFF07, 0xFF07,
  0xFF07, 0xFF07, 0xFF07, 0xFF07, 0xFF07, 0xFF07, 0xFF07, 0xFF07, 0xFF07, 0xFF07, 0xFF07, 0xFF07,
  0xFF07, 0xFF07, 0xFF07, 0xFF07, 0xFF07, 0xFF07, 0xFF07, 0xFF07, 0xFF07, 0xFF07, 0xFF07, 0xFF07,
  0xFF07, 0xFF07, 0xFF07, 0xFF07, 0xFF07, 0xFF07, 0xFF07, 0xFF07, 0xFF07, 0xFF07, 0xFF07, 0xFF07,
  0xFF07, 0xFF07, 0xFF07, 0xFF07, 0xFF07, 0xFF07, 0xFF07, 0xFF07, 0xFF07, 0xFF07, 0xFF07, 0xFF07,
  0xFF07, 0xFF07, 0xFF07, 0xFF07, 0xFF07, 0xFF07, 0xFF07, 0xFF07, 0xFF07, 0xFF07, 0xFF07, 0xFF07,
  0xFF07, 0xFF07, 0xFF07, 0xFF07, 0xFF07, 0xFF07, 0xFF07, 0xFF07, 0xFF07, 0xFF07, 0xFF07, 0xFF07,
  0xFF07, 0xFF07, 0xFF07, 0xFF07, 0xFF07, 0xFF07, 0xFF07, 0xFF2F, 0x20FC, 0xA0FB, 0x80FB, 0xA0FB,
  0x00FC, 0xE0FB, 0x80FB, 0xE0F1, 0xE0F9, 0x60E9, 0x80E9, 0x40E1, 0x80D1, 0x608B, 0xFE17, 0xFF07,
  0xFF07, 0xFF07, 0xFF07, 0xFF07, 0xFF07, 0xFF07, 0xFF07, 0xFF07, 0xFF07, 0xFF07, 0xFF07, 0xFF07,
  0xFF07, 0xFF07, 0xFF07, 0xFF07, 0xFF07, 0xFF07, 0xFF07, 0xFF07, 0xFF07, 0xFF07, 0xFF07, 0xFF07,
  0xFF07, 0xFF07, 0xFF07, 0xFF17, 0xFF07, 0xFF07, 0xFF07, 0xFF07, 0xFF07, 0xFF07, 0xFF07, 0xFF07,
  0xFF07, 0xFF07, 0xFF07, 0xFF07, 0xFF07, 0xFF07, 0xFF07, 0xFF07, 0xFF07, 0xFF07, 0xFF07, 0xFF07,
  0xFF07, 0xFF07, 0xFF07, 0xFF07, 0xFF07, 0xFF07, 0xFF07, 0xFF07, 0xFF07, 0xFF07, 0xFF07, 0xFF07,
  0xFF07, 0xFF07, 0xFF07, 0xFF07, 0xFF07, 0xFF07, 0xFF07, 0xFF07, 0xFF07, 0xFF07, 0xFF07, 0xFF07,
  0xFF07, 0xFF07, 0xFF07, 0xFF07, 0xFF07, 0xFF07, 0xFF07, 0xFF07, 0xFF07, 0xFF07, 0xFF07, 0xFF07,
  0xFF07, 0xFF07, 0xFF07, 0xFF07, 0xFF07, 0xFF07, 0xFF07, 0xFF07, 0xFF07, 0xFF07, 0xFF07, 0xFF07,
  0xFF07, 0xFF07, 0xFF07, 0xFF07, 0xFF07, 0xFF07, 0xFF07, 0xDF37, 0x20FC, 0xC0FB, 0x60FB, 0xA0FB,
  0xC0FB, 0xC0FB, 0xE0FB, 0xE0FB, 0x80FB, 0x80E9, 0x80E9, 0x60E1, 0x80D1, 0x607B, 0xFF07, 0xFF07,
  0xFF07, 0xFF07, 0xFF07, 0xFF07, 0xFF07, 0xFF07, 0xFF07, 0xFF07, 0xFF07, 0xFF07, 0xFF07, 0xFF07,
  0xFF07, 0xFF07, 0xFF07, 0xFF07, 0xFF07, 0xFF07, 0xFF07, 0xFF07, 0xFF07, 0xFF07, 0xFF07, 0xFE1F,
  0xF627, 0xF137, 0xEF3F, 0xEF37, 0xF417, 0xFB0F, 0xFF07, 0xFF07, 0xFF07, 0xFF07, 0xFF07, 0xFF07,
  0xFF07, 0xFF07, 0xFF07, 0xFF07, 0xFF07, 0xFF07, 0xFF07, 0xFF07, 0xFF07, 0xFF07, 0xFF07, 0xFF07,
  0xFF07, 0xFF07, 0xFF07, 0xFF07, 0xFF07, 0xFF07, 0xFF07, 0xFF07, 0xFF07, 0xFF07, 0xFF07, 0xFF07,
  0xFF07, 0xFF07, 0xFF07, 0xFF07, 0xFF07, 0xFF07, 0xFF07, 0xFF07, 0xFF07, 0xFF07, 0xFF07, 0xFF07,
  0xFF07, 0xFF07, 0xFF07, 0xFF07, 0xFF07, 0xFF07, 0xFF07, 0xFF07, 0xFF07, 0xFF07, 0xFF07, 0xFF07,
  0xFF07, 0xFF07, 0xFF07, 0xFF07, 0xFF07, 0xFF07, 0xFF07, 0xFF07, 0xFF07, 0xFF07, 0xFF07, 0xFF07,
  0xFF07, 0xFF07, 0xFF07, 0xFF07, 0xFF07, 0xFF07, 0xFF07, 0x7F4F, 0x80FC, 0xE0FB, 0xA0FB, 0xA0FB,
  0xA0FB, 0xC0FB, 0xE0FB, 0xE0FB, 0xA0FB, 0x80E9, 0x80E9, 0x80E9, 0xC0E1, 0x4073, 0xFF17, 0xFF07,
  0xFF07, 0xFF07, 0xFF07, 0xFF07, 0xFF07, 0xFF07, 0xFF07, 0xFF07, 0xFF07, 0xFF07, 0xFF07, 0xFF07,
  0xFF07, 0xFF07, 0xFF07, 0xFF07, 0xFF07, 0xFF07, 0xFF07, 0xFF07, 0xFF07, 0xFF07, 0xFC27, 0xED37,
  0xE04F, 0xE067, 0xE06F, 0xE05F, 0xE02F, 0xE927, 0xF627, 0xFF1F, 0xFF07, 0xFF07, 0xFF07, 0xFF07,
  0xFF07, 0xFF07, 0xFF07, 0xFF07, 0xFF07, 0xFF07, 0xFF07, 0xFF07, 0xFF07, 0xFF07, 0xFF07, 0xFF07,
  0xFF07, 0xFF07, 0xFF07, 0xFF07, 0xFF07, 0xFF07, 0xFF07, 0xFF07, 0xFF07, 0xFF07, 0xFF07, 0xFF07,
  0xFF07, 0xFF07, 0xFF07, 0xFF07, 0xFF07, 0xFF07, 0xFF07, 0xFF07, 0xFF07, 0xFF07, 0xFF07, 0xFF07,
  0xFF07, 0xFF07, 0xFF07, 0xFF07, 0xFF07, 0xFF07, 0xFF07, 0xFF07, 0xFF07, 0xFF07, 0xFF07, 0xFF07,
  0xFF07, 0xFF07, 0xFF07, 0xFF07, 0xFF07, 0xFF07, 0xFF07, 0xFF07, 0xFF07, 0xFF07, 0xFF07, 0xFF07,
  0xFF07, 0xFF07, 0xFF07, 0xFF07, 0xFF07, 0xFF07, 0xFF07, 0x7F4F, 0xE0FB, 0x00FC, 0x60FD, 0xC0FB,
  0xA0FB, 0xC0FB, 0xE0FB, 0xC0FB, 0xA0FB, 0x80E9, 0x80E9, 0x80E9, 0xC0E1, 0x4073, 0xFF17, 0xFF07,
  0xFF07, 0xFF07, 0xFF07, 0xFF07, 0xFF07, 0xFF07, 0xFF07, 0xFF07, 0xFF07, 0xFF07, 0xFF07, 0xFF07,
  0xFF07, 0xFF07, 0xFF07, 0xFF07, 0xFF07, 0xFF07, 0xFF07, 0xFF07, 0xEF37, 0xED2F, 0xEA47, 0xE34F,
  0xE04F, 0xE057, 0xE057, 0x203F, 0xA03F, 0xC03F, 0xC027, 0xE01F, 0xE017, 0xE017, 0xE30F, 0xEE17,
  0xFF07, 0xFF07, 0xFF07, 0xFF07, 0xFF07, 0xFF07, 0xFF07, 0xFF07, 0xFF07, 0xFF07, 0xFF07, 0xFF07,
  0xFF07, 0xFF07, 0xFF07, 0xFF07, 0xFF07, 0xFF07, 0xFF07, 0xFF07, 0xFF07, 0xFF07, 0xFF07, 0xFF07,
  0xFF07, 0xFF07, 0xFF07, 0xFF07, 0xFF07, 0xFF07, 0xFF07, 0xFF07, 0xFF07, 0xFF07, 0xFF07, 0xFF07,
  0xFF07, 0xFF07, 0xFF07, 0xFF07, 0xFF07, 0xFF07, 0xFF07, 0xFF07, 0xFF07, 0xFF07, 0xFF07, 0xFF07,
  0xFF07, 0xFF07, 0xFF07, 0xFF07, 0xFF07, 0xFF07, 0xFF07, 0xFF07, 0xFF07, 0xFF07, 0xFF07, 0xFF07,
  0xFF07, 0xFF07, 0xFF07, 0xFF07, 0xFF07, 0xFF07, 0xFF07, 0x7F4F, 0x20FC, 0xE0FB, 0xE0FB, 0xC0FB,
  0xA0FB, 0xA0FB, 0xC0FB, 0xC0FB, 0x80FB, 0x60E9, 0x80E9, 0x60E9, 0xC0E1, 0x4073, 0xFF17, 0xFF07,
  0xFF07, 0xFF07, 0xFF07, 0xFF07, 0xFF07, 0xFF07, 0xFF07, 0xFF07, 0xFF07, 0xFF07, 0xFF07, 0xFF07,
  0xFF07, 0xFF07, 0xFF07, 0xFF07, 0xFF07, 0xFF07, 0xFF17, 0xEE2F, 0xE057, 0xE067, 0xE16F, 0xE06F,
  0xE05F, 0xA03F, 0x4027, 0x202F, 0x003F, 0x8047, 0xC03F, 0xE03F, 0xC02F, 0x601F, 0x211F, 0xEA37,
  0xB707, 0xFF07, 0xFF07, 0xFF07, 0xFF07, 0xFF07, 0xFF07, 0xFF07, 0xFF07, 0xFF07, 0xFF07, 0xFF07,
  0xFF07, 0xFF07, 0xFF07, 0xFF07, 0xFF07, 0xFF07, 0xFF07, 0xFF07, 0xFF07, 0xFF07, 0xFF07, 0xFF07,
  0xFF07, 0xFF07, 0xFF07, 0xFF07, 0xFF07, 0xFF07, 0xFF07, 0xFF07, 0xFF07, 0xFF07, 0xFF07, 0xFF07,
  0xFF07, 0xFF07, 0xFF07, 0xFF07, 0xFF07, 0xFF07, 0xFF07, 0xFF07, 0xFF07, 0xFF07, 0xFF07, 0xFF07,
  0xFF07, 0xFF07, 0xFF07, 0xFF07, 0xFF07, 0xFF07, 0xFF07, 0xFF07, 0xFF07, 0xFF07, 0xFF07, 0xFF07,
  0xFF07, 0xFF07, 0xFF07, 0xFF07, 0xFF07, 0xFF07, 0xFF07, 0x7F4F, 0x20FC, 0x00FC, 0x40FB, 0xC0FB,
  0xA0FB, 0xA0FB, 0xC0FB, 0xA0FB, 0x80FB, 0x60E9, 0x80E9, 0x60E9, 0xC0E1, 0x4073, 0xFF17, 0xFF07,
  0xFF07, 0xFF07, 0xFF07, 0xFF07, 0xFF07, 0xFF07, 0xFF07, 0xFF07, 0xFF07, 0xFF07, 0xFF07, 0xFF07,
  0xFF07, 0xFF07, 0xFF07, 0xFF07, 0xFF07, 0xFF07, 0xF13F, 0xE157, 0xE077, 0xE277, 0xE267, 0xE36F,
  0xE05F, 0xC03F, 0xE14F, 0x001F, 0x2037, 0xA03F, 0xA13F, 0x6037, 0xA13F, 0xA23F, 0x4237, 0x622F,
  0x2207, 0xFF17, 0xFF07, 0xFF07, 0xFF07, 0xFF07, 0xFF07, 0xFF07, 0xFF07, 0xFF07, 0xFF07, 0xFF07,
  0xFF07, 0xFF07, 0xFF07, 0xFF07, 0xFF07, 0xFF07, 0xFF07, 0xFF07, 0xFF07, 0xFF07, 0xFF07, 0xFF07,
  0xFF07, 0xFF07, 0xFF07, 0xFF07, 0xFF07, 0xFF07, 0xFF07, 0xFF07, 0xFF07, 0xFF07, 0xFF07, 0xFF07,
  0xFF07, 0xFF07, 0xFF07, 0xFF07, 0xFF07, 0xFF07, 0xFF07, 0xFF07, 0xFF07, 0xFF07, 0xFF07, 0xFF07,
  0xFF07, 0xFF07, 0xFF07, 0xFF07, 0xFF07, 0xFF07, 0xFF07, 0xFF07, 0xFF07, 0xFF07, 0xFF07, 0xFF07,
  0xFF07, 0xFF07, 0xFF07, 0xFF07, 0xFF07, 0xFF07, 0xFF07, 0x7F4F, 0x20FC, 0xC0FB, 0xA0FB, 0xA0FB,
  0xA0FB, 0xA0FB, 0xC0FB, 0x00FA, 0xE0F9, 0x60E9, 0xC0F1, 0x80E9, 0xC0E1, 0x407B, 0xFF17, 0xFF07,
  0xFF07, 0xFF07, 0xFF07, 0xFF07, 0xFF07, 0xFF07, 0xFF07, 0xFF07, 0xFF07, 0xFF07, 0xFF07, 0xFF07,
  0xFF07, 0xFF07, 0xFF07, 0xFF07, 0xFF17, 0xF247, 0xE25F, 0xE067, 0xE15F, 0xE157, 0xE35F, 0xA04F,
  0xE04F, 0x202F, 0xE03F, 0xE037, 0xE037, 0xC237, 0xA32F, 0xA32F, 0xA02F, 0xE037, 0xC037, 0xE057,
  0xE947, 0xFE17, 0xFF07, 0xFF07, 0xFF07, 0xFF07, 0xFF07, 0xFF07, 0xFF07, 0xFF07, 0xFF07, 0xFF07,
  0xFF07, 0xFF07, 0xFF07, 0xFF07, 0xFF07, 0xFF07, 0xFF07, 0xFF07, 0xFF07, 0xFF07, 0xFF07, 0xFF07,
  0xFF07, 0xFF07, 0xFF07, 0xFF07, 0xFF07, 0xFF07, 0xFF07, 0xFF07, 0xFF07, 0xFF07, 0xFF07, 0xFF07,
  0xFF07, 0xFF07, 0xFF07, 0xFF07, 0xFF07, 0xFF07, 0xFF07, 0xFF07, 0xFF07, 0xFF07, 0xFF07, 0xFF07,
  0xFF07, 0xFF07, 0xFF07, 0xFF07, 0xFF07, 0xFF07, 0xFF07, 0xFF07, 0xFF07, 0xFF07, 0xFF07, 0xFF07,
  0xFF07, 0xFF07, 0xFF07, 0xFF07, 0xFF07, 0xFF07, 0xFF07, 0x9F4F, 0x20FC, 0xE0FB, 0x80FB, 0xA0FB,
  0xA0FB, 0xA0FB, 0xC0FB, 0x40FA, 0x20FA, 0x80E9, 0x80E9, 0x80E9, 0xC0E1, 0x407B, 0xFF17, 0xFF07,
  0xFF07, 0xFF07, 0xFF07, 0xFF07, 0xFF07, 0xFF07, 0xFF07, 0xFF07, 0xFF07, 0xFF07, 0xFF07, 0xFF07,
  0xFF07, 0xFF07, 0xFF07, 0xFF07, 0xEF2F, 0xE04F, 0xE06F, 0xE067, 0xE057, 0xE04F, 0xE057, 0xC03F,
  0xE04F, 0x6037, 0x6037, 0xA03F, 0xC027, 0xE22F, 0xE12F, 0xE027, 0x601F, 0xE037, 0xE03F, 0xE047,
  0xE967, 0xF62F, 0xFF07, 0xFF07, 0xDF1F, 0xFF1F, 0xFF07, 0xFF07, 0xFF07, 0xFF07, 0xFF07, 0xFF07,
  0xFF07, 0xFF07, 0xFF07, 0xFF07, 0xFF07, 0xFF07, 0xFF07, 0xFF07, 0xFF07, 0xFF07, 0xFF07, 0xFF07,
  0xFF07, 0xFF07, 0xFF07, 0xFF07, 0xFF07, 0xFF07, 0xFF07, 0xFF07, 0xFF07, 0xFF07, 0xFF07, 0xFF07,
  0xFF07, 0xFF07, 0xFF07, 0xFF07, 0xFF07, 0xFF07, 0xFF07, 0xFF07, 0xFF07, 0xFF07, 0xFF07, 0xFF07,
  0xFF07, 0xFF07, 0xFF07, 0xFF07, 0xFF07, 0xFF07, 0xFF07, 0xFF07, 0xFF07, 0xFF07, 0xFF07, 0xFF07,
  0xFF07, 0xFF07, 0xFF07, 0xFF07, 0xFF07, 0xFF07, 0xFF07, 0x9E57, 0x20FC, 0xC0FB, 0xA0FB, 0xC0FB,
  0xC0FB, 0xA0FB, 0xE0FB, 0xA0FB, 0x80FB, 0x80E9, 0x80E9, 0x60E1, 0xC0E1, 0x407B, 0xFF17, 0xFF07,
  0xFF07, 0xFF07, 0xFF07, 0xFF07, 0xFF07, 0xFF07, 0xFF07, 0xFF07, 0xFF07, 0xFF07, 0xFF07, 0xFF07,
  0xFF07, 0xFF07, 0xFF27, 0xF147, 0xC037, 0xE047, 0x6037, 0x803F, 0xC03F, 0xA03F, 0xC03F, 0xA037,
  0x0027, 0xC01E, 0xC026, 0x2027, 0xC037, 0xA02F, 0x4027, 0xC037, 0xE05F, 0xE057, 0x6047, 0xE16F,
  0xC05F, 0xE347, 0xEB27, 0xC71F, 0xE53F, 0xE21F, 0xEF07, 0xFF07, 0xFF07, 0xFF07, 0xFF07, 0xFF07,
  0xFF07, 0xFF07, 0xFF07, 0xFF07, 0xFF07, 0xFF07, 0xFF07, 0xFF07, 0xFF07, 0xFF07, 0xFF07, 0xFF07,
  0xFF07, 0xFF07, 0xFF07, 0xFF07, 0xFF07, 0xFF07, 0xFF07, 0xFF07, 0xFF07, 0xFF07, 0xFF07, 0xFF07,
  0xFF07, 0xFF07, 0xFF07, 0xFF07, 0xFF07, 0xFF07, 0xFF07, 0xFF07, 0xFF07, 0xFF07, 0xFF07, 0xFF07,
  0xFF07, 0xFF07, 0xFF07, 0xFF07, 0xFF07, 0xFF07, 0xFF07, 0xFF07, 0xFF07, 0xFF07, 0xFF07, 0xFF07,
  0xFF07, 0xFF07, 0xFF07, 0xBF37, 0xBF3F, 0xFF2F, 0xFF2F, 0x5A6F, 0x40FC, 0xA0FB, 0x80FB, 0xE0FB,
  0xE0FB, 0xC0FB, 0xC0FB, 0xA0FB, 0x60FB, 0x80E9, 0x80E1, 0x80E1, 0xA0E1, 0x417B, 0xFF17, 0xFF07,
  0xFF07, 0xFF07, 0xFF07, 0xFF07, 0xFF07, 0xFF07, 0xFF07, 0xFF07, 0xFF07, 0xFF07, 0xFF07, 0xFF07,
  0xFF07, 0xFD1F, 0xEE2F, 0xE04F, 0xE03F, 0xE03F, 0xE137, 0x6027, 0x6047, 0xA047, 0x603F, 0xC026,
  0xE026, 0x402F, 0x0027, 0x0027, 0xC026, 0xC02E, 0xC02E, 0xA02E, 0xE367, 0xE05F, 0xE167, 0xE16F,
  0xE277, 0xC03F, 0xE44F, 0xE04F, 0xE04F, 0xE03F, 0xC817, 0xFF07, 0xFF07, 0xFF07, 0xFF07, 0xFF07,
  0xFF07, 0xFF07, 0xFF07, 0xFF07, 0xFF07, 0xFF07, 0xFF07, 0xFF07, 0xFF07, 0xFF07, 0xFF07, 0xFF07,
  0xFF07, 0xFF07, 0xFF07, 0xFF07, 0xFF07, 0xFF07, 0xFF07, 0xFF07, 0xFF07, 0xFF07, 0xFF07, 0xFF07,
  0xFF07, 0xFF07, 0xFF07, 0xFF07, 0xFF07, 0xFF07, 0xFF07, 0xFF07, 0xFF07, 0xFF07, 0xFF07, 0xFF07,
  0xFF07, 0xFF07, 0xFF07, 0xFF07, 0xFF07, 0xFF07, 0xFF07, 0xFF07, 0xFF07, 0xFF07, 0xFF07, 0xFF07,
  0xFF07, 0xFF07, 0x4C2E, 0xE0F4, 0x80FC, 0xE0C4, 0xF4FF, 0xF9FF, 0x60FC, 0xE0FB, 0xA0FB, 0x80FC,
  0x00FC, 0xE0FB, 0xE0FB, 0x80FB, 0x60FB, 0x60E1, 0xA0E1, 0xA0E1, 0x60E1, 0x2183, 0xFF07, 0xFF07,
  0xFF07, 0xFF07, 0xFF07, 0xFF07, 0xFF07, 0xFF07, 0xFF07, 0xFF07, 0xFF07, 0xF42F, 0xE727, 0xE41F,
  0xE02F, 0xE13F, 0xE24F, 0xE35F, 0x8037, 0x8037, 0xA037, 0xC03F, 0xE05F, 0x6037, 0x4037, 0xC036,
  0xC026, 0x0017, 0x001F, 0x0027, 0xE036, 0xA02E, 0x8047, 0x8047, 0xE05F, 0xC04F, 0xC057, 0xE057,
  0xC03F, 0xC03F, 0xE667, 0xE147, 0xC03F, 0xE016, 0xA016, 0x871F, 0xFF07, 0xFF07, 0xFF07, 0xFF07,
  0xFF07, 0xFF07, 0xFF07, 0xFF07, 0xFF07, 0xFF07, 0xFF07, 0xFF07, 0xFF07, 0xFF07, 0xFF07, 0xFF07,
  0xFF07, 0xFF07, 0xFF07, 0xFF07, 0xFF07, 0xFF07, 0xFF07, 0xFF07, 0xFF07, 0xFF07, 0xFF07, 0xFF07,
  0xFF07, 0xFF07, 0xFF07, 0xFF07, 0xFF07, 0xFF07, 0xFF07, 0xFF07, 0xFF07, 0xFF07, 0xFF07, 0xFF07,
  0xBB17, 0xB306, 0xFF07, 0xFF07, 0xFF07, 0xFF07, 0xFF07, 0xFF07, 0xFF07, 0xFF07, 0xFF07, 0xFF07,
  0xFF07, 0xFFA7, 0xF4FF, 0xC0EA, 0xE0FB, 0x80FB, 0x40FC, 0xA0CB, 0x20C3, 0xE0DA, 0x20FC, 0xC0FB,
  0x40FB, 0xA0FB, 0xA0FB, 0xE0FB, 0x80FB, 0x60F1, 0x20F1, 0x20E9, 0xE0D1, 0x607B, 0xFF07, 0xFF07,
  0xFF07, 0xFF07, 0xFF07, 0xFF07, 0xFF07, 0xFF07, 0xFF07, 0xFF07, 0xF92F, 0xE23F, 0xE357, 0xC13F,
  0xC137, 0xC037, 0xA037, 0xC03F, 0x803F, 0xE047, 0xE03F, 0xC037, 0x0027, 0x0037, 0x0027, 0x400F,
  0x401F, 0xC03E, 0xA03E, 0xC02E, 0x6047, 0x8047, 0xC03F, 0xE037, 0xE03F, 0xC03F, 0x602F, 0xA03F,
  0x8037, 0xE047, 0x402F, 0x202F, 0x6016, 0xE026, 0xC005, 0xA005, 0xF917, 0xFF07, 0xFF07, 0xFF07,
  0xFF07, 0xFF07, 0xFF07, 0xFF07, 0xFF07, 0xFF07, 0xFF07, 0xFF07, 0xFF07, 0xFF07, 0xFF07, 0xFF07,
  0xFF07, 0xFF07, 0xFF07, 0xFF07, 0xFF07, 0xFF07, 0xFF07, 0xFF07, 0xFF07, 0xFF07, 0xFF07, 0xFF07,
  0xFF07, 0xFF07, 0xFF07, 0xFF07, 0xFF07, 0xFF07, 0xFF07, 0xFF07, 0xFF07, 0xFF07, 0xFF07, 0xFF07,
  0x603F, 0xE42F, 0xFA1F, 0xFF07, 0xFF07, 0xFF07, 0xFF07, 0xFF07, 0xFF07, 0xFF07, 0xFF07, 0xFF07,
  0xFF47, 0xFFF7, 0xE2A3, 0x60D2, 0xE0FB, 0xE0C1, 0x60FB, 0x60FB, 0x40DA, 0x80D1, 0xC0F3, 0x20FC,
  0x80FB, 0xA0FB, 0xE0FB, 0xE0FB, 0xC0FB, 0x80E1, 0x80E1, 0x60E1, 0xE0C9, 0x407B, 0xFF07, 0xFF07,
  0xFF07, 0xFF07, 0xFF07, 0xFF07, 0xFF07, 0xFF07, 0xFF07, 0xF62F, 0xE957, 0xE367, 0xE05F, 0xA047,
  0xC037, 0xC037, 0xC037, 0xE03F, 0xE047, 0xC03F, 0x0027, 0xE01E, 0x001F, 0xC01E, 0x401F, 0x600F,
  0x601F, 0xE02E, 0xC02E, 0x202F, 0xE027, 0xE03F, 0xE047, 0xC047, 0x4037, 0xE047, 0xE047, 0xE03F,
  0xE047, 0xC01E, 0x8016, 0x002F, 0x8047, 0x203F, 0x6026, 0xE00D, 0x4706, 0xFF07, 0xFF07, 0xFF07,
  0xFF07, 0xFF07, 0xFF07, 0xFF07, 0xFF07, 0xFF07, 0xFF07, 0xFF07, 0xFF07, 0xFF07, 0xFF07, 0xFF07,
  0xFF07, 0xFF07, 0xFF07, 0xFF07, 0xFF07, 0xFF07, 0xFF07, 0xFF07, 0xFF07, 0xFF07, 0xFF07, 0xFF07,
  0xFF07, 0xFF07, 0xFF07, 0xFF07, 0xFF07, 0xFF07, 0xFF07, 0xFF07, 0xFF07, 0xFF07, 0xFF07, 0xFF07,
  0x0015, 0xC004, 0x8005, 0xB606, 0xFF07, 0xFF07, 0xFF07, 0xFF07, 0xFF07, 0xFF07, 0xFF07, 0xAC05,
  0x4054, 0xC092, 0x60FC, 0x20FC, 0xA0E4, 0xF7FF, 0x80E2, 0xE0E1, 0xA0D1, 0x00FC, 0xF0F7, 0xE0EC,
  0x20FC, 0xA0FB, 0xE0FB, 0x60FA, 0x40F2, 0xC0D9, 0xE0C9, 0x20CA, 0xE0C9, 0x2183, 0xFF07, 0xFF07,
  0xFF07, 0xFF07, 0xFF07, 0xFF07, 0xFF07, 0xFF07, 0xF91F, 0xE42F, 0xE047, 0xE057, 0xE057, 0xC03F,
  0xA037, 0xC037, 0xC03F, 0xC03F, 0x202F, 0xA03F, 0x4037, 0xC026, 0x0037, 0x0027, 0xE046, 0x603D,
  0xA02D, 0x2027, 0x201F, 0x0027, 0x601F, 0x603F, 0x604F, 0x6057, 0xC05F, 0xA04F, 0x201F, 0x001F,
  0xC026, 0x401E, 0x401E, 0x0016, 0xA015, 0xA004, 0x8015, 0x4015, 0xC004, 0x8F06, 0xFF0F, 0xFF07,
  0xFF07, 0xFF07, 0xFF07, 0xFF07, 0xFF07, 0xFF07, 0xFF07, 0xFF07, 0xFF07, 0xFF07, 0xFF07, 0xFF07,
  0xFF07, 0xFF07, 0xFF07, 0xFF07, 0xFF07, 0xFF07, 0xFF07, 0xFF07, 0xFF07, 0xFF07, 0xFF07, 0xFF07,
  0xFF07, 0xFF07, 0xFF07, 0xFF07, 0xFF07, 0xFF07, 0xFF07, 0xFF07, 0xFF07, 0xFF07, 0xFF07, 0xFF07,
  0x8015, 0xA01D, 0x6005, 0x0105, 0xF93F, 0xFF27, 0xFF07, 0xFF07, 0xFF07, 0xFF07, 0xFF1F, 0xA324,
  0xE08B, 0x40FC, 0xC0FB, 0xC0FC, 0x60CD, 0xFBFF, 0x60EB, 0x00D2, 0x20C2, 0xE0FB, 0xF6FF, 0x4BFF,
  0xA0FB, 0xA0FB, 0xE0FB, 0x20DA, 0xC0D1, 0xA0D1, 0xC0E1, 0xE0E1, 0x00D2, 0xE082, 0xFF17, 0xFF07,
  0xFF07, 0xFF07, 0xFF07, 0xFF07, 0xFF07, 0xFC27, 0xE747, 0x823F, 0xC04F, 0xE14F, 0xC12F, 0x801F,
  0xA03F, 0xA03F, 0xC03F, 0xA037, 0x6037, 0xE026, 0x801E, 0x4047, 0x4046, 0x0066, 0xA09D, 0x6083,
  0x007C, 0xA05D, 0xE036, 0x202F, 0xC056, 0xA03E, 0x803F, 0xE04F, 0xE257, 0x625F, 0x404E, 0x8056,
  0xC036, 0xE036, 0xE03E, 0x2005, 0xE00C, 0x0015, 0xE00C, 0x401D, 0xA014, 0x0005, 0x2E07, 0xFF07,
  0xFF07, 0xFF07, 0xFF07, 0xFF07, 0xFF07, 0xFF07, 0xFF07, 0xFF07, 0xFF07, 0xFF07, 0xFF07, 0xFF07,
  0xFF07, 0xFF07, 0xFF07, 0xFF07, 0xFF07, 0xFF07, 0xFF07, 0xFF07, 0xFF07, 0xFF07, 0xFF07, 0xFF07,
  0xFF07, 0xFF07, 0xFF07, 0xFF07, 0xFF07, 0xFF07, 0xFF07, 0xFF07, 0xFF07, 0xFF07, 0xFF07, 0xFF07,
  0xE057, 0xE07F, 0x000D, 0xE00C, 0x6005, 0xA005, 0xE005, 0xCE06, 0xFF07, 0xFF07, 0xFF07, 0xFFD7,
  0xF3FF, 0xC0D2, 0x80FB, 0x40FC, 0xA0CA, 0xA0FB, 0xE0E1, 0x40D9, 0xE0E1, 0xE0D9, 0x20D2, 0xE0E9,
  0x80FB, 0xA0FB, 0xE0FB, 0x00D2, 0x00D2, 0x40D1, 0x80E9, 0x00F2, 0x20C2, 0xE082, 0xFF17, 0xFF07,
  0xFF07, 0xFF07, 0xFF07, 0xFF07, 0xFF07, 0xF11F, 0xE137, 0xC047, 0x603F, 0xE016, 0xA027, 0xE016,
  0xC02E, 0x0027, 0x6037, 0xC03F, 0xE026, 0x2037, 0x8047, 0xC01D, 0xE03C, 0x20B5, 0xC0EC, 0x40EC,
  0xE0F4, 0x4083, 0xC03C, 0x201E, 0xA01D, 0x201F, 0xA00F, 0xE01F, 0x203F, 0xE06D, 0x00AD, 0xC083,
  0x801D, 0x600D, 0xA015, 0x200D, 0xE00C, 0xE014, 0xE014, 0x0015, 0x8004, 0x6005, 0xF11F, 0xFF07,
  0xFF07, 0xFF07, 0xFF07, 0xFF07, 0xFF07, 0xFF07, 0xFF07, 0xFF07, 0xFF07, 0xFF07, 0xFF07, 0xFF07,
  0xFF07, 0xFF07, 0xFF07, 0xFF07, 0xFF07, 0xFF07, 0xFF07, 0xFF07, 0xFF07, 0xFF07, 0xFF07, 0xFF07,
  0xFF07, 0xFF07, 0xFF07, 0xF517, 0xFB27, 0xFF07, 0xFF07, 0xFF07, 0xFF07, 0xFF07, 0xFF07, 0xFF07,
  0xE067, 0xE08F, 0xE015, 0x4015, 0x8004, 0xA01D, 0xC004, 0x6426, 0xFF07, 0xFF07, 0xFF07, 0xFF8F,
  0xFFD7, 0x625B, 0x41DC, 0x80B2, 0x20BA, 0xA0C2, 0xE0CA, 0x40BA, 0x80E1, 0xC0E9, 0x80D1, 0xA09A,
  0x40ED, 0x60FC, 0x00FC, 0xA0F1, 0x60E1, 0x00D2, 0x60A2, 0x20A3, 0x6092, 0x406B, 0xFF07, 0xFF07,
  0xFF07, 0xFF07, 0xFF27, 0xFF07, 0xFF07, 0xD017, 0xE44F, 0x6047, 0xA03F, 0x6005, 0xA01E, 0x203F,
  0xC02E, 0xC02E, 0x202F, 0x402F, 0x8016, 0x8047, 0x8026, 0xE004, 0x002D, 0x40AE, 0xA0CC, 0x80E4,
  0x80DC, 0xE08B, 0x203C, 0x2005, 0x0006, 0xE016, 0x201F, 0x202F, 0xE077, 0x8044, 0xC094, 0xA063,
  0x401D, 0x801D, 0x200D, 0xE004, 0x2015, 0xE014, 0x0015, 0x000D, 0x6005, 0x6A05, 0xFB07, 0xFF07,
  0xFF07, 0xFF07, 0xFF07, 0xFF07, 0xFF07, 0xFF07, 0xFF07, 0xFF07, 0xFF07, 0xFF07, 0xFF07, 0xFF07,
  0xFF07, 0xFF07, 0xFF07, 0xFF07, 0xFF07, 0xFF07, 0xFF07, 0xFF07, 0xFD27, 0xFF0F, 0xFF07, 0xFF07,
  0xFF07, 0xFF07, 0xFE17, 0xE027, 0xE047, 0xDD1F, 0xFF07, 0xFF07, 0xFF0F, 0xFF0F, 0xFF07, 0xFF07,
  0x800C, 0xC004, 0xE067, 0xE06F, 0x200D, 0xA06F, 0xE0A7, 0xE097, 0x8304, 0xFF07, 0xFF07, 0xFF07,
  0xFF07, 0xFF07, 0xFF07, 0xFFD7, 0xF8EF, 0xEABF, 0xE7DF, 0xEBFF, 0x60FB, 0xA0FB, 0x80F4, 0xE0D7,
  0xE0C7, 0xA0D5, 0xE0FB, 0x60F1, 0x60E1, 0x40CA, 0x807B, 0xE0BF, 0xE083, 0x204C, 0xFF07, 0xFF07,
  0xFF07, 0xF407, 0xE137, 0xEA1F, 0xFF07, 0xAB0F, 0x2005, 0x603E, 0xE057, 0xE06F, 0xE067, 0xE00C,
  0xC02E, 0xC026, 0x002F, 0x0027, 0x4005, 0xA00D, 0xA00D, 0x200D, 0xC00C, 0xC01C, 0xC04C, 0x409D,
  0xC0C5, 0x4074, 0xA03C, 0xE097, 0xE05F, 0x4035, 0xE02B, 0x402C, 0xE097, 0xE097, 0x6004, 0xC00C,
  0xC014, 0xE06F, 0xE087, 0x0005, 0x2015, 0x0015, 0x2015, 0x6005, 0xEE1F, 0xFF07, 0xFF07, 0xFF07,
  0xFF07, 0xFF07, 0xFF07, 0xFF07, 0xFF07, 0xF507, 0xE41F, 0xF31F, 0xFF07, 0xFF07, 0xFF07, 0xFF07,
  0xFF07, 0xFF07, 0xFF07, 0xFF07, 0xFF07, 0xFF07, 0xFF07, 0xFF07, 0xE42F, 0xF027, 0xFF07, 0xFF07,
  0xFF07, 0xFF07, 0xDF2F, 0xE04F, 0xE067, 0xE047, 0xED17, 0xFF07, 0xED1F, 0xE12F, 0xFF17, 0xFF07,
  0xE05F, 0xE05F, 0xE07F, 0xE077, 0x4036, 0xE067, 0xE07F, 0xE077, 0xE004, 0xFF07, 0xFF07, 0xFF0F,
  0xFF07, 0xFF07, 0xFF07, 0xFACF, 0xE0BF, 0xE09F, 0xE8CF, 0xE8FF, 0x20EC, 0x60FC, 0x00ED, 0xE0DF,
  0xE097, 0x80DF, 0xC0EC, 0x809B, 0x80CC, 0x60D9, 0x20B3, 0xE0AF, 0x409F, 0x403D, 0xFF17, 0xFF07,
  0xFF07, 0xE947, 0xE087, 0xEB37, 0xFF07, 0xE10F, 0xA057, 0xE057, 0xE04F, 0xE067, 0xE06F, 0xE07F,
  0x0016, 0x4005, 0xA00D, 0xA00D, 0x0037, 0xC036, 0x6015, 0x2015, 0xE024, 0xC014, 0xE005, 0xE08F,
  0xA09D, 0x209B, 0x2064, 0xE097, 0xE097, 0xA03B, 0xE06B, 0xE06C, 0xE0AF, 0xE087, 0x800D, 0xE00C,
  0xC014, 0xE067, 0xE087, 0xC01D, 0xE01C, 0xE014, 0x0005, 0xE04F, 0xF31F, 0xFF07, 0xFF07, 0xFF07,
  0xFF07, 0xFF07, 0xFF07, 0xFF17, 0xFF07, 0xF207, 0xE08F, 0x204F, 0xFF17, 0xFF07, 0xFF07, 0xFF07,
  0xFF07, 0xFF07, 0xFF07, 0xFF07, 0xFF07, 0xFF07, 0xFF07, 0xFF0F, 0xE047, 0x645F, 0xFD3F, 0xFF07,
  0xFF07, 0xFD17, 0xEF3F, 0xE077, 0xE06F, 0xE077, 0xEA37, 0xF907, 0xE047, 0xE087, 0xEC1F, 0xF30F,
  0x8057, 0xE08F, 0xE09F, 0xE087, 0xE077, 0xE077, 0xE077, 0xE06F, 0xC004, 0xB507, 0xDB17, 0xE057,
  0xE53F, 0xFF07, 0x9B27, 0xFAE7, 0xE09F, 0xE0AF, 0xE8DF, 0xE2B7, 0xE097, 0xE0AF, 0xA0C5, 0xE0B4,
  0xE09F, 0xE0A7, 0xE0AF, 0xE0AF, 0x60B7, 0x20A3, 0x006C, 0xE077, 0xE08F, 0xE06F, 0xFA1F, 0xFE17,
  0xE43F, 0xE08F, 0xE0B7, 0xE05F, 0xF01F, 0xE037, 0xE097, 0xE07F, 0xE097, 0xE087, 0xE07F, 0xE09F,
  0xE067, 0xA01D, 0x000D, 0x2005, 0xE05F, 0xE05F, 0x8015, 0x4015, 0xE00C, 0x8025, 0xC004, 0xE0A7,
  0x207D, 0xA083, 0x404C, 0xE097, 0xE0AF, 0x2064, 0xE07B, 0x8074, 0xE0BF, 0xE0A7, 0xE024, 0xC01C,
  0x4005, 0xE05F, 0xE09F, 0x4035, 0x003D, 0xA01C, 0x800D, 0xE07F, 0xA727, 0xFF07, 0xFF07, 0xFF07,
  0xFF07, 0xF707, 0xE54F, 0xE337, 0xFF2F, 0xED37, 0xE07F, 0xE077, 0xE13F, 0xFF07, 0xFA37, 0xE037,
  0xE90F, 0xFF07, 0xFF07, 0xFF07, 0xE52F, 0xE25F, 0xFF07, 0xF717, 0xE05F, 0xE08F, 0xE06F, 0xE227,
  0xFB27, 0xE03F, 0xE05F, 0xE07F, 0xE097, 0xE077, 0xE427, 0xFB07, 0xE027, 0xE09F, 0xE07F, 0xE09F,
  0xE057, 0xE07F, 0xE08F, 0xE07F, 0xE08F, 0xE077, 0xE067, 0xE077, 0xE04F, 0xE04F, 0xE35F, 0xE09F,
  0xE087, 0xE86F, 0xE02E, 0x4004, 0xE097, 0xE097, 0xE087, 0xE06F, 0xE087, 0xE09F, 0xE0A7, 0xE0B7,
  0xE097, 0xE077, 0xE07F, 0xE067, 0xE077, 0xE0B7, 0xE0B7, 0xE08F, 0xE09F, 0xE097, 0xE04F, 0xE04F,
  0xE06F, 0xE077, 0x801D, 0x800E, 0xC02F, 0xE057, 0xE06F, 0xE057, 0xE05F, 0x401D, 0xC015, 0xE097,
  0xE08F, 0xE07F, 0xE014, 0xE004, 0xC057, 0xE067, 0xE067, 0xE067, 0xE057, 0xE06F, 0xE097, 0xE0B7,
  0xE0B7, 0xE0CF, 0xE0A7, 0xE097, 0xE0A7, 0xE0B7, 0xE0CF, 0xE0C7, 0xE0AF, 0xE09F, 0xE097, 0xE097,
  0xE097, 0xE08F, 0xE087, 0xE07F, 0xE08F, 0xE09F, 0xE09F, 0xE09F, 0xE05F, 0xEA1F, 0xEA07, 0xA507,
  0xE927, 0xE05F, 0xE07F, 0xE07F, 0xE03F, 0xE06F, 0xE097, 0xE07F, 0xE06F, 0xE11F, 0x2037, 0xE08F,
  0xE057, 0xEB1F, 0xEB0F, 0xE137, 0xE087, 0xE097, 0x202F, 0xE01F, 0xE087, 0xE087, 0xE09F, 0xE05F,
  0xA02F, 0xE077, 0xE07F, 0xE077, 0xE097, 0xE08F, 0xE057, 0xE027, 0xE067, 0xE097, 0xE06F, 0xE04F,
  0xE05F, 0xE05F, 0xE077, 0xE08F, 0xE08F, 0xE077, 0xE067, 0xE05F, 0xE05F, 0xE097, 0xE09F, 0xE077,
  0xE087, 0xE097, 0xE087, 0x8005, 0xE07F, 0xE097, 0xE087, 0xE097, 0xE0AF, 0xE09F, 0xE08F, 0xE097,
  0xE097, 0xE08F, 0xE06F, 0xE077, 0xE067, 0xE097, 0xE097, 0xE097, 0xE09F, 0xE09F, 0xE08F, 0xE07F,
  0xE06F, 0xE067, 0xE005, 0xE005, 0xE057, 0xE04F, 0xE04F, 0xE057, 0xE057, 0x801D, 0x600D, 0xE06F,
  0xE07F, 0xE08F, 0x6015, 0x2005, 0xE05F, 0xE04F, 0xE04F, 0xE057, 0xE04F, 0xE08F, 0xE08F, 0xE097,
  0xE08F, 0xE09F, 0xE08F, 0xE07F, 0xE07F, 0xE09F, 0xE0A7, 0xE0A7, 0xE07F, 0xE087, 0xE097, 0xE097,
  0xE087, 0xE087, 0xE09F, 0xE097, 0xE077, 0xE087, 0xE09F, 0xE09F, 0xE0A7, 0xE06F, 0xE06F, 0xE067,
  0xE087, 0xE09F, 0xE097, 0xE07F, 0xE06F, 0xE067, 0xE09F, 0xE09F, 0xE06F, 0xE04F, 0xE08F, 0xE09F,
  0xE09F, 0xE097, 0xE097, 0xE097, 0xE09F, 0xE08F, 0xE057, 0xE087, 0xE087, 0xE077, 0xE08F, 0xE077,
  0xE05F, 0xE087, 0xE08F, 0xE057, 0xE05F, 0xE077, 0xE07F, 0xE06F, 0xE07F, 0xE09F, 0xE07F, 0xE05F,
  0x8015, 0x200D, 0xE067, 0xE077, 0xE07F, 0xE087, 0xE05F, 0xE05F, 0xE07F, 0xE087, 0xE067, 0xE047,
  0xE047, 0xE077, 0xE06F, 0xE067, 0xE08F, 0xE077, 0xE077, 0xE077, 0xC00C, 0x201D, 0xE07F, 0xE07F,
  0xE08F, 0xE06F, 0xE077, 0xE087, 0xE097, 0xE07F, 0xE077, 0xE06F, 0xE06F, 0xE077, 0x2015, 0xE00D,
  0xE06F, 0xE077, 0xE077, 0xE057, 0xE047, 0xE047, 0xE047, 0x400D, 0x801C, 0xA01C, 0x4015, 0xE057,
  0xE05F, 0xE04F, 0xE057, 0xE05F, 0xE05F, 0xE057, 0xE057, 0xE057, 0xE06F, 0xE06F, 0xE087, 0xE08F,
  0xE08F, 0xE06F, 0xE08F, 0xE08F, 0xE07F, 0xE08F, 0xE08F, 0xE087, 0xE087, 0xE08F, 0xE08F, 0xE08F,
  0xE087, 0xE08F, 0xE087, 0xE07F, 0xE06F, 0xE077, 0xE087, 0xE09F, 0xE0A7, 0xE08F, 0xE087, 0xC07F,
  0xE077, 0xE08F, 0xE09F, 0xE06F, 0xE05F, 0xE05F, 0xE077, 0xE013, 0x200D, 0x2005, 0x6015, 0x605F,
  0xE07F, 0xE08F, 0x802D, 0xC014, 0xE05F, 0xE057, 0xE05F, 0xE05F, 0xE097, 0xE057, 0xE06F, 0x8015,
  0x4005, 0xA025, 0x402D, 0xE067, 0xE05F, 0xE07F, 0xE07F, 0xE08F, 0xE077, 0xE07F, 0xE05F, 0xE057,
  0xA01D, 0x4015, 0xE077, 0xE077, 0xE077, 0xE08F, 0xE067, 0xE077, 0xE07F, 0xE057, 0xE04F, 0xE057,
  0xE067, 0xE05F, 0xE05F, 0xE077, 0xE04F, 0xC077, 0xE08F, 0xA08F, 0xA01C, 0x400D, 0xE057, 0xE06F,
  0xE047, 0xE0B7, 0xE0C7, 0xE0AF, 0xE08F, 0xE077, 0xE07F, 0xC0B7, 0x609F, 0x609F, 0xA04C, 0x000D,
  0xE05F, 0xE087, 0xE077, 0xE067, 0xE057, 0xE057, 0xE067, 0xE064, 0x207C, 0x2064, 0x804C, 0xE077,
  0xE077, 0xE067, 0xE04F, 0xE05F, 0xE057, 0xE067, 0xE067, 0xE067, 0xE08F, 0xE05F, 0xE08F, 0xE0A7,
  0xA08F, 0xE07F, 0xE077, 0xE08F, 0xE07F, 0xE06F, 0xE05F, 0xE067, 0xE06F, 0xE06F, 0xE06F, 0xE06F,
  0xE08F, 0xA0A7, 0xC0BF, 0xE0B7, 0xE097, 0xE087, 0xE08F, 0xE09F, 0xE09F, 0xE097, 0xE0B7, 0xE09F,
  0xE05F, 0xE04F, 0xE08F, 0xE0A7, 0x20AF, 0xE087, 0xE077, 0x601C, 0x400D, 0x801D, 0xE01C, 0xA08F,
  0xE087, 0xE057, 0xC005, 0x0005, 0xE057, 0xE06F, 0xE05F, 0xE067, 0xA05F, 0xE05F, 0xE05F, 0xE03C,
  0xA04C, 0x802C, 0xE014, 0xE067, 0xE067, 0xE087, 0xE087, 0xE087, 0xE057, 0xE077, 0xE0B7, 0xE097,
  0xC004, 0xE004, 0xE06F, 0xE077, 0xE077, 0xE05F, 0x4015, 0x4004, 0x4004, 0x6005, 0x200D, 0xE087,
  0x802D, 0x8004, 0x8005, 0xE05F, 0xA005, 0x805B, 0x60F4, 0x20ED, 0xC03B, 0x800D, 0x4005, 0x6004,
  0x8024, 0x40CC, 0x00DC, 0xE06B, 0xA01C, 0x6004, 0xA06B, 0x20FC, 0x40FC, 0xC0EC, 0xA08B, 0xC014,
  0x4005, 0xC014, 0xE067, 0xA025, 0xE014, 0x003D, 0xE01A, 0xC0E4, 0x80FC, 0xA0EC, 0x20CD, 0x602C,
  0x8015, 0x200D, 0xE06F, 0xE05F, 0xE067, 0xE077, 0x0005, 0x2015, 0x601D, 0xE014, 0x2044, 0x40CD,
  0x60CD, 0x8033, 0x4015, 0x0005, 0xE087, 0xE077, 0xE004, 0xA005, 0xC004, 0x6004, 0xE004, 0xE00C,
  0x2014, 0x809C, 0x40FC, 0xE0FB, 0xA0DC, 0xE053, 0x2015, 0xA005, 0xE003, 0x401C, 0x20B5, 0x40D5,
  0x402C, 0x600D, 0xC01B, 0x4073, 0x40F4, 0x6083, 0x4004, 0xC014, 0x201D, 0xE097, 0xE09F, 0x80BD,
  0xA095, 0x2035, 0x2005, 0x2005, 0x4015, 0xE01C, 0x2015, 0x200D, 0x6004, 0x8004, 0xC013, 0x60BD,
  0xC0DC, 0xE05B, 0x201D, 0x8004, 0x402D, 0xE05F, 0xC04F, 0xC00C, 0xA004, 0xE03B, 0x20FC, 0x60FB,
  0x4097, 0xA097, 0xC077, 0xE004, 0x600D, 0xE067, 0xA014, 0x608F, 0x008F, 0x40A7, 0x60B7, 0x40B7,
  0x20B7, 0xA09E, 0x8097, 0xE09F, 0x80AE, 0x40AB, 0xE0FB, 0x20FC, 0xA0C4, 0x2075, 0x801C, 0xC055,
  0x8093, 0x20FC, 0xC0FB, 0x809B, 0xC0D6, 0x40B5, 0x80B2, 0x40FB, 0xA0FB, 0xA0FB, 0x60B2, 0x60A7,
  0x401D, 0x2025, 0xE067, 0xC097, 0x00B7, 0x009D, 0x40AC, 0xE0FB, 0xE0FB, 0x20FC, 0x40FC, 0x80CE,
  0x20AF, 0x4097, 0xC07F, 0xE07F, 0xE077, 0xE087, 0x60A7, 0xE0A6, 0xE0AF, 0x20A7, 0xC0B4, 0xE0FC,
  0x60FC, 0xE0B4, 0x209F, 0xE09F, 0xE0A7, 0xE0A7, 0x2087, 0x609F, 0x00AF, 0x00B7, 0x20B7, 0x608D,
  0x8042, 0xA0EC, 0xA0FB, 0x80FB, 0x60FC, 0x20D5, 0x00AF, 0x4097, 0x409F, 0x20B6, 0x80FC, 0x80FB,
  0x40BC, 0xC0A6, 0x60CE, 0x80B2, 0x60FB, 0x40BA, 0xC065, 0xC024, 0xE03B, 0x20BF, 0xA0C6, 0x60FC,
  0xA0F4, 0xA0B4, 0x60AE, 0x608F, 0xC024, 0xE024, 0xC01C, 0xC024, 0xC0AF, 0xC05C, 0xA0C6, 0x40FC,
  0xA0FB, 0xE09A, 0x80AF, 0xA03C, 0xE08F, 0x408F, 0xC08D, 0x006C, 0x60A7, 0xC094, 0x00FC, 0x40FB,
  0x20FC, 0x60F4, 0x2074, 0x0015, 0x4005, 0x000D, 0x2054, 0x40BB, 0x00FC, 0xE0FB, 0x00FC, 0xE0FB,
  0xE0FB, 0xC0FB, 0x80FB, 0x20FC, 0xE0FB, 0xC0FB, 0xA0FB, 0xC0FB, 0x40FC, 0x40AB, 0x206B, 0x4083,
  0x80FB, 0x00FC, 0xE0FB, 0xE0FB, 0xE0FB, 0xA0FB, 0xA0FB, 0xE0FB, 0xE0FB, 0x80FB, 0x80FB, 0x40F4,
  0x405B, 0x8044, 0x004C, 0xE07A, 0x00FC, 0xC0FB, 0xE0FB, 0x00FC, 0xE0FB, 0xE0FB, 0xE0FB, 0xA0FB,
  0x80FB, 0xA0FC, 0xE07B, 0x002C, 0x8034, 0xA06B, 0x80FC, 0xA0FB, 0xC0FB, 0x20FC, 0xE0FB, 0x00FC,
  0xC0FB, 0xE0FB, 0xA0FB, 0x00FC, 0x8083, 0xE061, 0x40DC, 0x00FC, 0xC0FB, 0xA0FB, 0xC0FB, 0xC0FB,
  0xC0F1, 0x60FB, 0xA0FB, 0xA0FB, 0x00FC, 0x00FC, 0xC0FB, 0xA0FB, 0xE0FB, 0xC0FB, 0xE0FB, 0xE0FB,
  0xC0FB, 0xE0FB, 0x00FC, 0x80FB, 0x20FB, 0xE0FB, 0xC0EC, 0x2093, 0x009B, 0x80FC, 0xA0FB, 0x60FB,
  0xC0FB, 0x60FB, 0xA0FB, 0xA0E4, 0x405B, 0x6054, 0x204C, 0x6083, 0xA0FB, 0x40FC, 0x40FC, 0x20FC,
  0x80FB, 0xC0FB, 0x80FC, 0x408B, 0x2064, 0x8092, 0xE0D9, 0xC0E1, 0x20FC, 0x60FC, 0xA0FB, 0x00FB,
  0xC0E9, 0xC0CA, 0x2093, 0x205C, 0xC034, 0xE04B, 0xA0C4, 0xA0FC, 0xE0FB, 0xE0FB, 0xC0FB, 0x40FC,
  0xA0FB, 0xE0E9, 0x00EA, 0xA0FB, 0x20FC, 0xC0FB, 0xC0FB, 0xA0FB, 0x20FC, 0xC0F3, 0xE0CB, 0xA0D3,
  0x00FC, 0xE0FB, 0x20FC, 0xE0FB, 0xA0FB, 0xC0E9, 0x00F2, 0xC0FB, 0x80FB, 0x20FB, 0x40FB, 0xC0FB,
  0x80FC, 0x80DC, 0xC0F4, 0x60FC, 0xE0FB, 0x20FB, 0x00F2, 0x80FB, 0xA0FB, 0xC0FB, 0xC0FB, 0xA0FB,
  0xE0E9, 0x60DA, 0x60A2, 0x2093, 0x40AC, 0xA0B3, 0x60CA, 0x00E2, 0xC0D9, 0x60FB, 0x20FC, 0x00FC,
  0x60FB, 0xC0FB, 0xC0FB, 0x20FC, 0xE0F4, 0x40EC, 0x60FC, 0x20FC, 0xA0FB, 0x80FB, 0xC0FB, 0xC0FB,
  0x80FB, 0xC0FB, 0xE0FB, 0xA0FB, 0xC0E9, 0x80FB, 0xC0FB, 0xE0FB, 0xC0FB, 0xA0FB, 0xE0FB, 0xE0FB,
  0xE0E9, 0x20F2, 0x80FB, 0x80FB, 0xE0FB, 0x80FB, 0x20D2, 0x00C2, 0x80D2, 0xE0C9, 0x40EA, 0xE0FB,
  0x20FC, 0xA0FB, 0xE0F1, 0x40CA, 0xA0DC, 0xA0BC, 0x80C4, 0x40EC, 0xC0FB, 0x20FB, 0x60F2, 0xC0E9,
  0x80E1, 0xE0E1, 0x80CA, 0xE0B2, 0xE0E3, 0xE0FB, 0x80E9, 0x00EA, 0x60D2, 0x60C2, 0x00CA, 0xE0E1,
  0xC0F1, 0xC0B9, 0xE0B9, 0x809A, 0x6073, 0xE09A, 0x20FC, 0xE0FB, 0xA0FB, 0xA0FB, 0xA0FB, 0xC0FB,
  0xA0FB, 0x40E9, 0xC0F1, 0x40FB, 0x00FC, 0xE0FB, 0xC0FB, 0xA0FB, 0x80FB, 0xE0FB, 0xC0E1, 0xC0D1,
  0x40FC, 0xA0FB, 0xE0FB, 0xA0E1, 0xE0E9, 0x40E1, 0xA0E9, 0xC0FB, 0x80FB, 0xA0FB, 0x80FB, 0x80FB,
  0xE0FB, 0xA0FB, 0xA0FB, 0xC0FB, 0xC0FB, 0xE0E9, 0xC0E9, 0xA0FB, 0xC0FB, 0xC0FB, 0xE0FB, 0xC0FB,
  0x00E2, 0x80E1, 0x60D9, 0x80D9, 0x00DA, 0x20D2, 0xA0D9, 0x40D1, 0xE0E1, 0xE0E9, 0x80E1, 0xC0E9,
  0x80E1, 0xA0FB, 0xE0FB, 0x00FC, 0xE0FB, 0x00FC, 0xE0FB, 0xA0FB, 0xA0FB, 0xA0FB, 0xE0FB, 0x00FC,
  0xA0FB, 0x00F2, 0x20F2, 0x80E1, 0xA0E9, 0x80E1, 0x60F2, 0x60FB, 0x80FB, 0x80FB, 0xC0FB, 0xC0FB,
  0xC0E9, 0xA0D9, 0xA0FB, 0x60FB, 0xA0FB, 0xE0E9, 0xA0D9, 0xE0E1, 0xC0D9, 0x80D9, 0x60D9, 0xC0E1,
  0xE0FB, 0x00FC, 0x40E9, 0x80E1, 0x00FC, 0x00FC, 0xC0FB, 0xA0FB, 0xE0FB, 0xE0F9, 0xC0F9, 0xE0F1,
  0xA0D9, 0x80C9, 0x20D2, 0x20FC, 0x80FB, 0x40FB, 0xA0E1, 0xA0D1, 0xC0C9, 0xE0C9, 0xC0D1, 0xC0D1,
  0x80D9, 0xA0D1, 0x60C9, 0x00CA, 0x40FC, 0x40FC, 0xC0FB, 0x80FB, 0xC0FB, 0x20FA, 0xE0E9, 0xC0E9,
  0x40D9, 0x80E9, 0x40E1, 0xE0E9, 0x40FA, 0xA0FB, 0xC0FB, 0xC0FB, 0xA0FB, 0xC0FB, 0x80E9, 0x00EA,
  0xA0E1, 0xE0E9, 0xE0E9, 0x60E1, 0x60E1, 0x80E1, 0x80E1, 0xC0FB, 0x80F2, 0x20D2, 0x00D2, 0x00E2,
  0x40FB, 0x80FB, 0xE0FB, 0xA0FB, 0xE0FB, 0x00F2, 0x00FA, 0xA0FB, 0xC0FB, 0xC0FB, 0xE0FB, 0xE0FB,
  0xA0FB, 0xA0FB, 0x40FB, 0x40FB, 0xA0FB, 0xC0FB, 0x20FB, 0xA0FB, 0xA0FB, 0x60FB, 0xA0FB, 0xE0F1,
  0x00D9, 0x80F1, 0xC0F1, 0xA0F1, 0x60F1, 0x40E9, 0x60FB, 0x60FB, 0x80FB, 0xA0FB, 0xE0FB, 0xE0FB,
  0xC0FB, 0x20FC, 0xE0FB, 0xA0E1, 0xE0F1, 0xE0F1, 0x60FA, 0x80FB, 0xA0FB, 0x80FB, 0xA0FB, 0xA0FB,
  0x20D9, 0x00EA, 0xE0FB, 0x40FB, 0x80FB, 0x00FA, 0x40EA, 0xE0D9, 0xC0D1, 0x40D1, 0x60E9, 0x60E9,
  0x20FC, 0xA0FB, 0x80F1, 0x80E9, 0x40FB, 0xA0FB, 0xA0FB, 0x60FB, 0x20FC, 0xE0FB, 0x80FB, 0xE0FB,
  0xE0FB, 0x40FC, 0x80FB, 0x60FB, 0x60FB, 0xA0FB, 0xA0D1, 0x00E2, 0x80D9, 0x60E1, 0x80E9, 0x60E9,
  0xA0D1, 0x60E9, 0xC0E1, 0xE0E1, 0x60FB, 0xE0FB, 0x80FB, 0xA0FB, 0xC0FB, 0x40D9, 0x40FA, 0x80D9,
  0x20D1, 0x00D9, 0x60E1, 0xC0E1, 0x60E9, 0x80FB, 0xA0FB, 0xE0FB, 0xE0FB, 0x00FB, 0xA0D9, 0x80D9,
  0xA0E9, 0x60E1, 0xA0E9, 0x60E1, 0xE0F1, 0x80E1, 0x00F2, 0x80FB, 0xC0E1, 0xC0D1, 0xC0C9, 0xC0D9,
  0xC0FB, 0xA0FB, 0xA0FB, 0x00FC, 0xA0FB, 0x40FA, 0xA0E9, 0x40FB, 0xA0FB, 0xA0FB, 0xA0FB, 0xA0FB,
  0xE0FB, 0xA0FB, 0x80FB, 0x00FC, 0xE0FB, 0xE0FB, 0xA0FB, 0xA0FB, 0xE0FB, 0xC0FB, 0x40FB, 0x20FA,
  0xA0F1, 0x80F1, 0x80F1, 0x80F1, 0x00E1, 0x20F2, 0x60FB, 0x60FB, 0x40FB, 0x80FB, 0xA0FB, 0xA0FB,
  0xC0FB, 0xC0FB, 0xC0FB, 0x60E1, 0x80E1, 0xE0E9, 0x20F2, 0xC0FB, 0xC0FB, 0x80FB, 0xA0FB, 0xC0FB,
  0x80E1, 0xC0E1, 0x00FC, 0x80FB, 0x80FB, 0xE0F1, 0x60D9, 0x80E1, 0xC0E1, 0x80D9, 0x80D9, 0x00EA,
  0xE0FB, 0x00FC, 0xC0E1, 0x00EA, 0x80FA, 0x60FB, 0x80FB, 0xE0FB, 0x00FC, 0xA0FB, 0x80FB, 0xA0FB,
  0x60FB, 0xA0FB, 0xA0FB, 0xA0FB, 0xE0FB, 0x40FC, 0xE0FB, 0xA0D9, 0x60D9, 0xA0E1, 0x60D9, 0xC0E1,
  0xA0D9, 0x40E9, 0xC0E1, 0xC0E9, 0x60FB, 0x40FB, 0x20FC, 0xA0FB, 0x00FC, 0x60FB, 0xE0FB, 0xA0FB,
  0xE1FB, 0x80E1, 0x80E1, 0xE0E9, 0x60F1, 0x60FB, 0xE0FB, 0x00FC, 0x60FB, 0xE0FB, 0x40FC, 0x40FB,
  0xC0FB, 0x20E1, 0x40E9, 0x80E9, 0x00F2, 0x60FB, 0xE0FB, 0xC0FB, 0x40F1, 0x40F1, 0x40E1, 0x40E9,
  0x60FB, 0xE0FB, 0x80FB, 0x20FA, 0x40E9, 0xA0FB, 0xC0FB, 0xC0F9, 0x80F1, 0x80E9, 0x60E9, 0x80E9,
  0x80E9, 0x80FB, 0xA0FB, 0xE0FB, 0x00FC, 0xE0FB, 0xA0FB, 0x80FB, 0xC0FB, 0xA0FB, 0xC0FB, 0xE0FB,
  0xA0FB, 0xA0FB, 0xA0FB, 0xA0FB, 0x60FB, 0xC0D9, 0xE0D1, 0x60D9, 0x40E9, 0x20F1, 0x40F1, 0x60F1,
  0x80E9, 0x80E9, 0x60E9, 0x40E1, 0xA0F1, 0x80FB, 0xE0FB, 0x40FC, 0xA0FB, 0xA0FB, 0xA0FB, 0xA0FB,
  0xC0E9, 0xE0E9, 0xE0FB, 0xC0E9, 0xE0D9, 0xE0FB, 0x40FB, 0x40FB, 0xE0FB, 0x00F2, 0x80C1, 0x40D2,
  0xA0E1, 0xC0E1, 0xC0E1, 0x00EA, 0xC0E1, 0xA0E1, 0xE0E9, 0xE0E1, 0x00E2, 0x00E2, 0xE0E9, 0xC0F1,
  0xE0F9, 0x80FB, 0x80FB, 0x00FC, 0x20FC, 0x00FC, 0x20FB, 0x60FB, 0x40EA, 0x00CA, 0x40D2, 0x20D2,
  0x80F1, 0xA0E9, 0xA0E9, 0x60E9, 0x40FB, 0xA0FB, 0x00FC, 0xE0FB, 0xE0FB, 0xA0FB, 0x40FB, 0x80FB,
  0x40E1, 0x60E9, 0xA0E9, 0xC0E9, 0x20FA, 0x80FB, 0x80FB, 0xE0FB, 0x80FB, 0x80FB, 0xE0FB, 0x00FC,
  0x80FB, 0xE0F9, 0xA0F1, 0xA0E9, 0xC0E9, 0x80FB, 0x40FB, 0xE0FB, 0x80E9, 0x40F1, 0x20F1, 0x40F1,
  0xE0FB, 0xC0FB, 0xE0FB, 0xE0F9, 0x80F1, 0x80FB, 0xE0FB, 0xC0F1, 0xE0F9, 0x60E9, 0x40E9, 0xA0E9,
  0xC0E9, 0x80FB, 0x80FB, 0x80FB, 0xC0FB, 0xE0FB, 0xA0FB, 0x80FB, 0x40FB, 0xC0FB, 0x00FC, 0xC0FB,
  0xC0FB, 0xA0FB, 0xA0FB, 0xA0FB, 0xC0FB, 0xE0E9, 0x80D1, 0x80D9, 0x80E1, 0x20E1, 0x80E9, 0xC0E9,
  0xA0E9, 0x60E1, 0xA0F1, 0x60FB, 0x60FB, 0x40FB, 0xA0FB, 0x60FC, 0xA0FB, 0xC0FB, 0x60FB, 0x80FB,
  0xA0E9, 0xA0E1, 0x60FB, 0xE0F9, 0x80E1, 0xA0FB, 0xA0FB, 0x40FB, 0x80FB, 0x00FA, 0x60D9, 0xE0E9,
  0xA0F9, 0x40D9, 0x40F2, 0xE0E1, 0x20FA, 0x80F1, 0x80E9, 0x60E1, 0xC0F1, 0xE0E1, 0xE0D9, 0xC0E9,
  0x20F1, 0xC0FB, 0xA0FC, 0x00E5, 0xE8FF, 0x20EC, 0xC0FB, 0x20FB, 0x40F2, 0xC0C9, 0xC0D1, 0xA0E1,
  0xA0FA, 0x00FC, 0x80FB, 0x80FB, 0xC0FB, 0xE0FB, 0x80FB, 0x40FC, 0x60FB, 0x60FB, 0xA0FB, 0xC0FB,
  0xA0FB, 0xE0F9, 0x60E9, 0x80FB, 0xE0FB, 0xE0FB, 0xC0E1, 0xA0E9, 0x80E9, 0x60F1, 0x40FB, 0xA0FB,
  0xC0FB, 0xC0FB, 0xE0FB, 0xC0FB, 0xC0FB, 0xC0FB, 0xC0FB, 0xA0FB, 0xE0D9, 0x80E9, 0x20E9, 0x80E9,
  0x20FC, 0x20FC, 0x80FB, 0xC0FB, 0xA0FB, 0xA0FB, 0xC0FB, 0xC0FB, 0x60FB, 0x60E1, 0xA0E9, 0x80E1,
  0xC0E9, 0x60E9, 0x20F9, 0x20F9, 0x60F1, 0x80E9, 0x80E9, 0x60E9, 0x20E9, 0xA0FB, 0x80FB, 0xC0FB,
  0xE0FB, 0xC0FB, 0xA0FB, 0xA0FB, 0x60FB, 0xA0FB, 0x20D9, 0x80D9, 0xA0E1, 0xA0E1, 0x20FC, 0xE0FB,
  0x80FB, 0xA0FB, 0xC0FB, 0x00FC, 0xE0FB, 0x60FB, 0x40FB, 0xA0FB, 0xE0E9, 0xC0E9, 0x80E9, 0x80E9,
  0x40E1, 0x80E1, 0x80FB, 0xA0FB, 0xA0FB, 0x80FB, 0x00FC, 0x20FC, 0x60FB, 0x60E1, 0x40F1, 0x40F1,
  0xE0FB, 0xA0FB, 0x40FC, 0x20FC, 0xE0FB, 0x00FC, 0xC0FB, 0xE0FB, 0x60FB, 0xE0FB, 0x00FC, 0xE0FB,
  0xE0FB, 0x40FC, 0xA0D4, 0xE9FF, 0xE8BF, 0xA5FF, 0x60FC, 0x80FB, 0xC0F1, 0xC0E1, 0x80E9, 0x60F9,
  0xE0FB, 0xE0FB, 0x60FB, 0xA0FB, 0xA0E9, 0xC0E9, 0xC0E9, 0xC0E9, 0x80E9, 0x60E9, 0x80E9, 0x80E9,
  0xE0F9, 0x40E9, 0x80F1, 0xE0FB, 0xA0FB, 0x60D9, 0x80FB, 0x80FB, 0xA0FB, 0x60FB, 0x20E9, 0xE0F9,
  0xC0FB, 0xE0FB, 0xA0FB, 0xC0FB, 0xA0FB, 0xA0FB, 0x80FB, 0x80FB, 0x60E1, 0xA0E9, 0x80F1, 0x60E9,
  0xA0FB, 0xA0FB, 0x00FC, 0xA0FB, 0xA0FB, 0x80FB, 0x80FB, 0xE0FB, 0xC0FA, 0xA0E9, 0x80E1, 0x80E1,
  0x40E9, 0x20E1, 0xC0F1, 0x80E1, 0xC0E9, 0xC0E9, 0x20E1, 0x60E9, 0x60E1, 0x00F2, 0xA0FB, 0xA0FB,
  0x00FC, 0x00FC, 0xE0FB, 0x80FB, 0x80FB, 0xE0FB, 0x80FB, 0xC0FB, 0x40E1, 0xA0E9, 0xE0FB, 0x80FB,
  0x60FB, 0x60FB, 0x60FB, 0xA0FB, 0xA0FB, 0x00FC, 0xE0FA, 0x40E9, 0x20D9, 0x60E1, 0xC0E9, 0x80E9,
  0x00FB, 0x40FB, 0x80FB, 0x20FC, 0x00FC, 0x20F2, 0xE0F1, 0xC0E9, 0xC0E1, 0x60D9, 0x80E1, 0x60E1,
  0xE0FB, 0xA0FB, 0xA0FB, 0xE0FB, 0xE0FB, 0xE0FB, 0xE0FB, 0xC0FB, 0xA0FB, 0xE0FB, 0xA0FB, 0xC0FB,
  0xC0FB, 0x24FF, 0xE9FF, 0xE8E7, 0xE8DF, 0xE8FF, 0xEAFF, 0xE0FB, 0xC0FB, 0x40FB, 0xE0E1, 0x80E1,
  0xC0FB, 0x80FB, 0xE0FB, 0xC0F1, 0xA0F1, 0x60E9, 0x60E9, 0x60E1, 0x80E9, 0x40E9, 0x60E9, 0x80E9,
  0xA0F1, 0x40E9, 0xA0E9, 0x00FC, 0x80E9, 0x20F2, 0x80FB, 0xE0FB, 0xA0FB, 0xC0FB, 0xC0F1, 0x80F1,
  0xA0FB, 0xA0FB, 0xA0FB, 0xA0FB, 0xA0FB, 0x60FB, 0xE0FB, 0x00FC, 0xC0E9, 0x80E9, 0x40E9, 0xA0F1,
  0xA0FB, 0xA0FB, 0xA0FB, 0xC0FB, 0x80FB, 0x60E9, 0x80F1, 0x80E9, 0x60E1, 0x80E9, 0x60E1, 0x60E9,
  0xC0F9, 0x80E9, 0x80FB, 0xA0FB, 0xA0FB, 0xA0FB, 0x80F1, 0xA0F1, 0xE0F1, 0xA0E1, 0x20FA, 0x00FC,
  0xC0FB, 0xC0FB, 0xA0FB, 0xA0FB, 0xC0FB, 0xC0FB, 0xA0FB, 0x80FB, 0xA0E9, 0xE0F1, 0x80FB, 0xE0FB,
  0xC0E9, 0xA0E9, 0x80E9, 0x80E9, 0xA0E9, 0xA0E1, 0xC0E9, 0xC0F1, 0x60E1, 0xC0FB, 0xA0FB, 0xE0FB,
  0xC0FB, 0x20FB, 0x00FC, 0xE0FB, 0x80FB, 0x60E1, 0x80E9, 0xA0E9, 0xC0E9, 0xC0E9, 0x60E1, 0x60E1,
  0x60FB, 0xA0FB, 0xC0FB, 0x80FB, 0xC0FB, 0xC0FB, 0xC0FB, 0xC0FB, 0xA0FB, 0xA0FB, 0xC0FB, 0xE0FB,
  0xE0FB, 0x40FC, 0xE0DB, 0xA8FF, 0xEAFF, 0x00D5, 0xA0FC, 0xC0FB, 0x80FB, 0x40FB, 0x80E9, 0xA0D1,
  0x80FB, 0xA0FB, 0xA0FB, 0x80FB, 0x80F1, 0xA0F1, 0x60E9, 0x60E9, 0x60E1, 0x40E1, 0x60E1, 0x80E1,
  0x80E9, 0x40E9, 0x40E1, 0xC0E9, 0x20E1, 0x40FB, 0xE0FB, 0xA0FB, 0x60FB, 0xA0FB, 0xA0FB, 0x00FA,
  0x80F1, 0x80E9, 0x00FA, 0x40FB, 0xC0FB, 0xC0FB, 0xC0FB, 0x20FA, 0x60E1, 0x80E9, 0x60E9, 0x80F1,
  0xA0FB, 0x80FB, 0xC0FB, 0x00FA, 0x80E9, 0x20FB, 0x80FB, 0xE0FB, 0xA0FB, 0x80FB, 0x80FB, 0x80FB,
  0xA0FB, 0xA0FB, 0x00FC, 0xA0FB, 0xA0FB, 0x20FC, 0xA0FB, 0xA0FB, 0xA0FB, 0xA0E9, 0xE0F1, 0xC0E9,
  0x00FA, 0xA0FB, 0xC0FB, 0x80FB, 0xE0FB, 0xA0FB, 0xA0FB, 0x80FB, 0x60E1, 0xE0F1, 0x00FA, 0xA0E9,
  0xC0E1, 0x80E1, 0x80E1, 0x80E1, 0xA0E1, 0x80D9, 0xA0E1, 0xE0F1, 0x20FB, 0x80FB, 0xE0FB, 0xA0FB,
  0xA0FB, 0x60FB, 0xA0E9, 0x80E9, 0x80E9, 0x20E1, 0xC0F1, 0xA2FB, 0x80FB, 0x80FB, 0xA0FB, 0x80FB,
  0xE0FB, 0x80FB, 0xA0FB, 0xC0FB, 0xA0FB, 0xA0FB, 0xA0FB, 0xA0FB, 0xA0FB, 0xA0FB, 0x80FB, 0xE0F9,
  0xC0E8, 0x40E9, 0x20D1, 0x00BA, 0xE9FF, 0x60CA, 0xC0D9, 0x00FC, 0x80FB, 0x20FB, 0x60F1, 0x20DA,
  0x20FC, 0xC0FB, 0xA0FB, 0xA0FB, 0x20FA, 0x80E9, 0x80E9, 0xA0E9, 0x80E1, 0x60E1, 0x80E1, 0x80E1,
  0x60E1, 0x40E1, 0x60D9, 0x80E1, 0xC0F1, 0x60FB, 0xC0FB, 0xA0FB, 0xE0FB, 0xA0FB, 0xC0FB, 0x80FB,
  0x20E1, 0x80E9, 0x80F1, 0xA0FB, 0xE0FB, 0x80FB, 0xC0FB, 0xA0E9, 0xE0F1, 0xA0E9, 0x80E9, 0x80E9,
  0x60FB, 0xC0FB, 0xA0FB, 0xC0F1, 0x20FA, 0xA0FB, 0xE0FB, 0xE0FB, 0x00FC, 0xC0FB, 0xC0FB, 0x80FB,
  0x80FB, 0x80FB, 0xE0FB, 0xE0FB, 0xE0FB, 0xA0FB, 0xA0FB, 0xA0FB, 0xE0FB, 0xC0F1, 0xC0FA, 0x60E1,
  0xA0E9, 0xC0FB, 0xA0FB, 0xC0FB, 0xA0FB, 0x00FC, 0xC0FB, 0xA0FB, 0xC0E9, 0x80E9, 0x40E9, 0xA0E9,
  0xC0E1, 0x80E1, 0x60E1, 0x60E1, 0x80E9, 0xA0E1, 0xA0E1, 0xC0E9, 0xC0FB, 0x00FC, 0x80FB, 0xE0FB,
  0x80FB, 0xC0FB, 0x20E9, 0x60E9, 0x20D9, 0xA0F1, 0xA0F1, 0xA0FB, 0xA0FB, 0xA0FB, 0xA0FB, 0xC0FB,
  0x60FB, 0xA0FB, 0xE0FB, 0xC0FB, 0xA0FB, 0xA0FB, 0xA0FB, 0xA0FB, 0x80FB, 0x60FB, 0xE0FB, 0xE0F1,
  0x40F1, 0x20F9, 0x20F1, 0xC0E9, 0x40CA, 0x40EA, 0x20FA, 0x80FB, 0xA0FB, 0xA0FB, 0xE0F9, 0xC0E9,
  0x00FA, 0xA0FB, 0xE0FB, 0x00FC, 0xE0FB, 0xE0FB, 0xE0FB, 0xC0E9, 0x80E1, 0x60E1, 0x80E1, 0xC0E1,
  0xA0E1, 0x80E1, 0xC0E1, 0xE0FB, 0x80FB, 0x80FB, 0xA0FB, 0x40FB, 0xE0F9, 0xC0F1, 0xA0F1, 0x60E9,
  0x20E9, 0x80E9, 0x20E1, 0xE0F1, 0xE0F9, 0x80FB, 0xC0FB, 0x80FB, 0xA0FB, 0xA0FB, 0xA0FB, 0x20FC,
  0xE0FB, 0xA0FB, 0x00FC, 0x80E9, 0xC0E9, 0xC0FB, 0xA0FB, 0xE0FB, 0xC0FB, 0xA0FB, 0xA0FB, 0xA0FB,
  0xC0FB, 0xC0FB, 0xE0FB, 0xE0FB, 0xE0FB, 0xC0FB, 0xC0FB, 0xC0FB, 0x20FC, 0xE0F1, 0x80E1, 0x60E1,
  0xC0E9, 0xC0FB, 0xE0FB, 0xA0FB, 0xA0FB, 0xA0FB, 0x80FB, 0x60FB, 0xA0E9, 0x80E9, 0x60E9, 0x60E9,
  0x60E1, 0x60E9, 0x20E1, 0x20E9, 0x80E9, 0xA0FB, 0xA0FB, 0x80FB, 0x80FB, 0xA0FB, 0xC0FB, 0xC0FB,
  0xA0FB, 0xC0FB, 0x40FB, 0xA0FB, 0xE0FB, 0xC0FB, 0xA0FB, 0x20FC, 0xC0FB, 0xC0FB, 0xA0FB, 0xA0FB,
  0xA0FB, 0xA0FB, 0xC0FB, 0xC0FB, 0xE0FB, 0xC0FB, 0x80FB, 0xA0FB, 0xA0FB, 0xC0F1, 0x80D9, 0xA0FB,
  0x00FB, 0x60E9, 0x60E9, 0x80E9, 0x40E9, 0x60D9, 0x40E1, 0x40FB, 0x60FB, 0xE0FB, 0xE0FB, 0x80FB,
  0x60FB, 0xA0FB, 0x00FC, 0x20FC, 0x20FC, 0xC0FB, 0xC0FB, 0x20FA, 0xA0E1, 0x20E1, 0xA0E9, 0xC0E9,
  0x80E9, 0x60E9, 0xC0E9, 0xC0FB, 0xA0FB, 0xE0FB, 0x60FB, 0x80FB, 0xC0E9, 0xC0F1, 0x80F1, 0x80E9,
  0x60E1, 0x40E1, 0xA0E9, 0x80E9, 0x80E9, 0xE0FB, 0x80FB, 0x60FB, 0x80FB, 0xA0FB, 0x00FC, 0xE0FB,
  0xC0FB, 0xA0FB, 0xC0FB, 0xE0F9, 0x00FA, 0x80FB, 0xC0FB, 0xE0FB, 0xE0FB, 0xC0FB, 0xC0FB, 0xC0FB,
  0xA0FB, 0xA0FB, 0xC0FB, 0xC0FB, 0xC0FB, 0xC0FB, 0xA0FB, 0xC0FB, 0x20FC, 0xE0F1, 0xA0E9, 0x80E1,
  0xC0E9, 0xE0FB, 0xE0FB, 0x20FC, 0x80FB, 0xA0FB, 0x80FB, 0xA0FB, 0x80E9, 0x60E9, 0x60E9, 0x60E9,
  0xA0F1, 0xE0E0, 0x20E9, 0x40E9, 0x00FA, 0x80FB, 0xA0FB, 0xC0FB, 0xC0FB, 0xC0FB, 0xE0FB, 0xE0FB,
  0xC0FB, 0xA0FB, 0xC0FB, 0xA0FB, 0xC0FB, 0xC0FB, 0xE0FB, 0xC0FB, 0xE0FB, 0xC0FB, 0xA0FB, 0xA0FB,
  0xA0FB, 0xC0FB, 0xC0FB, 0xC0FB, 0xE0FB, 0xE0FB, 0xC0FB, 0x40FB, 0xC0FB, 0x00FA, 0x80D9, 0xA0FB,
  0xE0FA, 0x80E9, 0xA0D9, 0xA0E1, 0x00F1, 0x80D9, 0xA0E9, 0xE0FA, 0x80FB, 0x20FC, 0x00FC, 0xA0FB,
  0x00E1, 0xA0FB, 0xA0FB, 0xA0FB, 0x80FB, 0xA0FB, 0x60FB, 0xA0FB, 0xE0FB, 0x60E9, 0x60E9, 0xA0F1,
  0x80F1, 0x20E1, 0x60E1, 0xE0FB, 0x40FB, 0xC0FB, 0x60E1, 0x60E1, 0x60E1, 0x60E1, 0x80E1, 0xC0E9,
  0xA0E1, 0x80E9, 0x60E1, 0x60E1, 0xA0E9, 0xC0E9, 0xA0E9, 0xC0FB, 0xA0FB, 0xC0FB, 0xA0FB, 0xE0FB,
  0x00FC, 0x80FB, 0x80E9, 0x80FB, 0x80FB, 0xE0FB, 0xA0FB, 0x80FB, 0xA0FB, 0xA0FB, 0x80FB, 0x80FB,
  0x80FB, 0x80FB, 0x80FB, 0x80FB, 0x80FB, 0x80FB, 0x80FB, 0x80FB, 0xA0FB, 0xA0E9, 0x60E1, 0x80E9,
  0xA0E1, 0xE0FB, 0xE0FB, 0xC0FB, 0x40FB, 0xE0FB, 0xC0E9, 0xA0E9, 0x80E9, 0x60E9, 0x80E9, 0x80E9,
  0x60D9, 0xA0E9, 0x00D9, 0xA0FB, 0xA0FB, 0x80FB, 0x80FB, 0x80FB, 0xA0FB, 0x80FB, 0x80FB, 0x80FB,
  0xE0FB, 0xC0FB, 0xA0FB, 0xA0FB, 0xA0FB, 0xA0FB, 0x80FB, 0xA0FB, 0xA0FB, 0xA0FB, 0x80FB, 0x80FB,
  0x80FB, 0x80FB, 0x80FB, 0x80FB, 0xE0FB, 0xC0FB, 0xE0FB, 0x60E9, 0xA0F1, 0x20FB, 0x40FB, 0x80E1,
  0xA0F1, 0x60E1, 0x80E1, 0xA0D9, 0x60E9, 0x60E9, 0x80E1, 0x60D9, 0x60F2, 0xE0FB, 0xA0FB, 0xA0FB,
  0x80F1, 0xE0F9, 0x80E9, 0xA0E9, 0xA0F1, 0x40E9, 0xA0F9, 0x60F1, 0xA0F1, 0x40E9, 0x60F1, 0x60E9,
  0x60F1, 0x20E9, 0xE0E0, 0x60E9, 0xE0E9, 0xE0F1, 0x60E1, 0x60E1, 0x60E1, 0x60E1, 0xC0E9, 0x80D9,
  0xA0E1, 0x80E1, 0x40E1, 0x60E1, 0x80E9, 0x80E9, 0xC0E9, 0xC0E9, 0xA0F1, 0xC0F1, 0xC0F1, 0xC0E9,
  0xA0E9, 0xA0F1, 0xC0F9, 0xA0F1, 0x60E9, 0x80F1, 0xA0F1, 0x60F1, 0x60F1, 0x60F1, 0x60F1, 0x80F1,
  0xA0F1, 0xA0F1, 0xA0F1, 0xA0F1, 0xA0F1, 0xA0F1, 0xA0F1, 0xA0F1, 0x80E9, 0x20E1, 0x80E9, 0x80E9,
  0x00D9, 0xA0E9, 0xC0F1, 0xA0E9, 0x80F1, 0x80E9, 0x80E1, 0x80E9, 0x80E1, 0x60E1, 0x80E9, 0xA0E1,
  0xC0E1, 0x80D9, 0xC0E1, 0xC0E9, 0xC0E9, 0xA0E9, 0x60E9, 0x80E9, 0xA0E9, 0xA0E9, 0x80E9, 0x80E9,
  0xA0F1, 0x80F1, 0xA0F9, 0x60F1, 0x60F9, 0x40F9, 0x80F1, 0xA0F1, 0xA0F1, 0xA0E9, 0xA0E9, 0xA0E9,
  0xA0E9, 0xA0E9, 0xA0E9, 0xA0E9, 0x80E9, 0x00FA, 0x80E9, 0x60E1, 0xC0E9, 0x00C9, 0xA0E1, 0x80E9,
  0x80F9, 0x60F1, 0x60E1, 0xA0E1, 0xC0E1, 0x20E9, 0x80E1, 0x20CA, 0x00DA, 0x80F1, 0x80F1, 0xE0E1,
};

// Night: 120x160px
const uint16_t BG_NIGHT[19200] PROGMEM = {
  0x3122, 0x3122, 0x3122, 0x3122, 0x3122, 0x3122, 0x3122, 0x3122, 0x3122, 0x3122, 0x3122, 0x3122,
  0x3122, 0x3122, 0x3122, 0x3122, 0x3122, 0x3122, 0x3122, 0x3122, 0x3122, 0x3122, 0x3122, 0x3122,
  0x3122, 0x3122, 0x3122, 0x3122, 0x3122, 0x3122, 0x3122, 0x3122, 0x3122, 0x3122, 0x3122, 0x3122,
  0x3122, 0x3122, 0x3122, 0x3122, 0x3122, 0x3122, 0x3122, 0x3122, 0x3122, 0x3122, 0x3122, 0x3122,
  0x3122, 0x3122, 0x3122, 0x3122, 0x3122, 0x3122, 0x3122, 0x3122, 0x3122, 0x3122, 0x3122, 0x3122,
  0x3122, 0x3122, 0x3122, 0x3122, 0x3122, 0x3122, 0x3122, 0x3122, 0x3122, 0x3122, 0x3122, 0x3122,
  0x3122, 0x3122, 0x3122, 0x3122, 0x3122, 0x3122, 0x3122, 0x3122, 0x3122, 0x3122, 0x3122, 0x3122,
  0x3122, 0x3122, 0x3122, 0x3122, 0x3122, 0x3122, 0x3122, 0x3122, 0x3122, 0x3122, 0x3122, 0x3122,
  0x3122, 0x3122, 0x3122, 0x3122, 0x3122, 0x3122, 0x3122, 0x3122, 0x3122, 0x3122, 0x3122, 0x3122,
  0x3122, 0x3122, 0x3122, 0x3122, 0x3122, 0x3122, 0x3122, 0x3122, 0x3122, 0x3122, 0x3122, 0x3122,
  0x3122, 0x3122, 0x3122, 0x3122, 0x3122, 0x3122, 0x3122, 0x3122, 0x3122, 0x3122, 0x3122, 0x3122,
  0x3122, 0x3122, 0x3122, 0x3122, 0x3122, 0x3122, 0x3122, 0x3122, 0x3122, 0x3122, 0x3122, 0x3122,
  0x3122, 0x3122, 0x3122, 0x3122, 0x3122, 0x3122, 0x3122, 0x3122, 0x3122, 0x3122, 0x3122, 0x3122,
  0x3122, 0x3122, 0x3122, 0x3122, 0x3122, 0x3122, 0x3122, 0x3122, 0x3122, 0x3122, 0x3122, 0x3122,
  0x3122, 0x3122, 0x3122, 0x3122, 0x3122, 0x3122, 0x3122, 0x3122, 0x3122, 0x3122, 0x3122, 0x3122,
  0x3122, 0x3122, 0x3122, 0x3122, 0x3122, 0x3122, 0x3122, 0x3122, 0x3122, 0x3122, 0x3122, 0x3122,
  0x3122, 0x3122, 0x3122, 0x3122, 0x3122, 0x3122, 0x3122, 0x3122, 0x3122, 0x3122, 0x3122, 0x3122,
  0x3122, 0x3122, 0x3122, 0x3122, 0x3122, 0x3122, 0x3122, 0x3122, 0x3122, 0x3122, 0x3122, 0x3122,
  0x3122, 0x3122, 0x3122, 0x3122, 0x3122, 0x3122, 0x3122, 0x3122, 0x3122, 0x3122, 0x3122, 0x3122,
  0x3122, 0x3122, 0x3122, 0x3122, 0x3122, 0x3122, 0x3122, 0x3122, 0x3122, 0x3122, 0x3122, 0x3122,
  0x3122, 0x3122, 0x3122, 0x3122, 0x3122, 0x3122, 0x3122, 0x3122, 0x3122, 0x3122, 0x3122, 0x3122,
  0x3122, 0x3122, 0x3122, 0x3122, 0x3122, 0x3122, 0x3122, 0x3122, 0x3122, 0x3122, 0x3122, 0x3122,
  0x3122, 0x3122, 0x3122, 0x3122, 0x3122, 0x3122, 0x3122, 0x3122, 0x3122, 0x3122, 0x3122, 0x3122,
  0x3122, 0x3122, 0x3122, 0x3122, 0x3122, 0x3122, 0x3122, 0x3122, 0x3122, 0x3122, 0x3122, 0x3122,
  0x3122, 0x3122, 0x3122, 0x3122, 0x3122, 0x3122, 0x3122, 0x3122, 0x3122, 0x3122, 0x3122, 0x3122,
  0x3122, 0x3122, 0x3122, 0x3122, 0x3122, 0x3122, 0x3122, 0x3122, 0x3122, 0x3122, 0x3122, 0x3122,
  0x3122, 0x3122, 0x3122, 0x3122, 0x3122, 0x3122, 0x3122, 0x3122, 0x3122, 0x3122, 0x3122, 0x3122,
  0x3122, 0x3122, 0x3122, 0x3122, 0x3122, 0x3122, 0x3122, 0x3122, 0x3122, 0x3122, 0x3122, 0x3122,
  0x3122, 0x3122, 0x3122, 0x3122, 0x3122, 0x3122, 0x3122, 0x3122, 0x3122, 0x3122, 0x3122, 0x3122,
  0x3122, 0x3122, 0x3122, 0x3122, 0x3122, 0x3122, 0x3122, 0x3122, 0x3122, 0x3122, 0x3122, 0x3122,
  0x3122, 0x3122, 0x3122, 0x3122, 0x3122, 0x3122, 0x3122, 0x3122, 0x3122, 0x3122, 0x3122, 0x3122,
  0x3122, 0x3122, 0x3122, 0x3122, 0x3122, 0x3122, 0x3122, 0x3122, 0x3122, 0x3122, 0x3122, 0x3122,
  0x3122, 0x3122, 0x3122, 0x3122, 0x3122, 0x3122, 0x3122, 0x3122, 0x3122, 0x3122, 0x3122, 0x3122,
  0x3122, 0x3122, 0x3122, 0x3122, 0x3122, 0x3122, 0x3122, 0x3122, 0x3122, 0x3122, 0x3122, 0x3122,
  0x3122, 0x3122, 0x3122, 0x3122, 0x3122, 0x3122, 0x3122, 0x3122, 0x3122, 0x3122, 0x3122, 0x3122,
  0x3122, 0x3122, 0x3122, 0x3122, 0x3122, 0x3122, 0x3122, 0x3122, 0x3122, 0x3122, 0x3122, 0x3122,
  0x3122, 0x3122, 0x3122, 0x3122, 0x3122, 0x3122, 0x3122, 0x3122, 0x3122, 0x3122, 0x3122, 0x3122,
  0x3122, 0x3122, 0x3122, 0x3122, 0x3122, 0x3122, 0x3122, 0x3122, 0x3122, 0x3122, 0x3122, 0x3122,
  0x3122, 0x3122, 0x3122, 0x3122, 0x3122, 0x3122, 0x3122, 0x3122, 0x3122, 0x3122, 0x3122, 0x3122,
  0x3122, 0x3122, 0x3122, 0x3122, 0x3122, 0x3122, 0x3122, 0x3122, 0x3122, 0x3122, 0x3122, 0x3122,
  0x3122, 0x3122, 0x3122, 0x3122, 0x3122, 0x3122, 0x3122, 0x3122, 0x3122, 0x3122, 0x3122, 0x3122,
  0x3122, 0x3122, 0x3122, 0x3122, 0x3122, 0x3122, 0x3122, 0x3122, 0x3122, 0x3122, 0x3122, 0x3122,
  0x3122, 0x3122, 0x3122, 0x3122, 0x3122, 0x3122, 0x3122, 0x3122, 0x3122, 0x3122, 0x3122, 0x3122,
  0x3122, 0x3122, 0x3122, 0x3122, 0x3122, 0x3122, 0x3122, 0x3122, 0x3122, 0x3122, 0x3122, 0x3122,
  0x3122, 0x3122, 0x3122, 0x3122, 0x3122, 0x3122, 0x3122, 0x3122, 0x3122, 0x3122, 0x3122, 0x3122,
  0x3122, 0x3122, 0x3122, 0x3122, 0x3122, 0x3122, 0x3122, 0x3122, 0x3122, 0x3122, 0x3122, 0x3122,
  0x3122, 0x3122, 0x3122, 0x3122, 0x3122, 0x3122, 0x3122, 0x3122, 0x3122, 0x3122, 0x3122, 0x3122,
  0x3122, 0x3122, 0x3122, 0x3122, 0x3122, 0x3122, 0x3122, 0x3122, 0x3122, 0x3122, 0x3122, 0x3122,
  0x3122, 0x3122, 0x3122, 0x3122, 0x3122, 0x3122, 0x3122, 0x3122, 0x3122, 0x3122, 0x3122, 0x3122,
  0x3122, 0x3122, 0x3122, 0x3122, 0x3122, 0x3122, 0x3122, 0x3122, 0x3122, 0x3122, 0x3122, 0x3122,
  0x3122, 0x3122, 0x3122, 0x3122, 0x3122, 0x3122, 0x3122, 0x3122, 0x3122, 0x3122, 0x3122, 0x3122,
  0x3122, 0x3122, 0x3122, 0x3122, 0x3122, 0x3122, 0x3122, 0x3122, 0x3122, 0x3122, 0x3122, 0x3122,
  0x3122, 0x3122, 0x3122, 0x3122, 0x3122, 0x3122, 0x3122, 0x3122, 0x3122, 0x3122, 0x3122, 0x3122,
  0x3122, 0x3122, 0x3122, 0x3122, 0x3122, 0x3122, 0x3122, 0x3122, 0x3122, 0x3122, 0x3122, 0x3122,
  0x3122, 0x3122, 0x3122, 0x3122, 0x3122, 0x3122, 0x3122, 0x3122, 0x3122, 0x3122, 0x3122, 0x3122,
  0x3122, 0x3122, 0x3122, 0x3122, 0x3122, 0x3122, 0x3122, 0x3122, 0x3122, 0x3122, 0x3122, 0x3122,
  0x3122, 0x3122, 0x3122, 0x3122, 0x3122, 0x3122, 0x3122, 0x3122, 0x3122, 0x3122, 0x3122, 0x3122,
  0x3122, 0x3122, 0x3122, 0x3122, 0x3122, 0x3122, 0x3122, 0x3122, 0x3122, 0x3122, 0x3122, 0x3122,
  0x3122, 0x3122, 0x3122, 0x3122, 0x3122, 0x3122, 0x3122, 0x3122, 0x3122, 0x3122, 0x3122, 0x3122,
  0x3122, 0x3122, 0x3122, 0x3122, 0x3122, 0x3122, 0x3122, 0x3122, 0x3122, 0x3122, 0x3122, 0x3122,
  0x3122, 0x3122, 0x3122, 0x3122, 0x3122, 0x3122, 0x3122, 0x3122, 0x3122, 0x3122, 0x3122, 0x3122,
  0x3122, 0x3122, 0x3122, 0x3122, 0x3122, 0x3122, 0x3122, 0x3122, 0x3122, 0x3122, 0x3122, 0x3122,
  0x3122, 0x3122, 0x3122, 0x3122, 0x3122, 0x3122, 0x3122, 0x3122, 0x3122, 0x3122, 0x3122, 0x3122,
  0x3122, 0x3122, 0x3122, 0x3122, 0x3122, 0x3122, 0x3122, 0x3122, 0x3122, 0x3122, 0x3122, 0x3122,
  0x3122, 0x3122, 0x3122, 0x3122, 0x3122, 0x3122, 0x3122, 0x3122, 0x3122, 0x3122, 0x3122, 0x3122,
  0x3122, 0x3122, 0x3122, 0x3122, 0x3122, 0x3122, 0x3122, 0x3122, 0x3122, 0x3122, 0x3122, 0x3122,
  0x3122, 0x3122, 0x3122, 0x3122, 0x3122, 0x3122, 0x3122, 0x3122, 0x3122, 0x3122, 0x3122, 0x3122,
  0x3122, 0x3122, 0x3122, 0x3122, 0x3122, 0x3122, 0x3122, 0x3122, 0x3122, 0x3122, 0x3122, 0x3122,
  0x3122, 0x3122, 0x3122, 0x3122, 0x3122, 0x3122, 0x3122, 0x3122, 0x3122, 0x3122, 0x3122, 0x3122,
  0x3122, 0x3122, 0x3122, 0x3122, 0x3122, 0x3122, 0x3122, 0x3122, 0x3122, 0x3122, 0x3122, 0x3122,
  0x3122, 0x3122, 0x3122, 0x3122, 0x3122, 0x3122, 0x3122, 0x3122, 0x3122, 0x3122, 0x3122, 0x3122,
  0x3122, 0x3122, 0x3122, 0x3122, 0x3122, 0x3122, 0x3122, 0x3122, 0x3122, 0x3122, 0x3122, 0x3122,
  0x3122, 0x3122, 0x3122, 0x3122, 0x3122, 0x3122, 0x3122, 0x3122, 0x3122, 0x3122, 0x3122, 0x3122,
  0x3122, 0x3122, 0x3122, 0x3122, 0x3122, 0x3122, 0x3122, 0x3122, 0x3122, 0x3122, 0x3122, 0x3122,
  0x3122, 0x3122, 0x3122, 0x3122, 0x3122, 0x3122, 0x3122, 0x3122, 0x3122, 0x3122, 0x3122, 0x3122,
  0x3122, 0x3122, 0x3122, 0x3122, 0x3122, 0x3122, 0x3122, 0x3122, 0x3122, 0x3122, 0x3122, 0x3122,
  0x3122, 0x3122, 0x3122, 0x3122, 0x3122, 0x3122, 0x3122, 0x3122, 0x3122, 0x3122, 0x3122, 0x3122,
  0x3122, 0x3122, 0x3122, 0x3122, 0x3122, 0x3122, 0x3122, 0x3122, 0x3122, 0x3122, 0x3122, 0x3122,
  0x3122, 0x3122, 0x3122, 0x3122, 0x3122, 0x3122, 0x3122, 0x3122, 0x3122, 0x3122, 0x3122, 0x3122,
  0x3122, 0x3122, 0x3122, 0x3122, 0x3122, 0x3122, 0x3122, 0x3122, 0x3122, 0x3122, 0x3122, 0x3122,
  0x3122, 0x3122, 0x3122, 0x3122, 0x3122, 0x3122, 0x3122, 0x3122, 0x3122, 0x3122, 0x3122, 0x3122,
  0x3122, 0x3122, 0x3122, 0x3122, 0x3122, 0x3122, 0x3122, 0x3122, 0x3122, 0x3122, 0x3122, 0x3122,
  0x3122, 0x3122, 0x3122, 0x3122, 0x3122, 0x3122, 0x3122, 0x3122, 0x3122, 0x3122, 0x3122, 0x3122,
  0x3122, 0x3122, 0x3122, 0x3122, 0x3122, 0x3122, 0x3122, 0x3122, 0x3122, 0x3122, 0x3122, 0x3122,
  0x3122, 0x3122, 0x3122, 0x3122, 0x3122, 0x3122, 0x3122, 0x3122, 0x3122, 0x3122, 0x3122, 0x3122,
  0x3122, 0x3122, 0x3122, 0x3122, 0x3122, 0x3122, 0x3122, 0x3122, 0x3122, 0x3122, 0x3122, 0x3122,
  0x3122, 0x3122, 0x3122, 0x3122, 0x3122, 0x3122, 0x3122, 0x3122, 0x3122, 0x3122, 0x3122, 0x3122,
  0x3122, 0x3122, 0x3122, 0x3122, 0x3122, 0x3122, 0x3122, 0x3122, 0x3122, 0x3122, 0x3122, 0x3122,
  0x3122, 0x3122, 0x3122, 0x3122, 0x3122, 0x3122, 0x3122, 0x3122, 0x3122, 0x3122, 0x3122, 0x3122,
  0x3122, 0x3122, 0x3122, 0x3122, 0x3122, 0x3122, 0x3122, 0x3122, 0x3122, 0x3122, 0x3122, 0x3122,
  0x3122, 0x3122, 0x3122, 0x3122, 0x3122, 0x3122, 0x3122, 0x3122, 0x3122, 0x3122, 0x3122, 0x3122,
  0x3122, 0x3122, 0x3122, 0x3122, 0x3122, 0x3122, 0x3122, 0x3122, 0x3122, 0x3122, 0x3122, 0x3122,
  0x3122, 0x3122, 0x3122, 0x3122, 0x3122, 0x3122, 0x3122, 0x3122, 0x3122, 0x3122, 0x3122, 0x3122,
  0x3122, 0x3122, 0x3122, 0x3122, 0x3122, 0x3122, 0x3122, 0x3122, 0x3122, 0x3122, 0x3122, 0x3122,
  0x3122, 0x3122, 0x3122, 0x3122, 0x3122, 0x3122, 0x3122, 0x3122, 0x3122, 0x3122, 0x3122, 0x3122,
  0x3122, 0x3122, 0x3122, 0x3122, 0x3122, 0x3122, 0x3122, 0x3122, 0x3122, 0x3122, 0x3122, 0x3122,
  0x3122, 0x3122, 0x3122, 0x3122, 0x3122, 0x3122, 0x3122, 0x3122, 0x3122, 0x3122, 0x3122, 0x3122,
  0x3122, 0x3122, 0x3122, 0x3122, 0x3122, 0x3122, 0x3122, 0x3122, 0x3122, 0x3122, 0x3122, 0x3122,
  0x3122, 0x3122, 0x3122, 0x3122, 0x3122, 0x3122, 0x3122, 0x3122, 0x3122, 0x3122, 0x3122, 0x3122,
  0x3122, 0x3122, 0x3122, 0x3122, 0x3122, 0x3122, 0x3122, 0x3122, 0x3122, 0x3122, 0x3122, 0x3122,
  0x3122, 0x3122, 0x3122, 0x3122, 0x3122, 0x3122, 0x3122, 0x3122, 0x3122, 0x3122, 0x3122, 0x3122,
  0x3122, 0x3122, 0x3122, 0x3122, 0x3122, 0x3122, 0x3122, 0x3122, 0x3122, 0x3122, 0x3122, 0x3122,
  0x3122, 0x3122, 0x3122, 0x3122, 0x3122, 0x3122, 0x3122, 0x3122, 0x3122, 0x3122, 0x3122, 0x3122,
  0x3122, 0x3122, 0x3122, 0x3122, 0x3122, 0x3122, 0x3122, 0x3122, 0x3122, 0x3122, 0x3122, 0x3122,
  0x3122, 0x3122, 0x3122, 0x3122, 0x3122, 0x3122, 0x3122, 0x3122, 0x3122, 0x3122, 0x3122, 0x3122,
  0x3122, 0x3122, 0x3122, 0x3122, 0x3122, 0x3122, 0x3122, 0x3122, 0x3122, 0x3122, 0x3122, 0x3122,
  0x3122, 0x3122, 0x3122, 0x3122, 0x3122, 0x3122, 0x3122, 0x3122, 0x3122, 0x3122, 0x3122, 0x3122,
  0x3122, 0x3122, 0x3122, 0x3122, 0x3122, 0x3122, 0x3122, 0x3122, 0x3122, 0x3122, 0x3122, 0x3122,
  0x3122, 0x3122, 0x3122, 0x3122, 0x3122, 0x3122, 0x3122, 0x3122, 0x3122, 0x3122, 0x3122, 0x3122,
  0x3122, 0x3122, 0x3122, 0x3122, 0x3122, 0x3122, 0x3122, 0x3122, 0x3122, 0x3122, 0x3122, 0x3122,
  0x3122, 0x3122, 0x3122, 0x3122, 0x3122, 0x3122, 0x3122, 0x3122, 0x3122, 0x3122, 0x3122, 0x3122,
  0x3122, 0x3122, 0x3122, 0x3122, 0x3122, 0x3122, 0x3122, 0x3122, 0x3122, 0x3122, 0x3122, 0x3122,
  0x3122, 0x3122, 0x3122, 0x3122, 0x3122, 0x3122, 0x3122, 0x3122, 0x3122, 0x3122, 0x3122, 0x3122,
  0x3122, 0x3122, 0x3122, 0x3122, 0x3122, 0x3122, 0x3122, 0x3122, 0x3122, 0x3122, 0x3122, 0x3122,
  0x3122, 0x3122, 0x3122, 0x3122, 0x3122, 0x3122, 0x3122, 0x3122, 0x3122, 0x3122, 0x3122, 0x3122,
  0x3122, 0x3122, 0x3122, 0x3122, 0x3122, 0x3122, 0x3122, 0x3122, 0x3122, 0x3122, 0x3122, 0x3122,
  0x3122, 0x3122, 0x3122, 0x3122, 0x3122, 0x3122, 0x3122, 0x3122, 0x3122, 0x3122, 0x3122, 0x3122,
  0x3122, 0x3122, 0x3122, 0x3122, 0x3122, 0x3122, 0x3122, 0x3122, 0x3122, 0x3122, 0x3122, 0x3122,
  0x3122, 0x3122, 0x3122, 0x3122, 0x3122, 0x3122, 0x3122, 0x3122, 0x3122, 0x3122, 0x3122, 0x3122,
  0x3122, 0x3122, 0x3122, 0x3122, 0x3122, 0x3122, 0x3122, 0x3122, 0x3122, 0x3122, 0x3122, 0x3122,
  0x3122, 0x3122, 0x3122, 0x3122, 0x3122, 0x3122, 0x3122, 0x3122, 0x3122, 0x3122, 0x3122, 0x3122,
  0x3122, 0x3122, 0x3122, 0x3122, 0x3122, 0x3122, 0x3122, 0x3122, 0x3122, 0x3122, 0x3122, 0x3122,
  0x3122, 0x3122, 0x3122, 0x3122, 0x3122, 0x3122, 0x3122, 0x3122, 0x3122, 0x3122, 0x3122, 0x3122,
  0x3122, 0x3122, 0x3122, 0x3122, 0x3122, 0x3122, 0x3122, 0x3122, 0x3122, 0x3122, 0x3122, 0x3122,
  0x3122, 0x3122, 0x3122, 0x3122, 0x3122, 0x3122, 0x3122, 0x3122, 0x3122, 0x3122, 0x3122, 0x3122,
  0x3122, 0x3122, 0x3122, 0x3122, 0x3122, 0x3122, 0x3122, 0x3122, 0x3122, 0x3122, 0x3122, 0x3122,
  0x3122, 0x3122, 0x3122, 0x3122, 0x3122, 0x3122, 0x3122, 0x3122, 0x3122, 0x3122, 0x3122, 0x3122,
  0x3122, 0x3122, 0x3122, 0x3122, 0x3122, 0x3122, 0x3122, 0x3122, 0x3122, 0x3122, 0x3122, 0x3122,
  0x3122, 0x3122, 0x3122, 0x3122, 0x3122, 0x3122, 0x3122, 0x3122, 0x3122, 0x3122, 0x3122, 0x3122,
  0x3122, 0x3122, 0x3122, 0x3122, 0x3122, 0x3122, 0x3122, 0x3122, 0x3122, 0x3122, 0x3122, 0x3122,
  0x3122, 0x3122, 0x3122, 0x3122, 0x3122, 0x3122, 0x3122, 0x3122, 0x3122, 0x3122, 0x3122, 0x3122,
  0x3122, 0x3122, 0x3122, 0x3122, 0x3122, 0x3122, 0x3122, 0x3122, 0x3122, 0x3122, 0x3122, 0x3122,
  0x3122, 0x3122, 0x3122, 0x3122, 0x3122, 0x3122, 0x3122, 0x3122, 0x3122, 0x3122, 0x3122, 0x3122,
  0x3122, 0x3122, 0x3122, 0x3122, 0x3122, 0x3122, 0x3122, 0x3122, 0x3122, 0x3122, 0x3122, 0x3122,
  0x3122, 0x3122, 0x3122, 0x3122, 0x3122, 0x3122, 0x3122, 0x3122, 0x3122, 0x3122, 0x3122, 0x3122,
  0x3122, 0x3122, 0x3122, 0x3122, 0x3122, 0x3122, 0x3122, 0x3122, 0x3122, 0x3122, 0x3122, 0x3122,
  0x3122, 0x3122, 0x3122, 0x3122, 0x3122, 0x3122, 0x3122, 0x3122, 0x3122, 0x3122, 0x3122, 0x3122,
  0x3122, 0x3122, 0x3122, 0x3122, 0x3122, 0x3122, 0x3122, 0x3122, 0x3122, 0x3122, 0x3122, 0x3122,
  0x3122, 0x3122, 0x3122, 0x3122, 0x3122, 0x3122, 0x3122, 0x3122, 0x3122, 0x3122, 0x3122, 0x3122,
  0x3122, 0x3122, 0x3122, 0x3122, 0x3122, 0x3122, 0x3122, 0x3122, 0x3122, 0x3122, 0x3122, 0x3122,
  0x3122, 0x3122, 0x3122, 0x3122, 0x3122, 0x3122, 0x3122, 0x3122, 0x3122, 0x3122, 0x3122, 0x3122,
  0x3122, 0x3122, 0x3122, 0x3122, 0x3122, 0x3122, 0x3122, 0x3122, 0x3122, 0x3122, 0x3122, 0x3122,
  0x3122, 0x3122, 0x3122, 0x3122, 0x3122, 0x3122, 0x3122, 0x3122, 0x3122, 0x3122, 0x3122, 0x3122,
  0x3122, 0x3122, 0x3122, 0x3122, 0x3122, 0x3122, 0x3122, 0x3122, 0x3122, 0x3122, 0x3122, 0x3122,
  0x3122, 0x3122, 0x3122, 0x3122, 0x3122, 0x3122, 0x3122, 0x3122, 0x3122, 0x3122, 0x3122, 0x3122,
  0x3122, 0x3122, 0x3122, 0x3122, 0x3122, 0x3122, 0x3122, 0x3122, 0x3122, 0x3122, 0x3122, 0x3122,
  0x3122, 0x3122, 0x3122, 0x3122, 0x3122, 0x3122, 0x3122, 0x3122, 0x3122, 0x3122, 0x3122, 0x3122,
  0x3122, 0x3122, 0x3122, 0x3122, 0x3122, 0x3122, 0x3122, 0x3122, 0x3122, 0x3122, 0x3122, 0x3122,
  0x3122, 0x3122, 0x3122, 0x3122, 0x3122, 0x3122, 0x3122, 0x3122, 0x3122, 0x3122, 0x3122, 0x3122,
  0x3122, 0x3122, 0x3122, 0x3122, 0x3122, 0x3122, 0x3122, 0x3122, 0x3122, 0x3122, 0x3122, 0x3122,
  0x3122, 0x3122, 0x3122, 0x3122, 0x3122, 0x3122, 0x3122, 0x3122, 0x3122, 0x3122, 0x3122, 0x3122,
  0x3122, 0x3122, 0x3122, 0x3122, 0x3122, 0x3122, 0x3122, 0x3122, 0x3122, 0x3122, 0x3122, 0x3122,
  0x3122, 0x3122, 0x3122, 0x3122, 0x3122, 0x3122, 0x3122, 0x3122, 0x3122, 0x3122, 0x3122, 0x3122,
  0x3122, 0x3122, 0x3122, 0x3122, 0x3122, 0x3122, 0x3122, 0x3122, 0x3122, 0x3122, 0x3122, 0x3122,
  0x3122, 0x3122, 0x3122, 0x3122, 0x3122, 0x3122, 0x3122, 0x3122, 0x3122, 0x3122, 0x3122, 0x3122,
  0x3122, 0x3122, 0x3122, 0x3122, 0x3122, 0x3122, 0x3122, 0x3122, 0x3122, 0x3122, 0x3122, 0x3122,
  0x3122, 0x3122, 0x3122, 0x3122, 0x3122, 0x3122, 0x3122, 0x3122, 0x3122, 0x3122, 0x3122, 0x3122,
  0x3122, 0x3122, 0x3122, 0x3122, 0x3122, 0x3122, 0x3122, 0x3122, 0x3122, 0x3122, 0x3122, 0x3122,
  0x3122, 0x3122, 0x3122, 0x3122, 0x3122, 0x3122, 0x3122, 0x3122, 0x3122, 0x3122, 0x3122, 0x3122,
  0x3122, 0x3122, 0x3122, 0x3122, 0x3122, 0x3122, 0x3122, 0x3122, 0x3122, 0x3122, 0x3122, 0x3122,
  0x3122, 0x3122, 0x3122, 0x3122, 0x3122, 0x3122, 0x3122, 0x3122, 0x3122, 0x3122, 0x3122, 0x3122,
  0x3122, 0x3122, 0x3122, 0x3122, 0x3122, 0x3122, 0x3122, 0x3122, 0x3122, 0x3122, 0x3122, 0x3122,
  0x3122, 0x3122, 0x3122, 0x3122, 0x3122, 0x3122, 0x3122, 0x3122, 0x3122, 0x3122, 0x3122, 0x3122,
  0x3122, 0x3122, 0x3122, 0x3122, 0x3122, 0x3122, 0x3122, 0x3122, 0x3122, 0x3122, 0x3122, 0x3122,
  0x3122, 0x3122, 0x3122, 0x3122, 0x3122, 0x3122, 0x3122, 0x3122, 0x3122, 0x3122, 0x3122, 0x3122,
  0x3122, 0x3122, 0x3122, 0x3122, 0x3122, 0x3122, 0x3122, 0x3122, 0x3122, 0x3122, 0x3122, 0x3122,
  0x3122, 0x3122, 0x3122, 0x3122, 0x3122, 0x3122, 0x3122, 0x3122, 0x3122, 0x3122, 0x3122, 0x3122,
  0x3122, 0x3122, 0x3122, 0x3122, 0x3122, 0x3122, 0x3122, 0x3122, 0x3122, 0x3122, 0x3122, 0x3122,
  0x3122, 0x3122, 0x3122, 0x3122, 0x3122, 0x3122, 0x3122, 0x3122, 0x3122, 0x3122, 0x3122, 0x3122,
  0x3122, 0x3122, 0x3122, 0x3122, 0x3122, 0x3122, 0x3122, 0x3122, 0x3122, 0x3122, 0x3122, 0x3122,
  0x3122, 0x3122, 0x3122, 0x3122, 0x3122, 0x3122, 0x3122, 0x3122, 0x3122, 0x3122, 0x3122, 0x3122,
  0x3122, 0x3122, 0x3122, 0x3122, 0x3122, 0x3122, 0x3122, 0x3122, 0x3122, 0x3122, 0x3122, 0x3122,
  0x3122, 0x3122, 0x3122, 0x3122, 0x3122, 0x3122, 0x3122, 0x3122, 0x3122, 0x3122, 0x3122, 0x3122,
  0x3122, 0x3122, 0x3122, 0x3122, 0x3122, 0x3122, 0x3122, 0x3122, 0x3122, 0x3122, 0x3122, 0x3122,
  0x3122, 0x3122, 0x3122, 0x3122, 0x3122, 0x3122, 0x3122, 0x3122, 0x3122, 0x3122, 0x3122, 0x3122,
  0x3122, 0x3122, 0x3122, 0x3122, 0x3122, 0x3122, 0x3122, 0x3122, 0x3122, 0x3122, 0x3122, 0x3122,
  0x3122, 0x3122, 0x3122, 0x3122, 0x3122, 0x3122, 0x3122, 0x3122, 0x3122, 0x3122, 0x3122, 0x3122,
  0x3122, 0x3122, 0x3122, 0x3122, 0x3122, 0x3122, 0x3122, 0x3122, 0x3122, 0x3122, 0x3122, 0x3122,
  0x3122, 0x3122, 0x3122, 0x3122, 0x3122, 0x3122, 0x3122, 0x3122, 0x3122, 0x3122, 0x3122, 0x3122,
  0x3122, 0x3122, 0x3122, 0x3122, 0x3122, 0x3122, 0x3122, 0x3122, 0x3122, 0x3122, 0x3122, 0x3122,
  0x3122, 0x3122, 0x3122, 0x3122, 0x3122, 0x3122, 0x3122, 0x3122, 0x3122, 0x3122, 0x3122, 0x3122,
  0x3122, 0x3122, 0x3122, 0x3122, 0x3122, 0x3122, 0x3122, 0x3122, 0x3122, 0x3122, 0x3122, 0x3122,
  0x3122, 0x3122, 0x3122, 0x3122, 0x3122, 0x3122, 0x3122, 0x3122, 0x3122, 0x3122, 0x3122, 0x3122,
  0x3122, 0x3122, 0x3122, 0x3122, 0x3122, 0x3122, 0x3122, 0x3122, 0x3122, 0x3122, 0x3122, 0x3122,
  0x3122, 0x3122, 0x3122, 0x3122, 0x3122, 0x3122, 0x3122, 0x3122, 0x3122, 0x3122, 0x3122, 0x3122,
  0x3122, 0x3122, 0x3122, 0x3122, 0x3122, 0x3122, 0x3122, 0x3122, 0x3122, 0x3122, 0x3122, 0x3122,
  0x3122, 0x3122, 0x3122, 0x3122, 0x3122, 0x3122, 0x3122, 0x3122, 0x3122, 0x3122, 0x3122, 0x3122,
  0x3122, 0x3122, 0x3122, 0x3122, 0x3122, 0x3122, 0x3122, 0x3122, 0x3122, 0x3122, 0x3122, 0x3122,
  0x3122, 0x3122, 0x3122, 0x3122, 0x3122, 0x3122, 0x3122, 0x3122, 0x3122, 0x3122, 0x3122, 0x3122,
  0x3122, 0x3122, 0x3122, 0x3122, 0x3122, 0x3122, 0x3122, 0x3122, 0x3122, 0x3122, 0x3122, 0x3122,
  0x3122, 0x3122, 0x3122, 0x3122, 0x3122, 0x3122, 0x3122, 0x3122, 0x3122, 0x3122, 0x3122, 0x3122,
  0x3122, 0x3122, 0x3122, 0x3122, 0x3122, 0x3122, 0x3122, 0x3122, 0x3122, 0x3122, 0x3122, 0x3122,
  0x3122, 0x3122, 0x3122, 0x3122, 0x3122, 0x3122, 0x3122, 0x3122, 0x3122, 0x3122, 0x3122, 0x3122,
  0x3122, 0x3122, 0x3122, 0x3122, 0x3122, 0x3122, 0x3122, 0x3122, 0x3122, 0x3122, 0x3122, 0x3122,
  0x3122, 0x3122, 0x3122, 0x3122, 0x3122, 0x3122, 0x3122, 0x3122, 0x3122, 0x3122, 0x3122, 0x3122,
  0x3122, 0x3122, 0x3122, 0x3122, 0x3122, 0x3122, 0x3122, 0x3122, 0x3122, 0x3122, 0x3122, 0x3122,
  0x3122, 0x3122, 0x3122, 0x3122, 0x3122, 0x3122, 0x3122, 0x3122, 0x3122, 0x3122, 0x3122, 0x3122,
  0x3122, 0x3122, 0x3122, 0x3122, 0x3122, 0x3122, 0x3122, 0x3122, 0x3122, 0x3122, 0x3122, 0x3122,
  0x3122, 0x3122, 0x3122, 0x3122, 0x3122, 0x3122, 0x3122, 0x3122, 0x3122, 0x3122, 0x3122, 0x3122,
  0x3122, 0x3122, 0x3122, 0x3122, 0x3122, 0x3122, 0x3122, 0x3122, 0x3122, 0x3122, 0x3122, 0x3122,
  0x3122, 0x3122, 0x3122, 0x3122, 0x3122, 0x3122, 0x3122, 0x3122, 0x3122, 0x3122, 0x3122, 0x3122,
  0x3122, 0x3122, 0x3122, 0x3122, 0x3122, 0x3122, 0x3122, 0x3122, 0x3122, 0x3122, 0x3122, 0x3122,
  0x3122, 0x3122, 0x3122, 0x3122, 0x3122, 0x3122, 0x3122, 0x3122, 0x3122, 0x3122, 0x3122, 0x3122,
  0x3122, 0x3122, 0x3122, 0x3122, 0x3122, 0x3122, 0x3122, 0x3122, 0x3122, 0x3122, 0x3122, 0x3122,
  0x3122, 0x3122, 0x3122, 0x3122, 0x3122, 0x3122, 0x3122, 0x3122, 0x3122, 0x3122, 0x3122, 0x3122,
  0x3122, 0x3122, 0x3122, 0x3122, 0x3122, 0x3122, 0x3122, 0x3122, 0x3122, 0x3122, 0x3122, 0x3122,
  0x3122, 0x3122, 0x3122, 0x3122, 0x3122, 0x3122, 0x3122, 0x3122, 0x3122, 0x3122, 0x3122, 0x3122,
  0x3122, 0x3122, 0x3122, 0x3122, 0x3122, 0x3122, 0x3122, 0x3122, 0x3122, 0x3122, 0x3122, 0x3122,
  0x3122, 0x3122, 0x3122, 0x3122, 0x3122, 0x3122, 0x3122, 0x3122, 0x3122, 0x3122, 0x3122, 0x3122,
  0x3122, 0x3122, 0x3122, 0x3122, 0x3122, 0x3122, 0x3122, 0x3122, 0x3122, 0x3122, 0x3122, 0x3122,
  0x3122, 0x3122, 0x3122, 0x3122, 0x3122, 0x3122, 0x3122, 0x3122, 0x3122, 0x3122, 0x3122, 0x3122,
  0x3122, 0x3122, 0x3122, 0x3122, 0x3122, 0x3122, 0x3122, 0x3122, 0x3122, 0x3122, 0x3122, 0x3122,
  0x3122, 0x3122, 0x3122, 0x3122, 0x3122, 0x3122, 0x3122, 0x3122, 0x3122, 0x3122, 0x3122, 0x3122,
  0x3122, 0x3122, 0x3122, 0x3122, 0x3122, 0x3122, 0x3122, 0x3122, 0x3122, 0x3122, 0x3122, 0x3122,
  0x3122, 0x3122, 0x3122, 0x3122, 0x3122, 0x3122, 0x3122, 0x3122, 0x3122, 0x3122, 0x3122, 0x3122,
  0x3122, 0x3122, 0x3122, 0x3122, 0x3122, 0x3122, 0x3122, 0x3122, 0x3122, 0x3122, 0x3122, 0x3122,
  0x3122, 0x3122, 0x3122, 0x3122, 0x3122, 0x3122, 0x3122, 0x3122, 0x3122, 0x3122, 0x3122, 0x3122,
  0x3122, 0x3122, 0x3122, 0x3122, 0x3122, 0x3122, 0x3122, 0x3122, 0x3122, 0x3122, 0x3122, 0x3122,
  0x3122, 0x3122, 0x3122, 0x3122, 0x3122, 0x3122, 0x3122, 0x3122, 0x3122, 0x3122, 0x3122, 0x3122,
  0x3122, 0x3122, 0x3122, 0x3122, 0x3122, 0x3122, 0x3122, 0x3122, 0x3122, 0x3122, 0x3122, 0x3122,
  0x3122, 0x3122, 0x3122, 0x3122, 0x3122, 0x3122, 0x3122, 0x3122, 0x3122, 0x3122, 0x3122, 0x3122,
  0x3122, 0x3122, 0x3122, 0x3122, 0x3122, 0x3122, 0x3122, 0x3122, 0x3122, 0x3122, 0x3122, 0x3122,
  0x3122, 0x3122, 0x3122, 0x3122, 0x3122, 0x3122, 0x3122, 0x3122, 0x3122, 0x3122, 0x3122, 0x3122,
  0x3122, 0x3122, 0x3122, 0x3122, 0x3122, 0x3122, 0x3122, 0x3122, 0x3122, 0x3122, 0x3122, 0x3122,
  0x3122, 0x3122, 0x3122, 0x3122, 0x3122, 0x3122, 0x3122, 0x3122, 0x3122, 0x3122, 0x3122, 0x3122,
  0x3122, 0x3122, 0x3122, 0x3122, 0x3122, 0x3122, 0x3122, 0x3122, 0x3122, 0x3122, 0x3122, 0x3122,
  0x3122, 0x3122, 0x3122, 0x3122, 0x3122, 0x3122, 0x3122, 0x3122, 0x3122, 0x3122, 0x3122, 0x3122,
  0x3122, 0x3122, 0x3122, 0x3122, 0x3122, 0x3122, 0x3122, 0x3122, 0x3122, 0x3122, 0x3122, 0x3122,
  0x3122, 0x3122, 0x3122, 0x3122, 0x3122, 0x3122, 0x3122, 0x3122, 0x3122, 0x3122, 0x3122, 0x3122,
  0x3122, 0x3122, 0x3122, 0x3122, 0x3122, 0x3122, 0x3122, 0x3122, 0x3122, 0x3122, 0x3122, 0x3122,
  0x3122, 0x3122, 0x3122, 0x3122, 0x3122, 0x3122, 0x3122, 0x3122, 0x3122, 0x3122, 0x3122, 0x3122,
  0x3122, 0x3122, 0x3122, 0x3122, 0x3122, 0x3122, 0x3122, 0x3122, 0x3122, 0x3122, 0x3122, 0x3122,
  0x3122, 0x3122, 0x3122, 0x3122, 0x3122, 0x3122, 0x3122, 0x3122, 0x3122, 0x3122, 0x3122, 0x3122,
  0x3122, 0x3122, 0x3122, 0x3122, 0x3122, 0x3122, 0x3122, 0x3122, 0x3122, 0x3122, 0x3122, 0x3122,
  0x3122, 0x3122, 0x3122, 0x3122, 0x3122, 0x3122, 0x3122, 0x3122, 0x3122, 0x3122, 0x3122, 0x3122,
  0x3122, 0x3122, 0x3122, 0x3122, 0x3122, 0x3122, 0x3122, 0x3122, 0x3122, 0x3122, 0x3122, 0x3122,
  0x3122, 0x3122, 0x3122, 0x3122, 0x3122, 0x3122, 0x3122, 0x3122, 0x3122, 0x3122, 0x3122, 0x3122,
  0x3122, 0x3122, 0x3122, 0x3122, 0x3122, 0x3122, 0x3122, 0x3122, 0x3122, 0x3122, 0x3122, 0x3122,
  0x3122, 0x3122, 0x3122, 0x3122, 0x3122, 0x3122, 0x3122, 0x3122, 0x3122, 0x3122, 0x3122, 0x3122,
  0x3122, 0x3122, 0x3122, 0x3122, 0x3122, 0x3122, 0x3122, 0x3122, 0x3122, 0x3122, 0x3122, 0x3122,
  0x3122, 0x3122, 0x3122, 0x3122, 0x3122, 0x3122, 0x3122, 0x3122, 0x3122, 0x3122, 0x3122, 0x3122,
  0x3122, 0x3122, 0x3122, 0x3122, 0x3122, 0x3122, 0x3122, 0x3122, 0x3122, 0x3122, 0x3122, 0x3122,
  0x3122, 0x3122, 0x3122, 0x3122, 0x3122, 0x3122, 0x3122, 0x3122, 0x3122, 0x3122, 0x3122, 0x3122,
  0x3122, 0x3122, 0x3122, 0x3122, 0x3122, 0x3122, 0x3122, 0x3122, 0x3122, 0x3122, 0x3122, 0x3122,
  0x3122, 0x3122, 0x3122, 0x3122, 0x3122, 0x3122, 0x3122, 0x3122, 0x3122, 0x3122, 0x3122, 0x3122,
  0x3122, 0x3122, 0x3122, 0x3122, 0x3122, 0x3122, 0x3122, 0x3122, 0x3122, 0x3122, 0x3122, 0x3122,
  0x3122, 0x3122, 0x3122, 0x3122, 0x3122, 0x3122, 0x3122, 0x3122, 0x3122, 0x3122, 0x3122, 0x3122,
  0x3122, 0x3122, 0x3122, 0x3122, 0x3122, 0x3122, 0x3122, 0x3122, 0x3122, 0x3122, 0x3122, 0x3122,
  0x3122, 0x3122, 0x3122, 0x3122, 0x3122, 0x3122, 0x3122, 0x3122, 0x3122, 0x3122, 0x3122, 0x3122,
  0x3122, 0x3122, 0x3122, 0x3122, 0x3122, 0x3122, 0x3122, 0x3122, 0x3122, 0x3122, 0x3122, 0x3122,
  0x3122, 0x3122, 0x3122, 0x3122, 0x3122, 0x3122, 0x3122, 0x3122, 0x3122, 0x3122, 0x3122, 0x3122,
  0x3122, 0x3122, 0x3122, 0x3122, 0x3122, 0x3122, 0x3122, 0x3122, 0x3122, 0x3122, 0x3122, 0x3122,
  0x3122, 0x3122, 0x3122, 0x3122, 0x3122, 0x3122, 0x3122, 0x3122, 0x3122, 0x3122, 0x3122, 0x3122,
  0x3122, 0x3122, 0x3122, 0x3122, 0x3122, 0x3122, 0x3122, 0x3122, 0x3122, 0x3122, 0x3122, 0x3122,
  0x3122, 0x3122, 0x3122, 0x3122, 0x3122, 0x3122, 0x3122, 0x3122, 0x3122, 0x3122, 0x3122, 0x3122,
  0x3122, 0x3122, 0x3122, 0x3122, 0x3122, 0x3122, 0x3122, 0x3122, 0x3122, 0x3122, 0x3122, 0x3122,
  0x3122, 0x3122, 0x3122, 0x3122, 0x3122, 0x3122, 0x3122, 0x3122, 0x3122, 0x3122, 0x3122, 0x3122,
  0x3122, 0x3122, 0x3122, 0x3122, 0x3122, 0x3122, 0x3122, 0x3122, 0x3122, 0x3122, 0x3122, 0x3122,
  0x3122, 0x3122, 0x3122, 0x3122, 0x3122, 0x3122, 0x3122, 0x3122, 0x3122, 0x3122, 0x3122, 0x3122,
  0x3122, 0x3122, 0x3122, 0x3122, 0x3122, 0x3122, 0x3122, 0x3122, 0x3122, 0x3122, 0x3122, 0x3122,
  0x3122, 0x3122, 0x3122, 0x3122, 0x3122, 0x3122, 0x3122, 0x3122, 0x3122, 0x3122, 0x3122, 0x3122,
  0x3122, 0x3122, 0x3122, 0x3122, 0x3122, 0x3122, 0x3122, 0x3122, 0x3122, 0x3122, 0x3122, 0x3122,
  0x3122, 0x3122, 0x3122, 0x3122, 0x3122, 0x3122, 0x3122, 0x3122, 0x3122, 0x3122, 0x3122, 0x3122,
  0x3122, 0x3122, 0x3122, 0x3122, 0x3122, 0x3122, 0x3122, 0x3122, 0x3122, 0x3122, 0x3122, 0x3122,
  0x3122, 0x3122, 0x3122, 0x3122, 0x3122, 0x3122, 0x3122, 0x3122, 0x3122, 0x3122, 0x3122, 0x3122,
  0x3122, 0x3122, 0x3122, 0x3122, 0x3122, 0x3122, 0x3122, 0x3122, 0x3122, 0x3122, 0x3122, 0x3122,
  0x3122, 0x3122, 0x3122, 0x3122, 0x3122, 0x3122, 0x3122, 0x3122, 0x3122, 0x3122, 0x3122, 0x3122,
  0x3122, 0x3122, 0x3122, 0x3122, 0x3122, 0x3122, 0x3122, 0x3122, 0x3122, 0x3122, 0x3122, 0x3122,
  0x3122, 0x3122, 0x3122, 0x3122, 0x3122, 0x3122, 0x3122, 0x3122, 0x3122, 0x3122, 0x3122, 0x3122,
  0x3122, 0x3122, 0x3122, 0x3122, 0x3122, 0x3122, 0x3122, 0x3122, 0x3122, 0x3122, 0x3122, 0x3122,
  0x3122, 0x3122, 0x3122, 0x3122, 0x3122, 0x3122, 0x3122, 0x3122, 0x3122, 0x3122, 0x3122, 0x3122,
  0x3122, 0x3122, 0x3122, 0x3122, 0x3122, 0x3122, 0x3122, 0x3122, 0x3122, 0x3122, 0x3122, 0x3122,
  0x3122, 0x3122, 0x3122, 0x3122, 0x3122, 0x3122, 0x3122, 0x3122, 0x3122, 0x3122, 0x3122, 0x3122,
  0x3122, 0x3122, 0x3122, 0x3122, 0x3122, 0x3122, 0x3122, 0x3122, 0x3122, 0x3122, 0x3122, 0x3122,
  0x3122, 0x3122, 0x3122, 0x3122, 0x3122, 0x3122, 0x3122, 0x3122, 0x3122, 0x3122, 0x3122, 0x3122,
  0x3122, 0x3122, 0x3122, 0x3122, 0x3122, 0x3122, 0x3122, 0x3122, 0x3122, 0x3122, 0x3122, 0x3122,
  0x3122, 0x3122, 0x3122, 0x3122, 0x3122, 0x3122, 0x3122, 0x3122, 0x3122, 0x3122, 0x3122, 0x3122,
  0x3122, 0x3122, 0x3122, 0x3122, 0x3122, 0x3122, 0x3122, 0x3122, 0x3122, 0x3122, 0x3122, 0x3122,
  0x3122, 0x3122, 0x3122, 0x3122, 0x3122, 0x3122, 0x3122, 0x3122, 0x3122, 0x3122, 0x3122, 0x3122,
  0x3122, 0x3122, 0x3122, 0x3122, 0x3122, 0x3122, 0x3122, 0x3122, 0x3122, 0x3122, 0x3122, 0x3122,
  0x3122, 0x3122, 0x3122, 0x3122, 0x3122, 0x3122, 0x3122, 0x3122, 0x3122, 0x3122, 0x3122, 0x3122,
  0x3122, 0x3122, 0x3122, 0x3122, 0x3122, 0x3122, 0x3122, 0x3122, 0x3122, 0x3122, 0x3122, 0x3122,
  0x3122, 0x3122, 0x3122, 0x3122, 0x0E22, 0x0E2A, 0x0F2A, 0x3122, 0x3122, 0x3122, 0x3122, 0x3122,
  0x3122, 0x3122, 0x3122, 0x3122, 0x3122, 0x3122, 0x3122, 0x3122, 0x3122, 0x3122, 0x3122, 0x3122,
  0x3122, 0x3122, 0x3122, 0x3122, 0x3122, 0x3122, 0x3122, 0x3122, 0x3122, 0x3122, 0x3122, 0x3122,
  0x3122, 0x3122, 0x3122, 0x3122, 0x3122, 0x3122, 0x3122, 0x3122, 0x3122, 0x3122, 0x3122, 0x3122,
  0x3122, 0x3122, 0x3122, 0x3122, 0x3122, 0x3122, 0x3122, 0x3122, 0x3122, 0x3122, 0x3122, 0x3122,
  0x3122, 0x3122, 0x3122, 0x3122, 0x3122, 0x3122, 0x3122, 0x3122, 0x3122, 0x3122, 0x3122, 0x3122,
  0x3122, 0x3122, 0x3122, 0x3122, 0x3122, 0x3122, 0x3122, 0x3122, 0x3122, 0x3122, 0x3122, 0x3122,
  0x3122, 0x3122, 0x3122, 0x3122, 0x3122, 0x3122, 0x3122, 0x3122, 0x3122, 0x3122, 0x3122, 0x3122,
  0x3122, 0x3122, 0x3122, 0x3122, 0x3122, 0x3122, 0x3122, 0x3122, 0x3122, 0x3122, 0x3122, 0x3122,
  0x3122, 0x3122, 0x3122, 0x3122, 0x3122, 0x3122, 0x3122, 0x3122, 0x3122, 0x3122, 0x3122, 0x3122,
  0x3122, 0x3122, 0x0F22, 0x2D2A, 0x2A2A, 0x292A, 0x092A, 0x0A2A, 0x0A2A, 0x2A2A, 0x2A2A, 0x2B2A,
  0x0E22, 0x3122, 0x3122, 0x3122, 0x3122, 0x3122, 0x3122, 0x3122, 0x3122, 0x3122, 0x3122, 0x3122,
  0x3122, 0x3122, 0x3122, 0x3122, 0x3122, 0x3122, 0x3122, 0x3122, 0x3122, 0x3122, 0x3122, 0x3122,
  0x3122, 0x3122, 0x3122, 0x3122, 0x3122, 0x3122, 0x3122, 0x3122, 0x3122, 0x3122, 0x3122, 0x3122,
  0x3122, 0x3122, 0x3122, 0x3122, 0x3122, 0x3122, 0x3122, 0x3122, 0x3122, 0x3122, 0x3122, 0x3122,
  0x3122, 0x3122, 0x3122, 0x3122, 0x3122, 0x3122, 0x3122, 0x3122, 0x3122, 0x3122, 0x3122, 0x3122,
  0x3122, 0x3122, 0x3122, 0x3122, 0x3122, 0x3122, 0x3122, 0x3122, 0x3122, 0x3122, 0x3122, 0x3122,
  0x3122, 0x3122, 0x3122, 0x3122, 0x3122, 0x3122, 0x3122, 0x3122, 0x3122, 0x3122, 0x3122, 0x3122,
  0x3122, 0x3122, 0x3122, 0x3122, 0x3122, 0x3122, 0x3122, 0x3122, 0x3122, 0x3122, 0x3122, 0x3122,
  0x3122, 0x3122, 0x3122, 0x3122, 0x3122, 0x3122, 0x3122, 0x3122, 0x3122, 0x3122, 0x3122, 0x3122,
  0x3122, 0x2E2A, 0x0C2A, 0x0B2A, 0x0A2A, 0x0A2A, 0x0A2A, 0x0B2A, 0x0A2A, 0x0A2A, 0x092A, 0x0A2A,
  0x0B2A, 0x2E2A, 0x3122, 0x3122, 0x3122, 0x3122, 0x3122, 0x3122, 0x3122, 0x3122, 0x3122, 0x3122,
  0x3122, 0x3122, 0x3122, 0x3122, 0x3122, 0x3122, 0x3122, 0x3122, 0x3122, 0x3122, 0x3122, 0x3122,
  0x3122, 0x3122, 0x3122, 0x3122, 0x3122, 0x3122, 0x3122, 0x3122, 0x3122, 0x3122, 0x3122, 0x3122,
  0x3122, 0x3122, 0x3122, 0x3122, 0x3122, 0x3122, 0x3122, 0x3122, 0x3122, 0x3122, 0x3122, 0x3122,
  0x3122, 0x3122, 0x3122, 0x3122, 0x3122, 0x3122, 0x3122, 0x3122, 0x3122, 0x3122, 0x3122, 0x3122,
  0x3122, 0x3122, 0x3122, 0x3122, 0x3122, 0x3122, 0x3122, 0x3122, 0x3122, 0x3122, 0x3122, 0x3122,
  0x3122, 0x3122, 0x3122, 0x3122, 0x3122, 0x3122, 0x3122, 0x3122, 0x3122, 0x3122, 0x3122, 0x3122,
  0x3122, 0x3122, 0x3122, 0x3122, 0x3122, 0x3122, 0x3122, 0x3122, 0x3122, 0x3122, 0x3122, 0x3122,
  0x2F22, 0x2F22, 0x3122, 0x3122, 0x3122, 0x3122, 0x3122, 0x3122, 0x3122, 0x3122, 0x3122, 0x3122,
  0x0E2A, 0x0C2A, 0x2A2A, 0x092A, 0x0A2A, 0x0A2A, 0x2A2A, 0x292A, 0x092A, 0x0A2A, 0x0A2A, 0x0A2A,
  0x0A2A, 0x0C2A, 0x0F2A, 0x3122, 0x3122, 0x3122, 0x3122, 0x3122, 0x3122, 0x3122, 0x3122, 0x3122,
  0x3122, 0x3122, 0x3122, 0x3122, 0x3122, 0x3122, 0x3122, 0x3122, 0x3122, 0x3122, 0x3122, 0x3122,
  0x3122, 0x3122, 0x3122, 0x3122, 0x3122, 0x3122, 0x3122, 0x3122, 0x3122, 0x3122, 0x3122, 0x3122,
  0x3122, 0x3122, 0x3122, 0x3122, 0x3122, 0x3122, 0x3122, 0x3122, 0x3122, 0x3122, 0x3122, 0x3122,
  0x3122, 0x3122, 0x3122, 0x3122, 0x3122, 0x3122, 0x3122, 0x3122, 0x3122, 0x3122, 0x3122, 0x3122,
  0x3122, 0x3122, 0x3122, 0x3122, 0x3122, 0x3122, 0x3122, 0x3122, 0x3122, 0x3122, 0x3122, 0x3122,
  0x3122, 0x3122, 0x3122, 0x3122, 0x3122, 0x3122, 0x3122, 0x3122, 0x3122, 0x3122, 0x3122, 0x3122,
  0x3122, 0x3122, 0x3122, 0x3122, 0x3122, 0x3122, 0x3122, 0x3122, 0x3122, 0x3122, 0x3122, 0x0C2A,
  0x2A2A, 0x0A2A, 0x0B2A, 0x2D2A, 0x2C2A, 0x0C2A, 0x0D2A, 0x0F2A, 0x3122, 0x3122, 0x3122, 0x2F22,
  0x0B2A, 0x0B2A, 0x0A2A, 0x0A2A, 0x0A2A, 0x0A2A, 0x0A2A, 0x0A2A, 0x0A2A, 0x0A2A, 0x0A2A, 0x0A2A,
  0x0A2A, 0x0A2A, 0x0A2A, 0x0A2A, 0x0C22, 0x3122, 0x3122, 0x3122, 0x3122, 0x3122, 0x3122, 0x3122,
  0x3122, 0x3122, 0x3122, 0x3122, 0x3122, 0x3122, 0x3122, 0x3122, 0x3122, 0x3122, 0x3122, 0x3122,
  0x3122, 0x3122, 0x3122, 0x3122, 0x3122, 0x3122, 0x3122, 0x3122, 0x3122, 0x3122, 0x3122, 0x3122,
  0x3122, 0x3122, 0x3122, 0x3122, 0x3122, 0x3122, 0x3122, 0x3122, 0x3122, 0x3122, 0x3122, 0x3122,
  0x3122, 0x3122, 0x3122, 0x3122, 0x3122, 0x3122, 0x3122, 0x3122, 0x3122, 0x3122, 0x3122, 0x3122,
  0x3122, 0x3122, 0x3122, 0x3122, 0x3122, 0x3122, 0x3122, 0x3122, 0x3122, 0x3122, 0x3122, 0x3122,
  0x3122, 0x3122, 0x3122, 0x3122, 0x3122, 0x3122, 0x3122, 0x3122, 0x3122, 0x3122, 0x3122, 0x3122,
  0x3122, 0x3122, 0x3122, 0x3122, 0x3122, 0x3122, 0x3122, 0x3122, 0x3122, 0x0E22, 0x0D2A, 0x0B2A,
  0x092A, 0x092A, 0x092A, 0x0A2A, 0x092A, 0x0A2A, 0x0B2A, 0x2D2A, 0x2E2A, 0x3122, 0x3122, 0x0E2A,
  0x0A2A, 0x0A2A, 0x0A2A, 0x0A2A, 0x0A2A, 0x0A2A, 0x0A2A, 0x0A2A, 0x0A2A, 0x0A2A, 0x0A2A, 0x0A2A,
  0x0A2A, 0x0A2A, 0x0A2A, 0x2A2A, 0x0A2A, 0x0E22, 0x3122, 0x3122, 0x3122, 0x3122, 0x3122, 0x3122,
  0x3122, 0x3122, 0x3122, 0x3122, 0x3122, 0x3122, 0x3122, 0x3122, 0x3122, 0x3122, 0x3122, 0x3122,
  0x3122, 0x3122, 0x3122, 0x3122, 0x3122, 0x3122, 0x3122, 0x3122, 0x3122, 0x3122, 0x3122, 0x3122,
  0x3122, 0x3122, 0x3122, 0x3122, 0x3122, 0x3122, 0x3122, 0x3122, 0x3122, 0x3122, 0x3122, 0x3122,
  0x3122, 0x3122, 0x3122, 0x3122, 0x3122, 0x3122, 0x3122, 0x3122, 0x3122, 0x3122, 0x3122, 0x3122,
  0x3122, 0x3122, 0x3122, 0x3122, 0x3122, 0x3122, 0x3122, 0x3122, 0x3122, 0x3122, 0x3122, 0x3122,
  0x3122, 0x3122, 0x3122, 0x3122, 0x3122, 0x3122, 0x3122, 0x3122, 0x3122, 0x3122, 0x3122, 0x3122,
  0x3122, 0x3122, 0x3122, 0x3122, 0x3122, 0x3122, 0x3122, 0x3122, 0x3122, 0x2B22, 0x0B2A, 0x0A2A,
  0x092A, 0x2A2A, 0x0A2A, 0x0A2A, 0x0A2A, 0x2A2A, 0x0A2A, 0x0B2A, 0x0C2A, 0x2C2A, 0x2B2A, 0x0B2A,
  0x0A2A, 0x0A2A, 0x0A2A, 0x0A2A, 0x0A2A, 0x0A2A, 0x0A2A, 0x0A2A, 0x0A2A, 0x0A2A, 0x0A2A, 0x0A2A,
  0x0A2A, 0x0A2A, 0x0A2A, 0x0A2A, 0x092A, 0x0A2A, 0x0B22, 0x3122, 0x3122, 0x3122, 0x3122, 0x3122,
  0x3122, 0x3122, 0x3122, 0x3122, 0x3122, 0x3122, 0x3122, 0x3122, 0x3122, 0x3122, 0x3122, 0x3122,
  0x3122, 0x3122, 0x3122, 0x3122, 0x3122, 0x3122, 0x3122, 0x3122, 0x3122, 0x3122, 0x3122, 0x3122,
  0x3122, 0x3122, 0x3122, 0x3122, 0x3122, 0x3122, 0x3122, 0x3122, 0x3122, 0x3122, 0x3122, 0x3122,
  0x3122, 0x3122, 0x3122, 0x3122, 0x3122, 0x3122, 0x3122, 0x3122, 0x3122, 0x3122, 0x3122, 0x3122,
  0x3122, 0x3122, 0x3122, 0x3122, 0x3122, 0x3122, 0x3122, 0x3122, 0x3122, 0x3122, 0x3122, 0x3122,
  0x3122, 0x3122, 0x3122, 0x3122, 0x3122, 0x3122, 0x3122, 0x3122, 0x3122, 0x3122, 0x3122, 0x3122,
  0x3122, 0x3122, 0x3122, 0x3122, 0x3122, 0x3122, 0x3122, 0x3122, 0x0F22, 0x092A, 0x092A, 0x0A2A,
  0x092A, 0x0A2A, 0x0A2A, 0x0A2A, 0x0A2A, 0x092A, 0x0A2A, 0x0A2A, 0x0A2A, 0x0A2A, 0x0A2A, 0x092A,
  0x0A2A, 0x0A2A, 0x0A2A, 0x0A2A, 0x0A2A, 0x0A2A, 0x0A2A, 0x0A2A, 0x0A2A, 0x0A2A, 0x0A2A, 0x0A2A,
  0x0A2A, 0x0A2A, 0x0A2A, 0x0A2A, 0x0A2A, 0x2A2A, 0x0A22, 0x0F22, 0x3122, 0x3122, 0x3122, 0x3122,
  0x3122, 0x3122, 0x3122, 0x3122, 0x3122, 0x3122, 0x3122, 0x3122, 0x3122, 0x3122, 0x3122, 0x3122,
  0x3122, 0x3122, 0x3122, 0x3122, 0x3122, 0x3122, 0x3122, 0x3122, 0x3122, 0x3122, 0x3122, 0x3122,
  0x3122, 0x3122, 0x3122, 0x3122, 0x3122, 0x3122, 0x3122, 0x3122, 0x3122, 0x3122, 0x3122, 0x3122,
  0x3122, 0x3122, 0x3122, 0x3122, 0x3122, 0x3122, 0x3122, 0x3122, 0x3122, 0x3122, 0x3122, 0x3122,
  0x3122, 0x3122, 0x3122, 0x3122, 0x3122, 0x3122, 0x3122, 0x3122, 0x3122, 0x3122, 0x3122, 0x3122,
  0x3122, 0x3122, 0x3122, 0x3122, 0x3122, 0x3122, 0x3122, 0x3122, 0x3122, 0x3122, 0x3122, 0x3122,
  0x3122, 0x3122, 0x3122, 0x3122, 0x3122, 0x3122, 0x3122, 0x3122, 0x0E22, 0x2A2A, 0x0A2A, 0x0A2A,
  0x0A2A, 0x0A2A, 0x0A2A, 0x092A, 0x0A2A, 0x0A2A, 0x0A2A, 0x0A2A, 0x0A2A, 0x0A2A, 0x0A2A, 0x0A2A,
  0x0A2A, 0x0A2A, 0x0A2A, 0x0A2A, 0x0A2A, 0x0A2A, 0x0A2A, 0x0A2A, 0x0A2A, 0x0A2A, 0x0A2A, 0x0A2A,
  0x0A2A, 0x0A2A, 0x0A2A, 0x0A2A, 0x0A2A, 0x0A2A, 0x0A22, 0x0D22, 0x3122, 0x3122, 0x3122, 0x3122,
  0x3122, 0x3122, 0x3122, 0x3122, 0x3122, 0x3122, 0x3122, 0x3122, 0x3122, 0x3122, 0x3122, 0x3122,
  0x3122, 0x3122, 0x3122, 0x3122, 0x3122, 0x3122, 0x3122, 0x3122, 0x3122, 0x3122, 0x3122, 0x3122,
  0x3122, 0x3122, 0x3122, 0x3122, 0x3122, 0x3122, 0x3122, 0x3122, 0x3122, 0x3122, 0x3122, 0x3122,
  0x3122, 0x3122, 0x3122, 0x3122, 0x3122, 0x3122, 0x3122, 0x3122, 0x3122, 0x3122, 0x3122, 0x3122,
  0x3122, 0x3122, 0x3122, 0x3122, 0x3122, 0x3122, 0x3122, 0x3122, 0x3122, 0x3122, 0x3122, 0x3122,
  0x3122, 0x3122, 0x3122, 0x3122, 0x3122, 0x3122, 0x3122, 0x3122, 0x3122, 0x3122, 0x3122, 0x3122,
  0x3122, 0x3122, 0x3122, 0x3122, 0x3122, 0x3122, 0x3122, 0x3122, 0x0C2A, 0x292A, 0x0A2A, 0x0A2A,
  0x0A2A, 0x0A2A, 0x0A2A, 0x0A2A, 0x0A2A, 0x0A2A, 0x0A2A, 0x0A2A, 0x0A2A, 0x0A2A, 0x0A2A, 0x0A2A,
  0x0A2A, 0x0A2A, 0x0A2A, 0x0A2A, 0x0A2A, 0x0A2A, 0x0A2A, 0x0A2A, 0x0A2A, 0x0A2A, 0x0A2A, 0x0A2A,
  0x0A2A, 0x0A2A, 0x0A2A, 0x092A, 0x092A, 0x092A, 0x2A2A, 0x0A22, 0xEE21, 0x3122, 0x3122, 0x3122,
  0x3122, 0x3122, 0x3122, 0x3122, 0x3122, 0x3122, 0x3122, 0x3122, 0x3122, 0x3122, 0x3122, 0x3122,
  0x3122, 0x3122, 0x3122, 0x3122, 0x3122, 0x3122, 0x3122, 0x3122, 0x3122, 0x3122, 0x3122, 0x3122,
  0x3122, 0x3122, 0x3122, 0x3122, 0x3122, 0x3122, 0x3122, 0x3122, 0x3122, 0x3122, 0x3122, 0x3122,
  0x3122, 0x3122, 0x3122, 0x3122, 0x3122, 0x3122, 0x3122, 0x3122, 0x3122, 0x3122, 0x3122, 0x3122,
  0x3122, 0x3122, 0x3122, 0x3122, 0x3122, 0x3122, 0x3122, 0x3122, 0x3122, 0x3122, 0x3122, 0x3122,
  0x3122, 0x3122, 0x3122, 0x3122, 0x3122, 0x3122, 0x3122, 0x3122, 0x3122, 0x3122, 0x3122, 0x3122,
  0x3122, 0x3122, 0x3122, 0x3122, 0x3122, 0x0F2A, 0x0E2A, 0x0D2A, 0x0A2A, 0x292A, 0x0A2A, 0x0A2A,
  0x0A2A, 0x0A2A, 0x0A2A, 0x0A2A, 0x092A, 0x0A2A, 0x0A2A, 0x0A2A, 0x0A2A, 0x0A2A, 0x0A2A, 0x0A2A,
  0x0A2A, 0x0A2A, 0x0A2A, 0x0A2A, 0x0A2A, 0x0A2A, 0x0A2A, 0x0A2A, 0x0A2A, 0x0A2A, 0x0A2A, 0x0A2A,
  0x0A2A, 0x0A2A, 0x0A2A, 0x092A, 0x092A, 0x0A2A, 0x0A2A, 0xC721, 0xEB21, 0x2F2A, 0x3122, 0x3122,
  0x3122, 0x3122, 0x3122, 0x3122, 0x3122, 0x3122, 0x3122, 0x3122, 0x3122, 0x3122, 0x3122, 0x3122,
  0x3122, 0x3122, 0x3122, 0x3122, 0x3122, 0x3122, 0x3122, 0x3122, 0x3122, 0x3122, 0x3122, 0x3122,
  0x3122, 0x3122, 0x3122, 0x3122, 0x3122, 0x3122, 0x3122, 0x3122, 0x3122, 0x3122, 0x3122, 0x3122,
  0x3122, 0x3122, 0x3122, 0x3122, 0x3122, 0x3122, 0x3122, 0x3122, 0x3122, 0x3122, 0x3122, 0x3122,
  0x3122, 0x3122, 0x3122, 0x3122, 0x3122, 0x3122, 0x3122, 0x3122, 0x3122, 0x3122, 0x3122, 0x3122,
  0x3122, 0x3122, 0x3122, 0x3122, 0x3122, 0x3122, 0x3122, 0x3122, 0x3122, 0x3122, 0x3122, 0x3122,
  0x3122, 0x3122, 0x2F22, 0x2D2A, 0x2C2A, 0x0B2A, 0x2A2A, 0x2A2A, 0x0A2A, 0x0A2A, 0x0A2A, 0x092A,
  0x092A, 0x092A, 0x092A, 0x0A2A, 0x0A2A, 0x0A2A, 0x0A2A, 0x0A2A, 0x092A, 0x092A, 0x0A2A, 0x0A2A,
  0x0A2A, 0x0A2A, 0x0A2A, 0x0A2A, 0x0A2A, 0x0A2A, 0x0A2A, 0x0A2A, 0x0A2A, 0x0A2A, 0x0A2A, 0x092A,
  0x0A2A, 0x0A2A, 0x0A2A, 0x0A2A, 0x0A2A, 0x2A2A, 0x0A2A, 0x8619, 0xA619, 0xC819, 0xCB21, 0x3122,
  0x3122, 0x3122, 0x3122, 0x3122, 0x3122, 0x3122, 0x3122, 0x3122, 0x3122, 0x3122, 0x3122, 0x3122,
  0x3122, 0x3122, 0x3122, 0x3122, 0x3122, 0x3122, 0x3122, 0x3122, 0x3122, 0x3122, 0x3122, 0x3122,
  0x3122, 0x3122, 0x3122, 0x3122, 0x3122, 0x3122, 0x3122, 0x3122, 0x3122, 0x3122, 0x3122, 0x3122,
  0x3122, 0x3122, 0x3122, 0x3122, 0x3122, 0x3122, 0x3122, 0x3122, 0x3122, 0x3122, 0x3122, 0x3122,
  0x3122, 0x3122, 0x3122, 0x3122, 0x3122, 0x3122, 0x3122, 0x3122, 0x3122, 0x3122, 0x3122, 0x3122,
  0x3122, 0x3122, 0x3122, 0x3122, 0x3122, 0x3122, 0x3122, 0x3122, 0x3122, 0x3122, 0x3122, 0x3122,
  0x3122, 0x3122, 0x0C2A, 0x092A, 0x092A, 0x0A2A, 0x0A2A, 0x0A2A, 0x0A2A, 0x0A2A, 0x0A2A, 0x0A2A,
  0x0A2A, 0x0A2A, 0x0A2A, 0x0A2A, 0x0A2A, 0x0A2A, 0x0A2A, 0x0A2A, 0x0A2A, 0x0A2A, 0x0A2A, 0x0A2A,
  0x0A2A, 0x0A2A, 0x0A2A, 0x0A2A, 0x0A2A, 0x0A2A, 0x0A2A, 0x0A2A, 0x0A2A, 0x0A2A, 0x0A2A, 0x092A,
  0x092A, 0x092A, 0x092A, 0x092A, 0x092A, 0x0A2A, 0x0A2A, 0xE821, 0xC821, 0xA819, 0xEB21, 0x0E2A,
  0x3122, 0x3122, 0x3122, 0x3122, 0x3122, 0x3122, 0x3122, 0x3122, 0x3122, 0x3122, 0x3122, 0x3122,
  0x3122, 0x3122, 0x3122, 0x3122, 0x3122, 0x3122, 0x3122, 0x3122, 0x3122, 0x3122, 0x3122, 0x3122,
  0x3122, 0x3122, 0x3122, 0x3122, 0x3122, 0x3122, 0x3122, 0x3122, 0x3122, 0x3122, 0x3122, 0x3122,
  0x3122, 0x3122, 0x3122, 0x3122, 0x3122, 0x3122, 0x3122, 0x3122, 0x3122, 0x3122, 0x3122, 0x3122,
  0x3122, 0x3122, 0x3122, 0x3122, 0x3122, 0x3122, 0x3122, 0x3122, 0x3122, 0x3122, 0x3122, 0x3122,
  0x3122, 0x3122, 0x3122, 0x3122, 0x3122, 0x3122, 0x3122, 0x3122, 0x3122, 0x3122, 0x3122, 0x3122,
  0x3122, 0x2E2A, 0x0B2A, 0x0A2A, 0x0A2A, 0x0A2A, 0x0A2A, 0x0A2A, 0x0A2A, 0x0A2A, 0x0A2A, 0x0A2A,
  0x0A2A, 0x0A2A, 0x0A2A, 0x0A2A, 0x0A2A, 0x0A2A, 0x0A2A, 0x0A2A, 0x0A2A, 0x0A2A, 0x0A2A, 0x0A2A,
  0x0A2A, 0x0A2A, 0x0A2A, 0x0A2A, 0x0A2A, 0x0A2A, 0x0A2A, 0x0A2A, 0x0A2A, 0x0A2A, 0x0A2A, 0x092A,
  0x092A, 0x2A2A, 0x0A2A, 0x0A2A, 0x092A, 0xC921, 0xC821, 0xC821, 0xC721, 0xA719, 0xA819, 0x8819,
  0x0D22, 0x3122, 0x3122, 0x3122, 0x3122, 0x3122, 0x3122, 0x3122, 0x3122, 0x3122, 0x3122, 0x3122,
  0x3122, 0x3122, 0x3122, 0x3122, 0x3122, 0x3122, 0x3122, 0x3122, 0x3122, 0x3122, 0x3122, 0x3122,
  0x3122, 0x3122, 0x3122, 0x3122, 0x3122, 0x3122, 0x3122, 0x3122, 0x3122, 0x3122, 0x3122, 0x3122,
  0x3122, 0x3122, 0x3122, 0x3122, 0x3122, 0x3122, 0x3122, 0x3122, 0x3122, 0x3122, 0x3122, 0x3122,
  0x3122, 0x3122, 0x3122, 0x3122, 0x3122, 0x3122, 0x3122, 0x3122, 0x3122, 0x3122, 0x3122, 0x3122,
  0x3122, 0x3122, 0x3122, 0x3122, 0x3122, 0x3122, 0x3122, 0x3122, 0x3122, 0x3122, 0x3122, 0x3122,
  0x3122, 0x2B2A, 0x092A, 0x0A2A, 0x0A2A, 0x0A2A, 0x0A2A, 0x0A2A, 0x0A2A, 0x0A2A, 0x0A2A, 0x0A2A,
  0x0A2A, 0x0A2A, 0x0A2A, 0x0A2A, 0x0A2A, 0x0A2A, 0x0A2A, 0x0A2A, 0x0A2A, 0x0A2A, 0x0A2A, 0x0A2A,
  0x0A2A, 0x0A2A, 0x0A2A, 0x0A2A, 0x0A2A, 0x0A2A, 0x0A2A, 0x0A2A, 0x0A2A, 0x0A2A, 0x0A2A, 0x0A2A,
  0xE929, 0xE921, 0xA821, 0xC821, 0xA721, 0xA719, 0xA821, 0xA821, 0xA719, 0xA719, 0x8719, 0x6619,
  0x6611, 0x6A19, 0x3122, 0x3122, 0x3122, 0x3122, 0x3122, 0x3122, 0x3122, 0x3122, 0x3122, 0x3122,
  0x3122, 0x3122, 0x3122, 0x3122, 0x3122, 0x3122, 0x3122, 0x3122, 0x3122, 0x3122, 0x3122, 0x3122,
  0x3122, 0x3122, 0x3122, 0x3122, 0x3122, 0x3122, 0x3122, 0x3122, 0x3122, 0x3122, 0x3122, 0x3122,
  0x3122, 0x3122, 0x3122, 0x3122, 0x3122, 0x3122, 0x3122, 0x3122, 0x3122, 0x3122, 0x3122, 0x3122,
  0x3122, 0x3122, 0x3122, 0x3122, 0x3122, 0x3122, 0x3122, 0x3122, 0x3122, 0x3122, 0x3122, 0x3122,
  0x3122, 0x3122, 0x3122, 0x3122, 0x3122, 0x3122, 0x3122, 0x3122, 0x3122, 0x3122, 0x3122, 0x3122,
  0x0D2A, 0x2A2A, 0x092A, 0x0A2A, 0x0A2A, 0x0A2A, 0x0A2A, 0x092A, 0x0A2A, 0x0A2A, 0x0A2A, 0x0A2A,
  0x0A2A, 0x0A2A, 0x0A2A, 0x0A2A, 0x0A2A, 0x0A2A, 0x0A2A, 0x0A2A, 0x0A2A, 0x0A2A, 0x0A2A, 0x0A2A,
  0x0A2A, 0x0A2A, 0x0A2A, 0x0A2A, 0x0A2A, 0x0A2A, 0x0A2A, 0x0A2A, 0x0A2A, 0x0A2A, 0x0A2A, 0x0A2A,
  0xC821, 0xA821, 0xA821, 0xA821, 0xC821, 0xC821, 0xA821, 0xC821, 0xA719, 0xA719, 0x8619, 0x6619,
  0x6619, 0x6819, 0x0D22, 0x3122, 0x3122, 0x3122, 0x3122, 0x3122, 0x3122, 0x3122, 0x3122, 0x3122,
  0x3122, 0x3122, 0x3122, 0x3122, 0x3122, 0x3122, 0x3122, 0x3122, 0x3122, 0x3122, 0x3122, 0x3122,
  0x3122, 0x3122, 0x3122, 0x3122, 0x3122, 0x3122, 0x3122, 0x3122, 0x3122, 0x3122, 0x3122, 0x3122,
  0x3122, 0x3122, 0x3122, 0x3122, 0x3122, 0x3122, 0x3122, 0x3122, 0x3122, 0x3122, 0x3122, 0x3122,
  0x3122, 0x3122, 0x3122, 0x3122, 0x3122, 0x3122, 0x3122, 0x3122, 0x3122, 0x3122, 0x3122, 0x3122,
  0x3122, 0x3122, 0x3122, 0x3122, 0x3122, 0x3122, 0x3122, 0x3122, 0x3122, 0x3122, 0x3122, 0x3122,
  0x2C2A, 0x2A2A, 0x0A2A, 0x0A2A, 0x092A, 0x0A2A, 0x0A2A, 0x0A2A, 0x0A2A, 0x0A2A, 0x0A2A, 0x0A2A,
  0x0A2A, 0x0A2A, 0x0A2A, 0x0A2A, 0x0A2A, 0x0A2A, 0x0A2A, 0x0A2A, 0x0A2A, 0x0A2A, 0x0A2A, 0x0A2A,
  0x0A2A, 0x0A2A, 0x0A2A, 0x0A2A, 0x0A2A, 0x0A2A, 0x0A2A, 0x0A2A, 0x0A2A, 0x0A2A, 0x0A2A, 0x0A2A,
  0xE921, 0xC821, 0xA821, 0xA821, 0xA721, 0xA821, 0xA821, 0xA821, 0x8719, 0x8719, 0x6619, 0x6619,
  0x6619, 0x4611, 0x4711, 0x6911, 0x3122, 0x3122, 0x3122, 0x3122, 0x3122, 0x3122, 0x3122, 0x3122,
  0x3122, 0x3122, 0x3122, 0x3122, 0x3122, 0x3122, 0x3122, 0x3122, 0x3122, 0x3122, 0x3122, 0x3122,
  0x3122, 0x3122, 0x3122, 0x3122, 0x3122, 0x3122, 0x3122, 0x3122, 0x3122, 0x3122, 0x3122, 0x3122,
  0x3122, 0x3122, 0x3122, 0x3122, 0x3122, 0x3122, 0x3122, 0x3122, 0x3122, 0x3122, 0x3122, 0x3122,
  0x3122, 0x3122, 0x3122, 0x3122, 0x3122, 0x3122, 0x3122, 0x3122, 0x3122, 0x3122, 0x3122, 0x3122,
  0x3122, 0x3122, 0x3122, 0x3122, 0x3122, 0x3122, 0x3122, 0x3122, 0x3122, 0x3122, 0x3122, 0x3122,
  0x0A2A, 0x0A2A, 0x0A2A, 0x092A, 0x092A, 0x0A2A, 0x0A2A, 0x0A2A, 0x0A2A, 0x0A2A, 0x0A2A, 0x0A2A,
  0x0A2A, 0x0A2A, 0x0A2A, 0x0A2A, 0x0A2A, 0x0A2A, 0x0A2A, 0x0A2A, 0x0A2A, 0x0A2A, 0x0A2A, 0x0A2A,
  0x0A2A, 0x0A2A, 0x0A2A, 0x0A2A, 0x0A2A, 0x0A2A, 0x0A2A, 0x0A2A, 0x0A2A, 0x0A2A, 0x0A2A, 0x0A2A,
  0xE921, 0xA821, 0xA821, 0xA821, 0xA821, 0xA721, 0xA821, 0xA821, 0xA821, 0x6619, 0x6619, 0x6619,
  0x6719, 0x6719, 0x6619, 0x6811, 0x3122, 0x3122, 0x3122, 0x3122, 0x3122, 0x3122, 0x3122, 0x3122,
  0x3122, 0x3122, 0x3122, 0x3122, 0x3122, 0x3122, 0x3122, 0x3122, 0x3122, 0x3122, 0x3122, 0x3122,
  0x3122, 0x3122, 0x3122, 0x3122, 0x3122, 0x3122, 0x3122, 0x3122, 0x3122, 0x3122, 0x3122, 0x3122,
  0x3122, 0x3122, 0x3122, 0x3122, 0x3122, 0x3122, 0x3122, 0x3122, 0x3122, 0x3122, 0x3122, 0x3122,
  0x3122, 0x3122, 0x3122, 0x3122, 0x3122, 0x3122, 0x3122, 0x3122, 0x3122, 0x3122, 0x3122, 0x3122,
  0x3122, 0x3122, 0x3122, 0x3122, 0x3122, 0x3122, 0x3122, 0x3122, 0x3122, 0x3122, 0x3122, 0x3122,
  0x092A, 0x0B2A, 0x0A2A, 0x0A2A, 0x0A2A, 0x0A2A, 0x0A2A, 0x0A2A, 0x0A2A, 0x0A2A, 0x0A2A, 0x0A2A,
  0x0A2A, 0x0A2A, 0x0A2A, 0x0A2A, 0x0A2A, 0x0A2A, 0x0A2A, 0x0A2A, 0x0A2A, 0x0A2A, 0x0A2A, 0x0A2A,
  0x0A2A, 0x0A2A, 0x0A2A, 0x0A2A, 0x0A2A, 0x0A2A, 0x092A, 0x092A, 0x0A2A, 0x0A2A, 0x0A2A, 0x0A2A,
  0xE921, 0xA821, 0xA819, 0xA821, 0xA721, 0xA821, 0xC821, 0x8619, 0x8719, 0x6719, 0x6719, 0x6619,
  0x4619, 0x6619, 0x4619, 0x6711, 0x0F22, 0x3122, 0x3122, 0x3122, 0x3122, 0x3122, 0x3122, 0x3122,
  0x3122, 0x3122, 0x3122, 0x3122, 0x3122, 0x3122, 0x3122, 0x3122, 0x3122, 0x3122, 0x3122, 0x3122,
  0x3122, 0x3122, 0x3122, 0x3122, 0x3122, 0x3122, 0x3122, 0x3122, 0x3122, 0x3122, 0x3122, 0x3122,
  0x3122, 0x3122, 0x3122, 0x3122, 0x3122, 0x3122, 0x3122, 0x3122, 0x3122, 0x3122, 0x3122, 0x3122,
  0x3122, 0x3122, 0x3122, 0x3122, 0x3122, 0x3122, 0x3122, 0x3122, 0x3122, 0x3122, 0x3122, 0x3122,
  0x3122, 0x3122, 0x3122, 0x3122, 0x3122, 0x3122, 0x3122, 0x3122, 0x3122, 0x3122, 0x3122, 0x3122,
  0x092A, 0x0A2A, 0x0A2A, 0x0A2A, 0x0A2A, 0x0A2A, 0x092A, 0x0A2A, 0x0A2A, 0x0A2A, 0x0A2A, 0x0A2A,
  0x0A2A, 0x0A2A, 0x0A2A, 0x0A2A, 0x0A2A, 0x0A2A, 0x0A2A, 0x0A2A, 0x0A2A, 0x0A2A, 0x0A2A, 0x0A2A,
  0x0A2A, 0x0A2A, 0x0A2A, 0x0A2A, 0x0A2A, 0x0A2A, 0x092A, 0x092A, 0x092A, 0x0A2A, 0x0A2A, 0x0A2A,
  0xC821, 0xA721, 0xA821, 0xA719, 0xA721, 0xA721, 0xA721, 0x4511, 0x6619, 0x4619, 0x4619, 0x6619,
  0x6619, 0x6619, 0x6619, 0x4811, 0x0F22, 0x3122, 0x3122, 0x3122, 0x3122, 0x3122, 0x3122, 0x3122,
  0x3122, 0x3122, 0x3122, 0x3122, 0x3122, 0x3122, 0x3122, 0x3122, 0x3122, 0x3122, 0x3122, 0x3122,
  0x3122, 0x3122, 0x3122, 0x3122, 0x3122, 0x3122, 0x3122, 0x3122, 0x3122, 0x3122, 0x3122, 0x3122,
  0x3122, 0x3122, 0x3122, 0x3122, 0x3122, 0x3122, 0x3122, 0x3122, 0x3122, 0x3122, 0x3122, 0x3122,
  0x3122, 0x3122, 0x3122, 0x3122, 0x3122, 0x3122, 0x3122, 0x3122, 0x3122, 0x3122, 0x3122, 0x3122,
  0x3122, 0x3122, 0x3122, 0x3122, 0x3122, 0x3122, 0x3122, 0x3122, 0x3122, 0x3122, 0x3122, 0x3122,
  0x0A2A, 0x0A2A, 0x0A2A, 0x0A2A, 0x0A2A, 0x0A2A, 0x0A2A, 0x0A2A, 0x0A2A, 0x0A2A, 0x0A2A, 0x0A2A,
  0x0A2A, 0x0A2A, 0x0A2A, 0x0A2A, 0x0A2A, 0x0A2A, 0x0A2A, 0x0A2A, 0x0A2A, 0x0A2A, 0x0A2A, 0x0A2A,
  0x0A2A, 0x0A2A, 0x0A2A, 0x0A2A, 0x0A2A, 0x0A2A, 0x0A2A, 0x092A, 0x092A, 0x092A, 0x092A, 0x092A,
  0xA821, 0xA821, 0xA821, 0xA821, 0xA721, 0xA721, 0x8619, 0x6619, 0x6619, 0x6619, 0x6619, 0x6619,
  0x6719, 0x6619, 0x6619, 0x4711, 0x0F22, 0x3122, 0x3122, 0x3122, 0x3122, 0x3122, 0x3122, 0x3122,
  0x3122, 0x3122, 0x3122, 0x3122, 0x3122, 0x3122, 0x3122, 0x3122, 0x3122, 0x3122, 0x3122, 0x3122,
  0x3122, 0x3122, 0x3122, 0x3122, 0x3122, 0x3122, 0x3122, 0x3122, 0x3122, 0x3122, 0x3122, 0x3122,
  0x3122, 0x3122, 0x3122, 0x3122, 0x3122, 0x3122, 0x3122, 0x3122, 0x3122, 0x3122, 0x3122, 0x3122,
  0x3122, 0x3122, 0x3122, 0x3122, 0x3122, 0x3122, 0x3122, 0x3122, 0x3122, 0x3122, 0x3122, 0x3122,
  0x3122, 0x3122, 0x3122, 0x3122, 0x3122, 0x3122, 0x3122, 0x3122, 0x3122, 0x3122, 0x3122, 0x3122,
  0x0A2A, 0x0A2A, 0x0A2A, 0x0A2A, 0x0A2A, 0x0A2A, 0x0A2A, 0x0A2A, 0x0A2A, 0x0A2A, 0x0A2A, 0x0A2A,
  0x0A2A, 0x0A2A, 0x0A2A, 0x0A2A, 0x0A2A, 0x0A2A, 0x0A2A, 0x0A2A, 0x0A2A, 0x0A2A, 0x0A2A, 0x0A2A,
  0x0A2A, 0x0A2A, 0x0A2A, 0x0A2A, 0x0A2A, 0x0A2A, 0x0A2A, 0x092A, 0x092A, 0x2A2A, 0xE921, 0xC821,
  0xA821, 0xC821, 0xA821, 0xA821, 0xA721, 0xA721, 0xA719, 0xA821, 0x8719, 0x6619, 0x6619, 0x6619,
  0x6619, 0x6619, 0x6619, 0x6719, 0xAA21, 0xEE21, 0x3122, 0x3122, 0x3122, 0x3122, 0x3122, 0x3122,
  0x3122, 0x3122, 0x3122, 0x3122, 0x3122, 0x3122, 0x3122, 0x3122, 0x3122, 0x3122, 0x3122, 0x3122,
  0x3122, 0x3122, 0x3122, 0x3122, 0x3122, 0x3122, 0x3122, 0x3122, 0x3122, 0x3122, 0x3122, 0x3122,
  0x3122, 0x3122, 0x3122, 0x3122, 0x3122, 0x3122, 0x3122, 0x3122, 0x3122, 0x3122, 0x3122, 0x3122,
  0x3122, 0x3122, 0x3122, 0x3122, 0x3122, 0x3122, 0x3122, 0x3122, 0x3122, 0x3122, 0x3122, 0x3122,
  0x3122, 0x3122, 0x3122, 0x3122, 0x3122, 0x3122, 0x3122, 0x3122, 0x3122, 0x3122, 0x3122, 0x3122,
  0x0A2A, 0x0A2A, 0x0A2A, 0x0A2A, 0x0A2A, 0x0A2A, 0x0A2A, 0x0A2A, 0x0A2A, 0x0A2A, 0x0A2A, 0x0A2A,
  0x0A2A, 0x0A2A, 0x0A2A, 0x0A2A, 0x0A2A, 0x0A2A, 0x0A2A, 0x0A2A, 0x0A2A, 0x0A2A, 0x0A2A, 0x0A2A,
  0x0A2A, 0x0A2A, 0x0A2A, 0x0A2A, 0x0A2A, 0x0A2A, 0x0A2A, 0x092A, 0x0A2A, 0x0A2A, 0xA721, 0xA821,
  0xA821, 0xA821, 0xA821, 0xA821, 0xA721, 0xA821, 0x8619, 0x8719, 0x8719, 0x6619, 0x6619, 0x6619,
  0x6619, 0x6619, 0x6619, 0x6619, 0x2511, 0x6919, 0x3122, 0x3122, 0x3122, 0x3122, 0x3122, 0x3122,
  0x3122, 0x3122, 0x3122, 0x3122, 0x3122, 0x3122, 0x3122, 0x3122, 0x3122, 0x3122, 0x3122, 0x3122,
  0x3122, 0x3122, 0x3122, 0x3122, 0x3122, 0x3122, 0x3122, 0x3122, 0x3122, 0x3122, 0x3122, 0x3122,
  0x3122, 0x3122, 0x3122, 0x3122, 0x3122, 0x3122, 0x3122, 0x3122, 0x3122, 0x3122, 0x3122, 0x3122,
  0x3122, 0x3122, 0x3122, 0x3122, 0x3122, 0x3122, 0x3122, 0x3122, 0x3122, 0x3122, 0x3122, 0x3122,
  0x3122, 0x3122, 0x3122, 0x3122, 0x3122, 0x3122, 0x3122, 0x3122, 0x3122, 0x3122, 0x3122, 0x3122,
  0x0A2A, 0x0A2A, 0x0A2A, 0x0A2A, 0x0A2A, 0x0A2A, 0x0A2A, 0x0A2A, 0x0A2A, 0x0A2A, 0x0A2A, 0x0A2A,
  0x0A2A, 0x0A2A, 0x0A2A, 0x0A2A, 0x0A2A, 0x0A2A, 0x0A2A, 0x0A2A, 0x0A2A, 0x0A2A, 0x0A2A, 0x0A2A,
  0x0A2A, 0x0A2A, 0x0A2A, 0x0A2A, 0x0A2A, 0x0A2A, 0x0A2A, 0x092A, 0x092A, 0xC821, 0xA821, 0xE921,
  0xA821, 0xA821, 0xA821, 0xA721, 0xA721, 0xA721, 0x8619, 0x8719, 0x8719, 0x6619, 0x6619, 0x6619,
  0x6619, 0x6619, 0x6619, 0x6619, 0x4511, 0x2611, 0x6919, 0x4A11, 0x3122, 0x3122, 0x3122, 0x3122,
  0x3122, 0x3122, 0x3122, 0x3122, 0x3122, 0x3122, 0x3122, 0x3122, 0x3122, 0x3122, 0x3122, 0x3122,
  0x3122, 0x3122, 0x3122, 0x3122, 0x3122, 0x3122, 0x3122, 0x3122, 0x3122, 0x3122, 0x3122, 0x3122,
  0x3122, 0x3122, 0x3122, 0x3122, 0x3122, 0x3122, 0x3122, 0x3122, 0x3122, 0x3122, 0x3122, 0x3122,
  0x3122, 0x3122, 0x3122, 0x3122, 0x3122, 0x3122, 0x3122, 0x3122, 0x3122, 0x3122, 0x3122, 0x3122,
  0x3122, 0x3122, 0x3122, 0x3122, 0x3122, 0x3122, 0x3122, 0x3122, 0x3122, 0x3122, 0x3122, 0x3122,
  0x0A2A, 0x0A2A, 0x0A2A, 0x0A2A, 0x0A2A, 0x0A2A, 0x0A2A, 0x0A2A, 0x0A2A, 0x0A2A, 0x0A2A, 0x0A2A,
  0x0A2A, 0x0A2A, 0x0A2A, 0x0A2A, 0x0A2A, 0x0A2A, 0x0A2A, 0x0A2A, 0x0A2A, 0x0A2A, 0x0A2A, 0x0A2A,
  0x0A2A, 0x0A2A, 0x0A2A, 0x0A2A, 0x092A, 0x092A, 0x092A, 0x092A, 0xE821, 0xA821, 0xA821, 0xA821,
  0xA821, 0xA821, 0xA821, 0xA721, 0xA721, 0xA721, 0x8719, 0x8719, 0x8719, 0x6619, 0x6619, 0x4619,
  0x6619, 0x6619, 0x6619, 0x4619, 0x4619, 0x4619, 0x4611, 0x4711, 0x3122, 0x3122, 0x3122, 0x3122,
  0x3122, 0x3122, 0x3122, 0x3122, 0x3122, 0x3122, 0x3122, 0x3122, 0x3122, 0x3122, 0x3122, 0x3122,
  0x3122, 0x3122, 0x3122, 0x3122, 0x3122, 0x3122, 0x3122, 0x3122, 0x3122, 0x3122, 0x3122, 0x3122,
  0x3122, 0x3122, 0x3122, 0x3122, 0x3122, 0x3122, 0x3122, 0x3122, 0x3122, 0x3122, 0x3122, 0x3122,
  0x3122, 0x3122, 0x3122, 0x3122, 0x3122, 0x3122, 0x3122, 0x3122, 0x3122, 0x3122, 0x3122, 0x3122,
  0x3122, 0x3122, 0x3122, 0x3122, 0x3122, 0x3122, 0x3122, 0x3122, 0x3122, 0x3122, 0x3122, 0x3122,
  0x092A, 0x0A2A, 0x0A2A, 0x0A2A, 0x0A2A, 0x0A2A, 0x0A2A, 0x0A2A, 0x0A2A, 0x0A2A, 0x0A2A, 0x0A2A,
  0x0A2A, 0x0A2A, 0x0A2A, 0x0A2A, 0x0A2A, 0x0A2A, 0x0A2A, 0x0A2A, 0x0A2A, 0x0A2A, 0x0A2A, 0x0A2A,
  0x0A2A, 0x0A2A, 0x0A2A, 0x0A2A, 0x0A2A, 0x092A, 0x092A, 0x092A, 0xE821, 0xA821, 0xA821, 0xA821,
  0xA821, 0xA821, 0xA721, 0xA721, 0xA821, 0x8719, 0x8719, 0x8719, 0x8719, 0x6619, 0x4619, 0x6619,
  0x6619, 0x6619, 0x6619, 0x6619, 0x4619, 0x4519, 0x4519, 0xA719, 0x0D22, 0x0D22, 0x0E22, 0x3122,
  0x3122, 0x3122, 0x3122, 0x3122, 0x3122, 0x3122, 0x3122, 0x3122, 0x3122, 0x3122, 0x3122, 0x3122,
  0x3122, 0x3122, 0x3122, 0x3122, 0x3122, 0x3122, 0x3122, 0x3122, 0x3122, 0x3122, 0x3122, 0x3122,
  0x3122, 0x3122, 0x3122, 0x3122, 0x3122, 0x3122, 0x3122, 0x3122, 0x3122, 0x3122, 0x3122, 0x3122,
  0x3122, 0x3122, 0x3122, 0x3122, 0x3122, 0x3122, 0x3122, 0x3122, 0x3122, 0x3122, 0x3122, 0x3122,
  0x3122, 0x3122, 0x3122, 0x3122, 0x3122, 0x3122, 0x3122, 0x3122, 0x3122, 0x3122, 0x3122, 0x3122,
  0x092A, 0x092A, 0x0A2A, 0x0A2A, 0x0A2A, 0x0A2A, 0x0A2A, 0x0A2A, 0x0A2A, 0x0A2A, 0x0A2A, 0x0A2A,
  0x0A2A, 0x0A2A, 0x0A2A, 0x0A2A, 0x0A2A, 0x0A2A, 0x0A2A, 0x0A2A, 0x0A2A, 0x0A2A, 0x0A2A, 0x0A2A,
  0x0A2A, 0x0A2A, 0x0A2A, 0x0A2A, 0x0A2A, 0x092A, 0x092A, 0x092A, 0xE821, 0xA821, 0xA821, 0xA821,
  0xA821, 0xA821, 0xA721, 0xA721, 0xA821, 0x8719, 0x8719, 0x8719, 0xA719, 0x6619, 0x6619, 0x4511,
  0x6619, 0x6619, 0x6619, 0x6619, 0x6619, 0x4511, 0x4519, 0xA721, 0x092A, 0x0A22, 0x0A22, 0x0C22,
  0x0E22, 0x3122, 0x0F22, 0x0F22, 0x3122, 0x3122, 0x3122, 0x3122, 0x3122, 0x3122, 0x3122, 0x3122,
  0x3122, 0x3122, 0x3122, 0x3122, 0x3122, 0x3122, 0x3122, 0x3122, 0x3122, 0x3122, 0x3122, 0x3122,
  0x3122, 0x3122, 0x3122, 0x3122, 0x3122, 0x3122, 0x3122, 0x3122, 0x3122, 0x3122, 0x3122, 0x3122,
  0x3122, 0x3122, 0x3122, 0x3122, 0x3122, 0x3122, 0x3122, 0x3122, 0x3122, 0x3122, 0x3122, 0x3122,
  0x3122, 0x3122, 0x3122, 0x3122, 0x3122, 0x3122, 0x3122, 0x3122, 0x3122, 0x3122, 0x3122, 0x3122,
  0x092A, 0x0A2A, 0x0A2A, 0x0A2A, 0x0A2A, 0x0A2A, 0x0A2A, 0x0A2A, 0x0A2A, 0x0A2A, 0x0A2A, 0x0A2A,
  0x0A2A, 0x0A2A, 0x0A2A, 0x0A2A, 0x0A2A, 0x0A2A, 0x0A2A, 0x0A2A, 0x0A2A, 0x0A2A, 0x0A2A, 0x0A2A,
  0x092A, 0x0A2A, 0x0A2A, 0x0A2A, 0x092A, 0x092A, 0x092A, 0x092A, 0xC821, 0xA721, 0xA821, 0xA821,
  0xA821, 0xA721, 0xA721, 0xA721, 0xA721, 0x8719, 0x8719, 0x8719, 0xA821, 0xA719, 0x8719, 0x6619,
  0x6619, 0x6619, 0x6619, 0x4619, 0x6619, 0x4619, 0xE921, 0xC921, 0x092A, 0x092A, 0x092A, 0xE921,
  0xA819, 0xC921, 0xE921, 0xEA21, 0x0E22, 0x3122, 0x3122, 0x3122, 0x3122, 0x3122, 0x3122, 0x3122,
  0x3122, 0x3122, 0x3122, 0x3122, 0x3122, 0x3122, 0x3122, 0x3122, 0x3122, 0x3122, 0x3122, 0x3122,
  0x3122, 0x3122, 0x3122, 0x3122, 0x3122, 0x3122, 0x3122, 0x3122, 0x3122, 0x3122, 0x3122, 0x3122,
  0x3122, 0x3122, 0x3122, 0x3122, 0x3122, 0x3122, 0x3122, 0x3122, 0x3122, 0x3122, 0x3122, 0x3122,
  0x3122, 0x3122, 0x3122, 0x3122, 0x3122, 0x3122, 0x3122, 0x3122, 0x3122, 0x3122, 0x3122, 0x3122,
  0x0A2A, 0x0A2A, 0x0A2A, 0x0A2A, 0x0A2A, 0x0A2A, 0x0A2A, 0x0A2A, 0x0A2A, 0x0A2A, 0x0A2A, 0x0A2A,
  0x0A2A, 0x0A2A, 0x0A2A, 0x0A2A, 0x0A2A, 0x0A2A, 0x0A2A, 0x0A2A, 0x0A2A, 0x0A2A, 0x0A2A, 0x0A2A,
  0x092A, 0x092A, 0x0A2A, 0x092A, 0x092A, 0x2A2A, 0x092A, 0x092A, 0xC821, 0xA821, 0xA721, 0xA721,
  0xC821, 0x8719, 0xC821, 0x8719, 0x8719, 0x8719, 0x8719, 0xA821, 0x8719, 0x4511, 0x6619, 0x4619,
  0x6619, 0x4619, 0x6619, 0x4619, 0x6619, 0xA719, 0x0A2A, 0x092A, 0xE921, 0xE821, 0xE921, 0xC821,
  0xA821, 0xA721, 0xC821, 0xE921, 0xCA21, 0x0F22, 0x3122, 0x3122, 0x3122, 0x3122, 0x3122, 0x3122,
  0x3122, 0x3122, 0x3122, 0x3122, 0x3122, 0x3122, 0x3122, 0x3122, 0x3122, 0x3122, 0x3122, 0x3122,
  0x3122, 0x3122, 0x3122, 0x3122, 0x3122, 0x3122, 0x3122, 0x3122, 0x3122, 0x3122, 0x3122, 0x3122,
  0x3122, 0x3122, 0x3122, 0x3122, 0x3122, 0x3122, 0x3122, 0x3122, 0x3122, 0x3122, 0x3122, 0x3122,
  0x3122, 0x3122, 0x3122, 0x3122, 0x3122, 0x3122, 0x3122, 0x3122, 0x3122, 0x3122, 0x3122, 0x3122,
  0x0A2A, 0x0A2A, 0x0A2A, 0x0A2A, 0x0A2A, 0x0A2A, 0x0A2A, 0x0A2A, 0x0A2A, 0x0A2A, 0x0A2A, 0x0A2A,
  0x0A2A, 0x0A2A, 0x0A2A, 0x0A2A, 0x0A2A, 0x0A2A, 0x0A2A, 0x0A2A, 0x0A2A, 0x0A2A, 0x0A2A, 0x0A2A,
  0x0A2A, 0x092A, 0x0A2A, 0x0A2A, 0x092A, 0xE921, 0xA719, 0xC821, 0xA719, 0xA721, 0xA821, 0xA721,
  0xC821, 0xA719, 0xA821, 0x8719, 0x6619, 0x6619, 0x4511, 0xA719, 0x8719, 0x8719, 0x6619, 0x4611,
  0x6619, 0x4619, 0x6619, 0x4619, 0xA821, 0xE921, 0x0A2A, 0x0A2A, 0x0A2A, 0xA721, 0x6619, 0x8719,
  0xA721, 0xA821, 0xA721, 0x6619, 0x6619, 0x6711, 0x2F22, 0x3122, 0x3122, 0x3122, 0x3122, 0x3122,
  0x3122, 0x3122, 0x3122, 0x3122, 0x3122, 0x3122, 0x3122, 0x3122, 0x3122, 0x3122, 0x3122, 0x3122,
  0x3122, 0x3122, 0x3122, 0x3122, 0x3122, 0x3122, 0x3122, 0x3122, 0x3122, 0x3122, 0x3122, 0x3122,
  0x3122, 0x3122, 0x3122, 0x3122, 0x3122, 0x3122, 0x3122, 0x3122, 0x3122, 0x3122, 0x3122, 0x3122,
  0x3122, 0x3122, 0x3122, 0x3122, 0x3122, 0x3122, 0x3122, 0x3122, 0x3122, 0x3122, 0x3122, 0x3122,
  0x0A2A, 0x0A2A, 0x0A2A, 0x0A2A, 0x0A2A, 0x0A2A, 0x0A2A, 0x0A2A, 0x0A2A, 0x0A2A, 0x0A2A, 0x0A2A,
  0x0A2A, 0x0A2A, 0x0A2A, 0x0A2A, 0x0A2A, 0x0A2A, 0x0A2A, 0x0A2A, 0x0A2A, 0x0A2A, 0x0A2A, 0x0A2A,
  0x0A2A, 0x0A2A, 0x092A, 0xA821, 0xC821, 0x4511, 0x8719, 0xC821, 0xA821, 0xA821, 0xA821, 0xA821,
  0x8719, 0xE921, 0x8719, 0x4511, 0x8719, 0x6619, 0x6619, 0x4619, 0x6619, 0x4619, 0x4511, 0x4611,
  0x4619, 0x6619, 0x6619, 0x6619, 0x4619, 0x6619, 0xA721, 0xE921, 0x8619, 0x6619, 0x6619, 0x6619,
  0x6619, 0x4519, 0x6619, 0x4619, 0x6619, 0x6611, 0x2E2A, 0x3122, 0x3122, 0x3122, 0x3122, 0x3122,
  0x3122, 0x3122, 0x3122, 0x3122, 0x3122, 0x3122, 0x3122, 0x3122, 0x3122, 0x3122, 0x3122, 0x3122,
  0x3122, 0x3122, 0x3122, 0x3122, 0x3122, 0x3122, 0x3122, 0x3122, 0x3122, 0x3122, 0x3122, 0x3122,
  0x3122, 0x3122, 0x3122, 0x3122, 0x3122, 0x3122, 0x3122, 0x3122, 0x3122, 0x3122, 0x3122, 0x3122,
  0x3122, 0x3122, 0x3122, 0x3122, 0x3122, 0x3122, 0x3122, 0x3122, 0x3122, 0x3122, 0x3122, 0x3122,
  0x0A2A, 0x0A2A, 0x0A2A, 0x0A2A, 0x0A2A, 0x0A2A, 0x0A2A, 0x0A2A, 0x0A2A, 0x0A2A, 0x0A2A, 0x0A2A,
  0x0A2A, 0x0A2A, 0x0A2A, 0x0A2A, 0x0A2A, 0x0A2A, 0x0A2A, 0x0A2A, 0x0A2A, 0x0A2A, 0x0A2A, 0x0A2A,
  0x0A2A, 0x092A, 0x0A2A, 0xA821, 0x4511, 0x6619, 0x6619, 0xE921, 0xA821, 0xA821, 0xA821, 0xA821,
  0x8719, 0xA719, 0x6619, 0x8719, 0x4519, 0x4619, 0x2511, 0x6619, 0x4611, 0x6719, 0x6619, 0x4619,
  0x4619, 0x4619, 0x6619, 0xA821, 0x6619, 0xA821, 0xA721, 0x6619, 0xE929, 0x4511, 0x4511, 0x6619,
  0x4619, 0x6619, 0x4519, 0x4619, 0x4719, 0x4611, 0x0E2A, 0x3122, 0x3122, 0x3122, 0x3122, 0x3122,
  0x3122, 0x3122, 0x3122, 0x3122, 0x3122, 0x3122, 0x3122, 0x3122, 0x3122, 0x3122, 0x3122, 0x3122,
  0x3122, 0x3122, 0x3122, 0x3122, 0x3122, 0x3122, 0x3122, 0x3122, 0x3122, 0x3122, 0x3122, 0x3122,
  0x3122, 0x3122, 0x3122, 0x3122, 0x3122, 0x3122, 0x3122, 0x3122, 0x3122, 0x3122, 0x3122, 0x3122,
  0x3122, 0x3122, 0x3122, 0x3122, 0x3122, 0x3122, 0x3122, 0x3122, 0x3122, 0x3122, 0x3122, 0x3122,
  0x0A2A, 0x0A2A, 0x0A2A, 0x0A2A, 0x0A2A, 0x0A2A, 0x0A2A, 0x0A2A, 0x0A2A, 0x0A2A, 0x0A2A, 0x0A2A,
  0x0A2A, 0x0A2A, 0x0A2A, 0x0A2A, 0x0A2A, 0x0A2A, 0x0A2A, 0x0A2A, 0x0A2A, 0x0A2A, 0x0A2A, 0x0A2A,
  0x092A, 0x2A2A, 0x092A, 0xA721, 0xA719, 0x4619, 0x6619, 0x4611, 0xC921, 0xC921, 0x6619, 0x8719,
  0x6619, 0x6619, 0xA719, 0x0A2A, 0x0A2A, 0x0A2A, 0x0A2A, 0x8719, 0x4611, 0x6619, 0x4619, 0x4611,
  0x4619, 0x4619, 0x4619, 0x6619, 0x2511, 0x6619, 0x6619, 0xC821, 0x6619, 0x4619, 0x4611, 0x4619,
  0x4619, 0x4619, 0x4619, 0x4619, 0x4619, 0x2611, 0x6819, 0x6911, 0x3122, 0x3122, 0x3122, 0x3122,
  0x3122, 0x3122, 0x3122, 0x3122, 0x3122, 0x3122, 0x3122, 0x3122, 0x3122, 0x3122, 0x3122, 0x3122,
  0x3122, 0x3122, 0x3122, 0x3122, 0x3122, 0x3122, 0x3122, 0x3122, 0x3122, 0x3122, 0x3122, 0x3122,
  0x3122, 0x3122, 0x3122, 0x3122, 0x3122, 0x3122, 0x3122, 0x3122, 0x3122, 0x3122, 0x3122, 0x3122,
  0x3122, 0x3122, 0x3122, 0x3122, 0x3122, 0x3122, 0x3122, 0x3122, 0x3122, 0x3122, 0x3122, 0x3122,
  0x0A2A, 0x0A2A, 0x0A2A, 0x0A2A, 0x0A2A, 0x0A2A, 0x0A2A, 0x0A2A, 0x0A2A, 0x0A2A, 0x0A2A, 0x0A2A,
  0x0A2A, 0x0A2A, 0x0A2A, 0x0A2A, 0x0A2A, 0x0A2A, 0x0A2A, 0x0A2A, 0x0A2A, 0x0A2A, 0x0A2A, 0x0A2A,
  0x092A, 0x092A, 0x0A2A, 0xA721, 0xC821, 0x8719, 0x6719, 0x6719, 0xE921, 0xEA29, 0x6619, 0x6619,
  0x8719, 0x6619, 0x6619, 0xA721, 0x0A2A, 0x0A2A, 0x2B2A, 0x4619, 0x4511, 0x4619, 0x4611, 0x4619,
  0x4619, 0x4619, 0x4619, 0x4619, 0x4619, 0x4619, 0xA719, 0x6619, 0x4611, 0x4619, 0x4619, 0x4619,
  0x4619, 0x6619, 0x4619, 0x4519, 0x4419, 0x4619, 0x6619, 0x6711, 0x0F22, 0x3122, 0x3122, 0x3122,
  0x3122, 0x3122, 0x3122, 0x3122, 0x3122, 0x3122, 0x3122, 0x3122, 0x3122, 0x3122, 0x3122, 0x3122,
  0x3122, 0x3122, 0x3122, 0x3122, 0x3122, 0x3122, 0x3122, 0x3122, 0x3122, 0x3122, 0x3122, 0x3122,
  0x3122, 0x3122, 0x3122, 0x3122, 0x3122, 0x3122, 0x3122, 0x3122, 0x3122, 0x3122, 0x3122, 0x3122,
  0x3122, 0x3122, 0x3122, 0x3122, 0x3122, 0x3122, 0x3122, 0x3122, 0x3122, 0x3122, 0x3122, 0x3122,
  0x0A2A, 0x0A2A, 0x0A2A, 0x0A2A, 0x0A2A, 0x0A2A, 0x0A2A, 0x0A2A, 0x0A2A, 0x0A2A, 0x0A2A, 0x0A2A,
  0x0A2A, 0x0A2A, 0x0A2A, 0x0A2A, 0x0A2A, 0x0A2A, 0x0A2A, 0x0A2A, 0x0A2A, 0x0A2A, 0x0A2A, 0x0A2A,
  0x092A, 0xE929, 0x2A2A, 0x4519, 0x6619, 0x6619, 0x6619, 0x6619, 0x6619, 0x6619, 0x6619, 0x4611,
  0x4511, 0xC821, 0x2A2A, 0x092A, 0x2A2A, 0x2A2A, 0x2A2A, 0x4519, 0x4511, 0x6619, 0x4619, 0x4611,
  0x4611, 0x4619, 0x4619, 0x4611, 0x8719, 0x6619, 0xC921, 0x6619, 0x4619, 0x4619, 0x4611, 0x4619,
  0x4619, 0x6619, 0x6619, 0x4519, 0x4519, 0x4519, 0x6619, 0x6711, 0x3122, 0x3122, 0x3122, 0x3122,
  0x3122, 0x3122, 0x3122, 0x3122, 0x3122, 0x3122, 0x3122, 0x3122, 0x3122, 0x3122, 0x3122, 0x3122,
  0x3122, 0x3122, 0x3122, 0x3122, 0x3122, 0x3122, 0x3122, 0x3122, 0x3122, 0x3122, 0x3122, 0x3122,
  0x3122, 0x3122, 0x3122, 0x3122, 0x3122, 0x3122, 0x3122, 0x3122, 0x3122, 0x3122, 0x3122, 0x3122,
  0x3122, 0x3122, 0x3122, 0x3122, 0x3122, 0x3122, 0x3122, 0x3122, 0x3122, 0x3122, 0x3122, 0x3122,
  0x0A2A, 0x0A2A, 0x0A2A, 0x0A2A, 0x0A2A, 0x0A2A, 0x0A2A, 0x0A2A, 0x0A2A, 0x0A2A, 0x0A2A, 0x0A2A,
  0x0A2A, 0x0A2A, 0x0A2A, 0x0A2A, 0x0A2A, 0x0A2A, 0x0A2A, 0x0A2A, 0x0A2A, 0x0A2A, 0x0A2A, 0x0A2A,
  0x092A, 0x0A2A, 0xE929, 0x6619, 0x8719, 0x8719, 0x6619, 0x6619, 0x6619, 0x6619, 0x6619, 0x8719,
  0x6619, 0x6619, 0x0A2A, 0x0A2A, 0x0A2A, 0x2A2A, 0x0A2A, 0x4511, 0x4511, 0x4619, 0x4611, 0x4619,
  0x4619, 0x4611, 0x4611, 0x4611, 0x4619, 0x4619, 0xC921, 0x8719, 0x4611, 0x4619, 0x4619, 0x4511,
  0x4511, 0xC921, 0x6719, 0x4619, 0x4619, 0x4619, 0x4619, 0x4819, 0x3122, 0x3122, 0x3122, 0x3122,
  0x3122, 0x3122, 0x3122, 0x3122, 0x3122, 0x3122, 0x3122, 0x3122, 0x3122, 0x3122, 0x3122, 0x3122,
  0x3122, 0x3122, 0x3122, 0x3122, 0x3122, 0x3122, 0x3122, 0x3122, 0x3122, 0x3122, 0x3122, 0x3122,
  0x3122, 0x3122, 0x3122, 0x3122, 0x3122, 0x3122, 0x3122, 0x3122, 0x3122, 0x3122, 0x3122, 0x3122,
  0x3122, 0x3122, 0x3122, 0x3122, 0x3122, 0x3122, 0x3122, 0x3122, 0x3122, 0x3122, 0x3122, 0x3122,
  0x0A2A, 0x0A2A, 0x0A2A, 0x0A2A, 0x0A2A, 0x0A2A, 0x0A2A, 0x0A2A, 0x0A2A, 0x0A2A, 0x0A2A, 0x0A2A,
  0x0A2A, 0x0A2A, 0x0A2A, 0x0A2A, 0x0A2A, 0x0A2A, 0x0A2A, 0x0A2A, 0xA821, 0xA821, 0xA821, 0xA821,
  0x0A2A, 0x4511, 0x4511, 0x8719, 0x6619, 0x6619, 0x8719, 0xC821, 0x8719, 0xA821, 0x2A2A, 0x092A,
  0x0A2A, 0x0A2A, 0x0A2A, 0x0A2A, 0x0A2A, 0x092A, 0x092A, 0x092A, 0x0A2A, 0x4511, 0x6619, 0x4619,
  0x4619, 0x4619, 0x4619, 0x4619, 0x4619, 0x4619, 0x4619, 0x4619, 0x4619, 0x4619, 0x4619, 0x4619,
  0x4619, 0x4619, 0x4619, 0x4619, 0x4619, 0x4619, 0x4619, 0x4711, 0x3122, 0x3122, 0x3122, 0x3122,
  0x3122, 0x3122, 0x3122, 0x3122, 0x3122, 0x3122, 0x3122, 0x3122, 0x3122, 0x3122, 0x3122, 0x3122,
  0x3122, 0x3122, 0x3122, 0x3122, 0x3122, 0x3122, 0x3122, 0x3122, 0x3122, 0x3122, 0x3122, 0x3122,
  0x3122, 0x3122, 0x3122, 0x3122, 0x3122, 0x3122, 0x3122, 0x3122, 0x3122, 0x3122, 0x3122, 0x3122,
  0x3122, 0x3122, 0x3122, 0x3122, 0x3122, 0x3122, 0x3122, 0x3122, 0x3122, 0x3122, 0x3122, 0x3122,
  0x0A2A, 0x0A2A, 0x0A2A, 0x0A2A, 0x0A2A, 0x0A2A, 0x0A2A, 0x0A2A, 0x0A2A, 0x0A2A, 0x0A2A, 0x0A2A,
  0x0A2A, 0x0A2A, 0x0A2A, 0x0A2A, 0x0A2A, 0x0A2A, 0x0A2A, 0x0A2A, 0xA821, 0xA821, 0xA821, 0xA821,
  0xC821, 0xC821, 0xA821, 0xA821, 0xA821, 0xA721, 0xC821, 0x092A, 0xE929, 0xC821, 0x0A2A, 0x2A2A,
  0x0A2A, 0x0A2A, 0x092A, 0x092A, 0x0A2A, 0x092A, 0x092A, 0x092A, 0x092A, 0x8719, 0x8719, 0x4611,
  0x4619, 0x4619, 0x4619, 0x4619, 0x4619, 0x4619, 0x4619, 0x4619, 0x4619, 0x4619, 0x4619, 0x4619,
  0x4619, 0x4619, 0x4619, 0x4619, 0x4519, 0x4519, 0x4519, 0x4711, 0x3122, 0x3122, 0x3122, 0x3122,
  0x3122, 0x3122, 0x3122, 0x3122, 0x3122, 0x3122, 0x3122, 0x3122, 0x3122, 0x3122, 0x3122, 0x3122,
  0x3122, 0x3122, 0x3122, 0x3122, 0x3122, 0x3122, 0x3122, 0x3122, 0x3122, 0x3122, 0x3122, 0x3122,
  0x3122, 0x3122, 0x3122, 0x3122, 0x3122, 0x3122, 0x3122, 0x3122, 0x3122, 0x3122, 0x3122, 0x3122,
  0x3122, 0x3122, 0x3122, 0x3122, 0x3122, 0x3122, 0x3122, 0x3122, 0x3122, 0x3122, 0x3122, 0x3122,
  0x0A2A, 0x0A2A, 0x0A2A, 0x0A2A, 0x0A2A, 0x0A2A, 0x0A2A, 0x0A2A, 0x0A2A, 0x0A2A, 0x0A2A, 0x0A2A,
  0x0A2A, 0x0A2A, 0x0A2A, 0x0A2A, 0x0A2A, 0x0A2A, 0x0A2A, 0x0A2A, 0xA721, 0xA821, 0xA821, 0xA821,
  0xA821, 0xA821, 0xA821, 0xA821, 0xC921, 0x0A2A, 0x0A2A, 0x0A2A, 0x092A, 0x092A, 0x0A2A, 0x0A2A,
  0x0A2A, 0x092A, 0x092A, 0x092A, 0x092A, 0x092A, 0x0A2A, 0x0A2A, 0x092A, 0x0A2A, 0xEA29, 0x4619,
  0x4619, 0x4619, 0x4619, 0x4619, 0x4619, 0x4619, 0x4619, 0x4619, 0x4619, 0x4619, 0x4619, 0x4619,
  0x4619, 0x4619, 0x4619, 0x4619, 0x4619, 0x4519, 0x4519, 0x4611, 0x3122, 0x3122, 0x3122, 0x3122,
  0x3122, 0x3122, 0x3122, 0x3122, 0x3122, 0x3122, 0x3122, 0x3122, 0x3122, 0x3122, 0x3122, 0x3122,
  0x3122, 0x3122, 0x3122, 0x3122, 0x3122, 0x3122, 0x3122, 0x3122, 0x3122, 0x3122, 0x3122, 0x3122,
  0x3122, 0x3122, 0x3122, 0x3122, 0x3122, 0x3122, 0x3122, 0x3122, 0x3122, 0x3122, 0x3122, 0x3122,
  0x3122, 0x3122, 0x3122, 0x3122, 0x3122, 0x3122, 0x3122, 0x3122, 0x3122, 0x3122, 0x3122, 0x3122,
  0x0A2A, 0x0A2A, 0x0A2A, 0x0A2A, 0x0A2A, 0x0A2A, 0x0A2A, 0x0A2A, 0x0A2A, 0x0A2A, 0x0A2A, 0x0A2A,
  0x0A2A, 0x0A2A, 0x0A2A, 0x0A2A, 0x0A2A, 0x0A2A, 0x0A2A, 0x0A2A, 0xA721, 0xA721, 0xA821, 0xA821,
  0xA821, 0xA821, 0xA821, 0xC821, 0xA721, 0xE929, 0x092A, 0x092A, 0x092A, 0x092A, 0x092A, 0xE929,
  0x092A, 0x092A, 0x092A, 0x092A, 0x0A2A, 0x092A, 0x0A2A, 0x0A2A, 0x092A, 0x2511, 0x4619, 0x4511,
  0x4619, 0x4619, 0x4619, 0x4619, 0x4619, 0x4619, 0x4619, 0x4619, 0x4619, 0x4619, 0x4619, 0x4619,
  0x4619, 0x4619, 0x4619, 0x4619, 0x4619, 0x4619, 0x4619, 0x4711, 0x3122, 0x3122, 0x3122, 0x3122,
  0x3122, 0x3122, 0x3122, 0x3122, 0x3122, 0x3122, 0x3122, 0x3122, 0x3122, 0x3122, 0x3122, 0x3122,
  0x3122, 0x3122, 0x3122, 0x3122, 0x3122, 0x3122, 0x3122, 0x3122, 0x3122, 0x3122, 0x3122, 0x3122,
  0x3122, 0x3122, 0x3122, 0x3122, 0x3122, 0x3122, 0x3122, 0x3122, 0x3122, 0x3122, 0x3122, 0x3122,
  0x3122, 0x3122, 0x3122, 0x3122, 0x3122, 0x3122, 0x3122, 0x3122, 0x3122, 0x3122, 0x3122, 0x3122,
  0x0A2A, 0x0A2A, 0x0A2A, 0x0A2A, 0x0A2A, 0x0A2A, 0x0A2A, 0x0A2A, 0x0A2A, 0x0A2A, 0x0A2A, 0x0A2A,
  0x0A2A, 0x0A2A, 0x0A2A, 0x0A2A, 0x0A2A, 0x0A2A, 0x092A, 0x092A, 0xA721, 0xA821, 0xA821, 0xA821,
  0xA821, 0xA821, 0xA821, 0xC821, 0xA721, 0x092A, 0x092A, 0xE929, 0x0A2A, 0x0A2A, 0x092A, 0x092A,
  0x092A, 0x2A2A, 0x0A2A, 0x092A, 0x2A2A, 0x092A, 0x092A, 0x0A2A, 0x4B32, 0x6619, 0x4519, 0x4611,
  0x4619, 0x4611, 0x4619, 0x4619, 0x4611, 0x4619, 0x4619, 0x4619, 0x4619, 0x4619, 0x4611, 0x4611,
  0x4611, 0x4611, 0x4611, 0x4619, 0x4619, 0x4619, 0x4619, 0x4711, 0x3122, 0x3122, 0x3122, 0x3122,
  0x3122, 0x3122, 0x3122, 0x3122, 0x3122, 0x3122, 0x3122, 0x3122, 0x3122, 0x3122, 0x3122, 0x3122,
  0x3122, 0x3122, 0x3122, 0x3122, 0x3122, 0x3122, 0x3122, 0x3122, 0x3122, 0x3122, 0x3122, 0x3122,
  0x3122, 0x3122, 0x3122, 0x3122, 0x3122, 0x3122, 0x3122, 0x3122, 0x3122, 0x3122, 0x3122, 0x3122,
  0x3122, 0x3122, 0x3122, 0x3122, 0x3122, 0x3122, 0x3122, 0x3122, 0x3122, 0x3122, 0x3122, 0x3122,
  0x0A2A, 0x0A2A, 0x0A2A, 0x0A2A, 0x0A2A, 0x0A2A, 0x0A2A, 0x0A2A, 0x0A2A, 0x0A2A, 0x0A2A, 0x0A2A,
  0x0A2A, 0x0A2A, 0x0A2A, 0x0A2A, 0x0A2A, 0x092A, 0x092A, 0x092A, 0xA721, 0xA821, 0xA821, 0xA821,
  0xA821, 0xA821, 0xC821, 0xE921, 0xE921, 0x092A, 0x092A, 0xE929, 0x092A, 0x092A, 0x092A, 0x092A,
  0x2A2A, 0x0A2A, 0xC821, 0xC821, 0xA721, 0x8619, 0xA721, 0xA721, 0xA821, 0x4619, 0x4619, 0x4619,
  0x4611, 0x4619, 0x4611, 0x4619, 0x4611, 0x4619, 0x4619, 0x4619, 0x4619, 0x4611, 0x4611, 0x4511,
  0x4611, 0x4511, 0x4611, 0x4619, 0x4619, 0x4519, 0x4519, 0x4619, 0x6811, 0x8B19, 0x3122, 0x3122,
  0x3122, 0x3122, 0x3122, 0x3122, 0x3122, 0x3122, 0x3122, 0x3122, 0x3122, 0x3122, 0x3122, 0x3122,
  0x3122, 0x3122, 0x3122, 0x3122, 0x3122, 0x3122, 0x3122, 0x3122, 0x3122, 0x3122, 0x3122, 0x3122,
  0x3122, 0x3122, 0x3122, 0x3122, 0x3122, 0x3122, 0x3122, 0x3122, 0x3122, 0x3122, 0x3122, 0x3122,
  0x3122, 0x3122, 0x3122, 0x3122, 0x3122, 0x3122, 0x3122, 0x3122, 0x3122, 0x3122, 0x3122, 0x3122,
  0x0A2A, 0x0A2A, 0x0A2A, 0x0A2A, 0x0A2A, 0x0A2A, 0x0A2A, 0x0A2A, 0x0A2A, 0x0A2A, 0x0A2A, 0x0A2A,
  0x0A2A, 0x0A2A, 0x092A, 0x092A, 0x092A, 0x092A, 0x092A, 0x092A, 0xA721, 0xA821, 0xA821, 0xA821,
  0xA821, 0xA821, 0xA821, 0x092A, 0x092A, 0x092A, 0x092A, 0x092A, 0x092A, 0x0A2A, 0x092A, 0x0A2A,
  0x0A2A, 0x092A, 0xC821, 0xC821, 0xA721, 0xA721, 0x8719, 0xA821, 0x8719, 0x4611, 0x4611, 0x4619,
  0x4611, 0x4611, 0x4611, 0x4511, 0x4611, 0x4619, 0x4619, 0x4619, 0x4619, 0x4611, 0x4611, 0x4611,
  0x4511, 0x4511, 0x4611, 0x4611, 0x4619, 0x4619, 0x4619, 0x4519, 0x4511, 0x4711, 0x0F2A, 0x3122,
  0x3122, 0x3122, 0x3122, 0x3122, 0x3122, 0x3122, 0x3122, 0x3122, 0x3122, 0x3122, 0x3122, 0x3122,
  0x3122, 0x3122, 0x3122, 0x3122, 0x3122, 0x3122, 0x3122, 0x3122, 0x3122, 0x3122, 0x3122, 0x3122,
  0x3122, 0x3122, 0x3122, 0x3122, 0x3122, 0x3122, 0x3122, 0x3122, 0x3122, 0x3122, 0x3122, 0x3122,
  0x3122, 0x3122, 0x3122, 0x3122, 0x3122, 0x3122, 0x3122, 0x3122, 0x3122, 0x3122, 0x3122, 0x3122,
  0x0A2A, 0x0A2A, 0x0A2A, 0x0A2A, 0x0A2A, 0x0A2A, 0x0A2A, 0x0A2A, 0x0A2A, 0x0A2A, 0x0A2A, 0x0A2A,
  0x0A2A, 0x0A2A, 0x092A, 0x092A, 0x092A, 0x092A, 0x092A, 0x092A, 0x8719, 0xA821, 0xA821, 0xA821,
  0xA819, 0xA821, 0xA721, 0x092A, 0x092A, 0x092A, 0x092A, 0x092A, 0xE929, 0x0A2A, 0xC821, 0xA721,
  0xA719, 0xA721, 0xA721, 0xA721, 0xA719, 0xC821, 0xC921, 0x4511, 0x6619, 0x6619, 0x4619, 0x4619,
  0x4611, 0x4619, 0xC821, 0xC921, 0x4611, 0x4619, 0x4619, 0x4619, 0x4611, 0x4511, 0x4511, 0x4611,
  0x4511, 0x4511, 0x4511, 0x4511, 0x4511, 0x4619, 0x4619, 0x4619, 0x4619, 0x6619, 0x4719, 0xAA19,
  0x3122, 0x3122, 0x3122, 0x3122, 0x3122, 0x3122, 0x3122, 0x3122, 0x3122, 0x3122, 0x3122, 0x3122,
  0x3122, 0x3122, 0x3122, 0x3122, 0x3122, 0x3122, 0x3122, 0x3122, 0x3122, 0x3122, 0x3122, 0x3122,
  0x3122, 0x3122, 0x3122, 0x3122, 0x3122, 0x3122, 0x3122, 0x3122, 0x3122, 0x3122, 0x3122, 0x3122,
  0x3122, 0x3122, 0x3122, 0x3122, 0x3122, 0x3122, 0x3122, 0x3122, 0x3122, 0x3122, 0x3122, 0x3122,
  0x0A2A, 0x0A2A, 0x0A2A, 0x0A2A, 0x0A2A, 0x0A2A, 0x0A2A, 0x0A2A, 0x0A2A, 0x0A2A, 0x0A2A, 0x0A2A,
  0x092A, 0x092A, 0x092A, 0x2A2A, 0x092A, 0x092A, 0x092A, 0xC821, 0xA821, 0xA821, 0xA821, 0xA821,
  0xA819, 0xC821, 0xC821, 0x092A, 0x092A, 0x092A, 0x092A, 0x092A, 0xE929, 0x092A, 0xA721, 0x8719,
  0xA721, 0xA721, 0xA721, 0xA721, 0x8719, 0x8719, 0x8619, 0x6619, 0x4619, 0x4619, 0x4619, 0x4619,
  0x6619, 0x4619, 0x6619, 0xC821, 0x4611, 0x4619, 0x4619, 0x4619, 0x4611, 0x4511, 0x4511, 0x4611,
  0x4511, 0x4511, 0x4511, 0x4511, 0x4611, 0x4619, 0x4619, 0x4619, 0x4619, 0x4619, 0x4619, 0x6719,
  0x2F22, 0x3122, 0x3122, 0x3122, 0x3122, 0x3122, 0x3122, 0x3122, 0x3122, 0x3122, 0x3122, 0x3122,
  0x3122, 0x3122, 0x3122, 0x3122, 0x3122, 0x3122, 0x3122, 0x3122, 0x3122, 0x3122, 0x3122, 0x3122,
  0x3122, 0x3122, 0x3122, 0x3122, 0x3122, 0x3122, 0x3122, 0x3122, 0x3122, 0x3122, 0x3122, 0x3122,
  0x3122, 0x3122, 0x3122, 0x3122, 0x3122, 0x3122, 0x3122, 0x3122, 0x3122, 0x3122, 0x3122, 0x3122,
  0x0A2A, 0x0A2A, 0x0A2A, 0x0A2A, 0x0A2A, 0x0A2A, 0x0A2A, 0x0A2A, 0x0A2A, 0x092A, 0x0A2A, 0x0A2A,
  0x092A, 0xA721, 0x092A, 0x2A2A, 0x092A, 0x0A2A, 0xC821, 0xA719, 0xA821, 0xA821, 0xA821, 0xA821,
  0xA821, 0x092A, 0x092A, 0x092A, 0x092A, 0x092A, 0x092A, 0x0A2A, 0xE821, 0x8719, 0xA721, 0xA719,
  0xA721, 0xA721, 0xA721, 0xA821, 0xE921, 0x6619, 0x4511, 0x4511, 0x4619, 0x4619, 0x4619, 0x4619,
  0xC821, 0x4511, 0x6619, 0xC821, 0x4611, 0x4619, 0x4619, 0x4619, 0x4611, 0x4511, 0x4511, 0x4511,
  0x4511, 0x4511, 0x4511, 0x4511, 0x4511, 0x4611, 0x4619, 0x4619, 0x4619, 0x4619, 0x4619, 0x4619,
  0x6719, 0x2E2A, 0x3122, 0x3122, 0x3122, 0x3122, 0x3122, 0x3122, 0x3122, 0x3122, 0x3122, 0x3122,
  0x3122, 0x3122, 0x3122, 0x3122, 0x3122, 0x3122, 0x3122, 0x3122, 0x3122, 0x3122, 0x3122, 0x3122,
  0x3122, 0x3122, 0x3122, 0x3122, 0x3122, 0x3122, 0x3122, 0x3122, 0x3122, 0x3122, 0x3122, 0x3122,
  0x3122, 0x3122, 0x3122, 0x3122, 0x3122, 0x3122, 0x3122, 0x3122, 0x3122, 0x3122, 0x3122, 0x3122,
  0x0A2A, 0x0A2A, 0x0A2A, 0x0A2A, 0x0A2A, 0x0A2A, 0x0A2A, 0x0A2A, 0x0A2A, 0x0A2A, 0x0A2A, 0x092A,
  0xA721, 0xA721, 0xE921, 0x0A2A, 0xE821, 0xA721, 0xA721, 0xA821, 0xA821, 0xA821, 0xA821, 0xA821,
  0xA821, 0x0A2A, 0x092A, 0x092A, 0x092A, 0x092A, 0x0A2A, 0x0A2A, 0xC821, 0xA721, 0xA721, 0xA719,
  0xC821, 0xA719, 0x6619, 0x6619, 0x6619, 0x6619, 0x4511, 0x6619, 0x4619, 0x4619, 0x4619, 0x4619,
  0x6619, 0x8719, 0x4511, 0x2411, 0x4611, 0x4619, 0x4619, 0x4619, 0x4511, 0x4511, 0x4511, 0x4511,
  0x4511, 0x4511, 0x4511, 0x4511, 0x4511, 0x4611, 0x4611, 0x4619, 0x4619, 0x4619, 0x4619, 0x4619,
  0x4511, 0xEB21, 0x3122, 0x3122, 0x3122, 0x3122, 0x3122, 0x3122, 0x3122, 0x3122, 0x3122, 0x3122,
  0x3122, 0x3122, 0x3122, 0x3122, 0x3122, 0x3122, 0x3122, 0x3122, 0x3122, 0x3122, 0x3122, 0x3122,
  0x3122, 0x3122, 0x3122, 0x3122, 0x3122, 0x3122, 0x3122, 0x3122, 0x3122, 0x3122, 0x3122, 0x3122,
  0x3122, 0x3122, 0x3122, 0x3122, 0x3122, 0x3122, 0x3122, 0x3122, 0x3122, 0x3122, 0x3122, 0x3122,
  0x0A2A, 0x0A2A, 0x0A2A, 0x0A2A, 0x0A2A, 0x0A2A, 0x0A2A, 0x0A2A, 0x0A2A, 0x0A2A, 0x092A, 0xE921,
  0xC821, 0xC821, 0xC921, 0x0A2A, 0xE921, 0xC821, 0xA719, 0xC821, 0xA821, 0xA821, 0xA821, 0xA821,
  0xA821, 0x092A, 0x092A, 0x092A, 0x092A, 0x092A, 0x0A2A, 0x0A2A, 0xC821, 0xA821, 0xA821, 0x8719,
  0x8719, 0x6619, 0x6619, 0x6619, 0x6619, 0x4619, 0x4619, 0x4611, 0x4619, 0x4619, 0x4619, 0x4619,
  0x6619, 0xC921, 0x4511, 0x4611, 0x4611, 0x4619, 0x4619, 0x4619, 0x4511, 0x4511, 0x4511, 0x4511,
  0x4511, 0x4511, 0x4511, 0x4511, 0x4611, 0x4611, 0x4611, 0x4619, 0x4619, 0x4619, 0x4619, 0x4619,
  0x4611, 0x6E32, 0xB13A, 0xB23A, 0xD33A, 0x3122, 0x3122, 0x3122, 0x3122, 0x3122, 0x3122, 0x3122,
  0x3122, 0x3122, 0x3122, 0x3122, 0x3122, 0x3122, 0x3122, 0x3122, 0x3122, 0x3122, 0x3122, 0x3122,
  0x3122, 0x3122, 0x3122, 0x3122, 0x3122, 0x3122, 0x3122, 0x3122, 0x3122, 0x3122, 0x3122, 0x3122,
  0x3122, 0x3122, 0x3122, 0x3122, 0x3122, 0x3122, 0x3122, 0x3122, 0x3122, 0x3122, 0x3122, 0x3122,
  0x0A2A, 0x0A2A, 0x0A2A, 0x0A2A, 0x0A2A, 0x0A2A, 0x0A2A, 0x0A2A, 0x092A, 0x2A2A, 0x092A, 0xA721,
  0xC821, 0xA719, 0xA821, 0xC821, 0xA821, 0xA821, 0xA821, 0xA821, 0xA821, 0xA821, 0xA821, 0xA821,
  0xA721, 0x092A, 0x092A, 0x092A, 0xE929, 0xC821, 0xA721, 0xA721, 0xC821, 0xA719, 0xC821, 0x8719,
  0xA821, 0x8719, 0x6619, 0x6619, 0x6619, 0x6619, 0x4611, 0x4619, 0x4619, 0x4619, 0x4619, 0x4619,
  0x4511, 0x6619, 0x4511, 0x4511, 0x4619, 0x4619, 0x4611, 0x4511, 0x4511, 0x4511, 0x4511, 0x4511,
  0x4511, 0x4511, 0x4511, 0x4511, 0x4511, 0x4511, 0x4611, 0x4611, 0x4619, 0x4619, 0x4619, 0x4619,
  0x4619, 0x6F3A, 0xB142, 0xB142, 0xD342, 0xD33A, 0x3122, 0x3122, 0x3122, 0x3122, 0x3122, 0x3122,
  0x3122, 0x3122, 0x3122, 0x3122, 0x3122, 0x3122, 0x3122, 0x3122, 0x3122, 0x3122, 0x3122, 0x3122,
  0x3122, 0x3122, 0x3122, 0x3122, 0x3122, 0x3122, 0x3122, 0x3122, 0x3122, 0x3122, 0x3122, 0x3122,
  0x3122, 0x3122, 0x3122, 0x3122, 0x3122, 0x3122, 0x3122, 0x3122, 0x3122, 0x3122, 0x3122, 0x3122,
  0x0A2A, 0x0A2A, 0x0A2A, 0x0A2A, 0x0A2A, 0x0A2A, 0x0A2A, 0x0A2A, 0x092A, 0x0A2A, 0x092A, 0xA821,
  0xA821, 0xA821, 0xA821, 0xA821, 0xA821, 0xA821, 0xA821, 0xA821, 0xA821, 0xA821, 0xA821, 0xA821,
  0xA821, 0x092A, 0x092A, 0x092A, 0xC821, 0xA721, 0xA821, 0xA721, 0xA721, 0xA719, 0xA721, 0x8719,
  0xA721, 0x8719, 0x6619, 0x6619, 0x6619, 0x6619, 0x4619, 0x4619, 0x4619, 0x4619, 0x4619, 0x4619,
  0x4619, 0x4619, 0x4511, 0x4511, 0x4619, 0x4619, 0x4611, 0x4511, 0x4511, 0x4511, 0x4511, 0x4511,
  0x4511, 0x4511, 0x4511, 0x4511, 0x4511, 0x4511, 0x4511, 0x4511, 0x4611, 0x4611, 0x4619, 0x4619,
  0x2619, 0x6F3A, 0xB23A, 0xB23A, 0xD242, 0xB23A, 0xB33A, 0x3122, 0x3122, 0x3122, 0x3122, 0x3122,
  0x3122, 0x3122, 0x3122, 0x3122, 0x3122, 0x3122, 0x3122, 0x3122, 0x3122, 0x3122, 0x3122, 0x3122,
  0x3122, 0x3122, 0x3122, 0x3122, 0x3122, 0x3122, 0x3122, 0x3122, 0x3122, 0x3122, 0x3122, 0x3122,
  0x3122, 0x3122, 0x3122, 0x3122, 0x3122, 0x3122, 0x3122, 0x3122, 0x3122, 0x3122, 0x3122, 0x3122,
  0x0A2A, 0x0A2A, 0x0A2A, 0x0A2A, 0x0A2A, 0x0A2A, 0x0A2A, 0x0A2A, 0x0A2A, 0x0A2A, 0x092A, 0xA721,
  0xA821, 0xA821, 0xC821, 0xC821, 0xA821, 0xA821, 0xA821, 0xA821, 0xA821, 0xA821, 0xA721, 0xA721,
  0xA721, 0x092A, 0xE921, 0xA721, 0xA721, 0xA821, 0xC821, 0xC821, 0xA721, 0xA719, 0x8719, 0x8719,
  0x8719, 0x8719, 0x6619, 0x6619, 0x6619, 0x6619, 0x4619, 0x4619, 0x4619, 0x4619, 0x4619, 0x4619,
  0x4619, 0x4511, 0x4619, 0x4619, 0x4611, 0x4611, 0x4611, 0x4611, 0x4511, 0x4511, 0x4511, 0x4511,
  0x4511, 0x4511, 0x4511, 0x4511, 0x4511, 0x4511, 0x4511, 0x4511, 0x4511, 0x4511, 0x4511, 0x4619,
  0x4519, 0x6E32, 0xB23A, 0xB23A, 0x913A, 0x923A, 0xB23A, 0x933A, 0x3122, 0x3122, 0x3122, 0x3122,
  0x3122, 0x3122, 0x3122, 0x3122, 0x3122, 0x3122, 0x3122, 0x3122, 0x3122, 0x3122, 0x3122, 0x3122,
  0x3122, 0x3122, 0x3122, 0x3122, 0x3122, 0x3122, 0x3122, 0x3122, 0x3122, 0x3122, 0x3122, 0x3122,
  0x3122, 0x3122, 0x3122, 0x3122, 0x3122, 0x3122, 0x3122, 0x3122, 0x3122, 0x3122, 0x3122, 0x3122,
  0x0A2A, 0x0A2A, 0x0A2A, 0x0A2A, 0x0A2A, 0x0A2A, 0x0A2A, 0x0A2A, 0x2A2A, 0x0A2A, 0x092A, 0xA821,
  0xA821, 0xA821, 0xA821, 0xA821, 0xA821, 0xA821, 0xA821, 0xC821, 0xA821, 0xA721, 0xA721, 0xA721,
  0xA821, 0xE921, 0xE821, 0xC721, 0xA721, 0xA821, 0xA821, 0xC821, 0x8719, 0x8619, 0x8719, 0x8719,
  0xC821, 0xA821, 0x6619, 0x6619, 0x6619, 0x4619, 0x4611, 0x4619, 0x4619, 0x4619, 0x4619, 0x4619,
  0x6619, 0x4619, 0x4511, 0x4611, 0x4511, 0x4611, 0x4511, 0x4511, 0x4511, 0x4511, 0x4511, 0x4511,
  0x4511, 0x4511, 0x4511, 0x4511, 0x4511, 0x4611, 0x4611, 0x4511, 0x4511, 0x4511, 0x4511, 0x4511,
  0x4619, 0x8E3A, 0xB13A, 0xB23A, 0xB23A, 0x923A, 0xB13A, 0xB23A, 0x3122, 0x3122, 0x3122, 0x3122,
  0x3122, 0x3122, 0x3122, 0x3122, 0x3122, 0x3122, 0x3122, 0x3122, 0x3122, 0x3122, 0x3122, 0x3122,
  0x3122, 0x3122, 0x3122, 0x3122, 0x3122, 0x3122, 0x3122, 0x3122, 0x3122, 0x3122, 0x3122, 0x3122,
  0x3122, 0x3122, 0x3122, 0x3122, 0x3122, 0x3122, 0x3122, 0x3122, 0x3122, 0x3122, 0x3122, 0x3122,
  0x092A, 0x092A, 0x092A, 0x0A2A, 0x092A, 0x0A2A, 0x0A2A, 0x092A, 0x092A, 0xA721, 0xA821, 0xA821,
  0xA821, 0xA821, 0xA821, 0xA821, 0xA721, 0xA721, 0xA721, 0xA721, 0xE821, 0x0A2A, 0x2A2A, 0x092A,
  0xA721, 0xA721, 0xA721, 0xA721, 0xA721, 0xA721, 0xA721, 0xA721, 0xA721, 0x8719, 0x8719, 0xA821,
  0x6619, 0x4619, 0x4619, 0x4619, 0x4619, 0x4619, 0x4611, 0x4611, 0x4619, 0x4619, 0x4619, 0x4611,
  0x4619, 0x4611, 0x4611, 0x4511, 0x4511, 0x4511, 0x4511, 0x4511, 0x4511, 0x4511, 0x4511, 0x4511,
  0x4511, 0x4511, 0x4511, 0x4511, 0x4511, 0x4511, 0x4511, 0x4511, 0x4511, 0x4511, 0x4511, 0x4511,
  0x4619, 0xB03A, 0xB13A, 0xB23A, 0xB242, 0x923A, 0xB242, 0xB23A, 0x3122, 0x3122, 0x3122, 0x3122,
  0x3122, 0x3122, 0x3122, 0x3122, 0x3122, 0x3122, 0x3122, 0x3122, 0x3122, 0x3122, 0x3122, 0x3122,
  0x3122, 0x3122, 0x3122, 0x3122, 0x3122, 0x3122, 0x3122, 0x3122, 0x3122, 0x3122, 0x3122, 0x3122,
  0x3122, 0x3122, 0x3122, 0x3122, 0x3122, 0x3122, 0x3122, 0x3122, 0x3122, 0x3122, 0x3122, 0x3122,
  0x0A2A, 0x0A2A, 0x0A2A, 0x0A2A, 0x092A, 0x0A2A, 0x092A, 0xE821, 0xE821, 0xC821, 0xA821, 0xA821,
  0xA821, 0xA821, 0xA821, 0xA721, 0xA721, 0xA721, 0xA721, 0xA721, 0xC821, 0xC821, 0xC821, 0xA719,
  0xA721, 0xA721, 0xA721, 0xA721, 0xA721, 0xA721, 0xA721, 0xA721, 0x8719, 0x8719, 0x8719, 0x4619,
  0x4619, 0x4619, 0x4619, 0x4619, 0x4619, 0x4619, 0x8719, 0x4619, 0x4619, 0x4611, 0x4611, 0x4611,
  0x4611, 0x4511, 0x4511, 0x4611, 0x4511, 0x4511, 0x4511, 0x4511, 0x4511, 0x4511, 0x4511, 0x4511,
  0x4511, 0x4511, 0x4511, 0x4511, 0x4511, 0x4511, 0x4511, 0x4511, 0x4511, 0x4511, 0x4511, 0x4511,
  0x4619, 0x6819, 0xAA21, 0xD242, 0xD242, 0xB242, 0x923A, 0xB23A, 0x923A, 0x3122, 0x3122, 0x3122,
  0x3122, 0x3122, 0x3122, 0x3122, 0x3122, 0x3122, 0x3122, 0x3122, 0x3122, 0x3122, 0x3122, 0x3122,
  0x3122, 0x3122, 0x3122, 0x3122, 0x3122, 0x3122, 0x3122, 0x3122, 0x3122, 0x3122, 0x3122, 0x3122,
  0x3122, 0x3122, 0x3122, 0x3122, 0x3122, 0x3122, 0x3122, 0x3122, 0x3122, 0x3122, 0x3122, 0x3122,
  0x0A2A, 0x0A2A, 0x0A2A, 0x0A2A, 0x092A, 0x092A, 0x092A, 0xE821, 0xA821, 0xC821, 0xA821, 0xA821,
  0xA821, 0xA821, 0xA821, 0xA721, 0xA721, 0xA721, 0xA721, 0xA721, 0xC821, 0xA821, 0xA721, 0xA721,
  0xA721, 0xA721, 0xA721, 0xA721, 0xA721, 0xA721, 0xA721, 0xA721, 0xA721, 0xA721, 0x4619, 0x6719,
  0x4619, 0x4619, 0x6619, 0x4619, 0x4611, 0x8719, 0xA821, 0x4619, 0x4611, 0x4511, 0x4511, 0x4511,
  0x4511, 0x4511, 0x4511, 0x4611, 0x4511, 0x4511, 0x4511, 0x4511, 0x4511, 0x4511, 0x4511, 0x4511,
  0x4511, 0x4511, 0x4511, 0x4511, 0x4511, 0x4511, 0x4511, 0x4511, 0x4511, 0x4511, 0x4511, 0x4511,
  0x4511, 0x4719, 0x2611, 0xB03A, 0xB03A, 0xB242, 0xB242, 0xB13A, 0xD342, 0xB242, 0x923A, 0x913A,
  0xB23A, 0xB33A, 0x3122, 0x3122, 0x3122, 0x3122, 0x3122, 0x3122, 0x3122, 0x3122, 0x3122, 0x3122,
  0x3122, 0x3122, 0x3122, 0x3122, 0x3122, 0x3122, 0x3122, 0x3122, 0x3122, 0x3122, 0x3122, 0x3122,
  0x3122, 0x3122, 0x3122, 0x3122, 0x3122, 0x3122, 0x3122, 0x3122, 0x3122, 0x3122, 0x3122, 0x3122,
  0x0A2A, 0x0A2A, 0x0A2A, 0x0A2A, 0x092A, 0x092A, 0x092A, 0xC821, 0xA821, 0xA821, 0xA821, 0xA821,
  0xA821, 0xA821, 0xA721, 0xA721, 0xA721, 0xA721, 0xA721, 0xA721, 0xA721, 0xA721, 0xA721, 0xA721,
  0xA721, 0xA721, 0xA721, 0xA721, 0xA721, 0xA721, 0xA721, 0xA721, 0xA721, 0xA821, 0x8719, 0xA821,
  0x4619, 0x4611, 0x6619, 0x4619, 0x8719, 0x4511, 0xA821, 0x4511, 0x4611, 0x4511, 0x4511, 0x4611,
  0x4611, 0x4511, 0x4511, 0x4611, 0x4511, 0x4511, 0x4511, 0x4511, 0x4511, 0x4511, 0x4511, 0x4511,
  0x4511, 0x4511, 0x4511, 0x4511, 0x4511, 0x4511, 0x4511, 0x4511, 0x4511, 0x4511, 0x4511, 0x4511,
  0x4511, 0x4611, 0x4619, 0x4619, 0x6819, 0xB242, 0xD342, 0xB13A, 0xB23A, 0xB23A, 0xB23A, 0xB13A,
  0xB23A, 0xB33A, 0x3122, 0x3122, 0x3122, 0x3122, 0x3122, 0x3122, 0x3122, 0x3122, 0x3122, 0x3122,
  0x3122, 0x3122, 0x3122, 0x3122, 0x3122, 0x3122, 0x3122, 0x3122, 0x3122, 0x3122, 0x3122, 0x3122,
  0x3122, 0x3122, 0x3122, 0x3122, 0x3122, 0x3122, 0x3122, 0x3122, 0x3122, 0x3122, 0x3122, 0x3122,
  0x0A2A, 0x092A, 0x092A, 0x092A, 0x092A, 0x092A, 0x092A, 0xE821, 0xA821, 0xA821, 0xA821, 0xA821,
  0xA821, 0xA821, 0xA721, 0xA721, 0xA721, 0xA721, 0xA721, 0xA721, 0xA721, 0xA721, 0xA721, 0xA721,
  0xA719, 0xA719, 0xA721, 0xA719, 0x8719, 0x8719, 0x8719, 0x8719, 0x8719, 0x6619, 0x8719, 0xA819,
  0x4511, 0x6619, 0xA821, 0xA719, 0x8719, 0x6619, 0xA819, 0x4611, 0x4511, 0x4511, 0x4511, 0x4511,
  0x4511, 0x4511, 0x4511, 0x4511, 0x4511, 0x4511, 0x4511, 0x4511, 0x4511, 0x4511, 0x4511, 0x4511,
  0x4511, 0x4511, 0x4511, 0x4511, 0x4511, 0x4511, 0x4511, 0x4511, 0x4511, 0x4511, 0x4511, 0x4511,
  0x4511, 0x4619, 0x4519, 0x4519, 0x4619, 0xB23A, 0xB23A, 0xB242, 0xB142, 0xB142, 0xB142, 0xB13A,
  0xB23A, 0xB23A, 0xD342, 0x0F2A, 0x3122, 0x3122, 0x3122, 0x3122, 0x3122, 0x3122, 0x3122, 0x3122,
  0x3122, 0x3122, 0x3122, 0x3122, 0x3122, 0x3122, 0x3122, 0x3122, 0x3122, 0x3122, 0x3122, 0x3122,
  0x3122, 0x3122, 0x3122, 0x3122, 0x3122, 0x3122, 0x3122, 0x3122, 0x3122, 0x3122, 0x3122, 0x3122,
  0x092A, 0x092A, 0x092A, 0x092A, 0x092A, 0xE929, 0x092A, 0xC821, 0xA821, 0xA821, 0xA821, 0xA821,
  0xA821, 0xA721, 0xA721, 0xA721, 0xA721, 0xA721, 0xA721, 0xA721, 0xA821, 0xA721, 0xA721, 0xA721,
  0xA821, 0x8719, 0x6619, 0x6619, 0x4511, 0x6619, 0x6619, 0x8719, 0x8719, 0xA821, 0x4611, 0x4619,
  0x4619, 0x4611, 0x4619, 0x4619, 0x4619, 0x4611, 0x4511, 0x4611, 0x4511, 0x4511, 0x4511, 0x4511,
  0x4511, 0x4511, 0x4511, 0x4511, 0x4511, 0x4511, 0x4511, 0x4511, 0x4511, 0x4511, 0x4511, 0x4511,
  0x4511, 0x4511, 0x4511, 0x4511, 0x4511, 0x4511, 0x4511, 0x4511, 0x4511, 0x4511, 0x4511, 0x4511,
  0x4511, 0x4619, 0x4519, 0x4519, 0x4719, 0xB13A, 0xB23A, 0xB23A, 0xB23A, 0xB23A, 0xB23A, 0xB23A,
  0xB23A, 0xB23A, 0x923A, 0x923A, 0xB33A, 0xB33A, 0xB33A, 0xB33A, 0xB33A, 0xB33A, 0xB33A, 0xB33A,
  0x3122, 0x3122, 0x3122, 0x3122, 0x3122, 0x3122, 0x3122, 0x3122, 0x3122, 0x3122, 0x3122, 0x3122,
  0x3122, 0x3122, 0x3122, 0x3122, 0x3122, 0x3122, 0x3122, 0x3122, 0x3122, 0x3122, 0x3122, 0x3122,
  0x092A, 0x092A, 0x092A, 0x092A, 0x092A, 0xE821, 0x0A2A, 0xE921, 0xA821, 0xA821, 0xA821, 0xA821,
  0xA721, 0xA721, 0xA721, 0xA721, 0xA721, 0xA721, 0xA721, 0xA721, 0xA721, 0xA721, 0xA721, 0xA821,
  0x8719, 0x6619, 0x6619, 0x6619, 0x6619, 0x6619, 0x4619, 0x8719, 0x8719, 0xA821, 0x4611, 0x4619,
  0x6619, 0x4619, 0x4511, 0x4511, 0x4611, 0x4619, 0x4511, 0x2511, 0x4511, 0x4511, 0x4511, 0x4511,
  0x4511, 0x4511, 0x4511, 0x4511, 0x4511, 0x4511, 0x4511, 0x4511, 0x4511, 0x4511, 0x4511, 0x4511,
  0x4511, 0x4511, 0x4511, 0x4511, 0x4511, 0x4511, 0x4511, 0x4511, 0x4511, 0x4511, 0x4511, 0x4511,
  0x4619, 0x4619, 0x4519, 0x4519, 0x4719, 0xB13A, 0xB23A, 0xB23A, 0xB23A, 0xB23A, 0xB13A, 0xB13A,
  0xB23A, 0xB23A, 0xB23A, 0x913A, 0xB242, 0xB242, 0xB242, 0xB242, 0xB242, 0xB242, 0xB242, 0xB23A,
  0x0F2A, 0x3122, 0x3122, 0x3122, 0x3122, 0x3122, 0x3122, 0x3122, 0x3122, 0x3122, 0x3122, 0x3122,
  0x3122, 0x3122, 0x3122, 0x3122, 0x3122, 0x3122, 0x3122, 0x3122, 0x3122, 0x3122, 0x3122, 0x3122,
  0x092A, 0x092A, 0x092A, 0x092A, 0xE929, 0xE921, 0xC821, 0xE921, 0xA821, 0xA821, 0xA821, 0xA721,
  0xA721, 0xA721, 0xA721, 0xA721, 0xA721, 0xA721, 0xA721, 0xA721, 0xA721, 0xA719, 0x8719, 0x8719,
  0xA821, 0x6619, 0x6619, 0x6619, 0x4619, 0x6619, 0x6719, 0x4511, 0x4611, 0x4511, 0x4619, 0x4619,
  0x6619, 0x4619, 0x4611, 0x4511, 0x4611, 0x4511, 0x4511, 0x4611, 0x4511, 0x4511, 0x4511, 0x4511,
  0x4511, 0x4511, 0x4511, 0x4511, 0x4511, 0x4511, 0x4511, 0x4511, 0x4511, 0x4511, 0x4511, 0x4511,
  0x4511, 0x4511, 0x4511, 0x4511, 0x4611, 0x4511, 0x4611, 0x4511, 0x4511, 0x4611, 0x4511, 0x4511,
  0x4619, 0x4619, 0x4519, 0x4519, 0x2719, 0xB23A, 0xB23A, 0xB13A, 0xB23A, 0xB23A, 0xB142, 0xB142,
  0xB242, 0xB23A, 0xB23A, 0xB23A, 0xB23A, 0xB23A, 0xB23A, 0xB23A, 0xB23A, 0xB23A, 0xB23A, 0xB23A,
  0xB242, 0x923A, 0xD342, 0xB33A, 0x3122, 0x3122, 0x3122, 0x3122, 0x3122, 0x3122, 0x3122, 0x3122,
  0x3122, 0x3122, 0x3122, 0x3122, 0x3122, 0x3122, 0x3122, 0x3122, 0x3122, 0x3122, 0x3122, 0x3122,
  0xE921, 0x092A, 0x092A, 0x0A2A, 0x092A, 0xC821, 0xA821, 0xA821, 0xA721, 0xA821, 0xA821, 0xA719,
  0xA719, 0x8719, 0x8719, 0x8719, 0x8719, 0x8719, 0xC821, 0xA821, 0xA821, 0x8719, 0x8719, 0x8719,
  0x8719, 0x6619, 0x6619, 0x6619, 0x6619, 0x4619, 0x4619, 0x4619, 0x4619, 0x4619, 0x4619, 0x4619,
  0x4619, 0x4619, 0x4619, 0x4619, 0x4619, 0x4511, 0x4511, 0x4611, 0x4611, 0x4611, 0x4611, 0x4611,
  0x4611, 0x4511, 0x4511, 0x4511, 0x4511, 0x4611, 0x4611, 0x4611, 0x4511, 0x4511, 0x4511, 0x4511,
  0x4511, 0x4511, 0x4511, 0x4611, 0x4611, 0x4511, 0x4611, 0x4511, 0x4511, 0x4611, 0x4511, 0x4619,
  0x6719, 0x6619, 0x4619, 0x4711, 0x4811, 0xB23A, 0xB33A, 0xB23A, 0xB23A, 0xB23A, 0xB23A, 0xB23A,
  0xB23A, 0xB23A, 0xB23A, 0xB23A, 0xB23A, 0xB23A, 0xB23A, 0xB23A, 0xB23A, 0xB23A, 0xB23A, 0xB23A,
  0xB23A, 0xB33A, 0xB33A, 0xB33A, 0x3122, 0x3122, 0x3122, 0x3122, 0x3122, 0x3122, 0x3122, 0x3122,
  0x3122, 0x3122, 0x3122, 0x3122, 0x3122, 0x3122, 0x3122, 0x3122, 0x3122, 0x3122, 0x3122, 0x3122,
  0xC821, 0xA721, 0xA821, 0xA721, 0x8719, 0xA721, 0xA821, 0xC821, 0xA721, 0x8719, 0x8719, 0x8619,
  0x8719, 0x8719, 0x8719, 0x8719, 0x8719, 0x8719, 0xA821, 0xA719, 0x8719, 0x8719, 0x8719, 0x8719,
  0x4619, 0x6619, 0x6619, 0x6619, 0x4619, 0x4619, 0x4619, 0x4619, 0x4619, 0x4619, 0x4619, 0x4619,
  0x4611, 0x4611, 0x4619, 0x4619, 0x4611, 0x4511, 0x4511, 0x4611, 0x4511, 0x4511, 0x4511, 0x4511,
  0x4511, 0x4511, 0x4511, 0x4511, 0x4611, 0x4511, 0x2511, 0x2511, 0x4511, 0x4511, 0x4511, 0x4511,
  0x4511, 0x4511, 0x4511, 0x4511, 0x4511, 0x4511, 0x4611, 0x4511, 0x4611, 0x4611, 0x4511, 0x4619,
  0x2511, 0x4611, 0x2711, 0x2F2A, 0x3122, 0x3122, 0x3122, 0x3122, 0x3122, 0x3122, 0x3122, 0x3122,
  0x3122, 0x3122, 0x3122, 0x3122, 0x3122, 0x3122, 0x3122, 0x3122, 0x3122, 0x3122, 0x3122, 0x3122,
  0x3122, 0x3122, 0x3122, 0x3122, 0x3122, 0x3122, 0x3122, 0x3122, 0x3122, 0x3122, 0x3122, 0x3122,
  0x3122, 0x3122, 0x3122, 0x3122, 0x3122, 0x3122, 0x3122, 0x3122, 0x3122, 0x3122, 0x3122, 0x3122,
  0xA721, 0xC821, 0xA721, 0xA821, 0x8719, 0x8719, 0x8719, 0x8719, 0x8719, 0x8719, 0x8719, 0x8719,
  0x8719, 0x8719, 0x8719, 0x8719, 0x8719, 0x8719, 0xA721, 0xA821, 0x4511, 0x6619, 0x6619, 0x6619,
  0x6619, 0x6619, 0x6619, 0x4611, 0x4619, 0x4619, 0x4619, 0x4619, 0x4619, 0x4619, 0x4619, 0x4619,
  0x4619, 0x4619, 0x4619, 0x4619, 0x4611, 0x4511, 0x4511, 0x4611, 0x4511, 0x4511, 0x4511, 0x4511,
  0x4511, 0x4511, 0x4611, 0x4611, 0x2511, 0x0511, 0x0511, 0x2511, 0x4511, 0x4511, 0x4511, 0x4511,
  0x4511, 0x4511, 0x4511, 0x4511, 0x4511, 0x4511, 0x4611, 0x4511, 0x4611, 0x4611, 0x4511, 0x4619,
  0x0511, 0x8919, 0x0E22, 0x3122, 0x3122, 0x3122, 0x3122, 0x3122, 0x3122, 0x3122, 0x3122, 0x3122,
  0x3122, 0x3122, 0x3122, 0x3122, 0x3122, 0x3122, 0x3122, 0x3122, 0x3122, 0x3122, 0x3122, 0x3122,
  0x3122, 0x3122, 0x3122, 0x3122, 0x3122, 0x3122, 0x3122, 0x3122, 0x3122, 0x3122, 0x3122, 0x3122,
  0x3122, 0x3122, 0x3122, 0x3122, 0x3122, 0x3122, 0x3122, 0x3122, 0x3122, 0x3122, 0x3122, 0x3122,
  0xA821, 0x8719, 0x8719, 0x8719, 0x8719, 0x8719, 0x8719, 0x8719, 0x8719, 0x8719, 0x8719, 0x8719,
  0x8719, 0x8719, 0x8719, 0x8719, 0x8719, 0x8719, 0x8719, 0xC821, 0x4611, 0x6619, 0x6619, 0x6619,
  0x4619, 0x4619, 0x4611, 0x4619, 0x4619, 0x4619, 0x4619, 0x4619, 0x4619, 0x4619, 0x4619, 0x4619,
  0x4611, 0x4611, 0x4611, 0x4511, 0x4611, 0x4511, 0x4611, 0x4611, 0x4511, 0x4511, 0x4511, 0x4511,
  0x4611, 0x4611, 0x4611, 0x4611, 0x0511, 0xE410, 0x0511, 0x0511, 0x4611, 0x4611, 0x4511, 0x4511,
  0x4511, 0x4511, 0x4511, 0x4511, 0x4511, 0x4511, 0x4611, 0x4511, 0x4511, 0x4511, 0x4511, 0x4619,
  0xE508, 0x0E22, 0x3122, 0x3122, 0x3122, 0x3122, 0x3122, 0x3122, 0x3122, 0x3122, 0x3122, 0x3122,
  0x3122, 0x3122, 0x3122, 0x3122, 0x3122, 0x3122, 0x3122, 0x3122, 0x3122, 0x3122, 0x3122, 0x3122,
  0x3122, 0x3122, 0x3122, 0x3122, 0x3122, 0x3122, 0x3122, 0x3122, 0x3122, 0x3122, 0x3122, 0x3122,
  0x3122, 0x3122, 0x3122, 0x3122, 0x3122, 0x3122, 0x3122, 0x3122, 0x3122, 0x3122, 0x3122, 0x3122,
  0x8719, 0x8719, 0x8719, 0x8719, 0x8719, 0x6619, 0x8719, 0xA821, 0x8719, 0x6619, 0x8719, 0xA821,
  0x8719, 0x8719, 0xA719, 0x6619, 0x6619, 0x6619, 0x6619, 0x6619, 0x6619, 0x6619, 0x6619, 0x4619,
  0x6619, 0x4619, 0x4611, 0x4619, 0x4619, 0x4619, 0x4619, 0x4619, 0x4511, 0x4511, 0x4511, 0x4511,
  0x4511, 0x4511, 0x4511, 0x4511, 0x4511, 0x4611, 0x4611, 0x4611, 0x4511, 0x4511, 0x4611, 0x4611,
  0x2511, 0x0511, 0x0511, 0x2511, 0xE510, 0xE510, 0x0511, 0x2611, 0x2511, 0x2511, 0x2511, 0x4511,
  0x2511, 0x4611, 0x4611, 0x4511, 0x4511, 0x4611, 0x4511, 0x4511, 0x2511, 0x2511, 0x0511, 0x0511,
  0x0511, 0x0D22, 0x3122, 0x3122, 0x3122, 0x3122, 0x3122, 0x3122, 0x3122, 0x3122, 0x3122, 0x3122,
  0x3122, 0x3122, 0x3122, 0x3122, 0x3122, 0x3122, 0x3122, 0x3122, 0x3122, 0x3122, 0x3122, 0x3122,
  0x3122, 0x3122, 0x3122, 0x3122, 0x3122, 0x3122, 0x3122, 0x3122, 0x3122, 0x3122, 0x3122, 0x3122,
  0x3122, 0x3122, 0x3122, 0x3122, 0x3122, 0x3122, 0x3122, 0x3122, 0x3122, 0x3122, 0x3122, 0x3122,
  0x8719, 0x8719, 0x8719, 0x8719, 0x8719, 0xA821, 0xA719, 0x8719, 0x8719, 0x6619, 0x8719, 0xA821,
  0x8719, 0x8719, 0x8719, 0x6619, 0x4619, 0x6619, 0x6619, 0x6619, 0x4619, 0x4619, 0x4619, 0x4611,
  0x4611, 0x4619, 0x4619, 0x4619, 0x4611, 0x4611, 0x4611, 0x4611, 0x4611, 0x4611, 0x4611, 0x4611,
  0x4511, 0x4511, 0x4511, 0x4511, 0x4611, 0x4511, 0x4511, 0x4511, 0x4611, 0x2511, 0x2511, 0x0511,
  0x0511, 0x2511, 0x0511, 0xE510, 0xE510, 0xE510, 0xE510, 0x0511, 0x2511, 0x2511, 0x2511, 0x0511,
  0x2511, 0x2511, 0x2511, 0x4611, 0x4611, 0x4611, 0x4511, 0x4511, 0x4619, 0x4611, 0x0711, 0x2811,
  0x2811, 0x0E22, 0x3122, 0x3122, 0x3122, 0x3122, 0x3122, 0x3122, 0x3122, 0x3122, 0x3122, 0x3122,
  0x3122, 0x3122, 0x3122, 0x3122, 0x3122, 0x3122, 0x3122, 0x3122, 0x3122, 0x3122, 0x3122, 0x3122,
  0x3122, 0x3122, 0x3122, 0x3122, 0x3122, 0x3122, 0x3122, 0x3122, 0x3122, 0x3122, 0x3122, 0x3122,
  0x3122, 0x3122, 0x3122, 0x3122, 0x3122, 0x3122, 0x3122, 0x3122, 0x3122, 0x3122, 0x3122, 0x3122,
  0x8719, 0x8719, 0x8719, 0x8719, 0xA721, 0x4619, 0x8719, 0x8719, 0x6619, 0x6619, 0x6619, 0x6619,
  0x6619, 0x6619, 0x6619, 0x6619, 0x6619, 0x6619, 0x6619, 0x6619, 0x4619, 0x4619, 0x4619, 0x4619,
  0x4619, 0x4619, 0x4619, 0x4611, 0x4511, 0x4611, 0x4511, 0x4511, 0x4511, 0x4511, 0x4511, 0x4511,
  0x4511, 0x4511, 0x4511, 0x4511, 0x4511, 0x4511, 0x4611, 0x4611, 0x4619, 0x2511, 0x2511, 0x0511,
  0x0511, 0xE510, 0xE510, 0xE510, 0xE510, 0xE510, 0xE510, 0xE510, 0xE410, 0x0511, 0x2511, 0x0511,
  0x0511, 0x2511, 0x2511, 0x0511, 0x2511, 0x0511, 0x0411, 0xE410, 0xE408, 0x2711, 0x3122, 0x3122,
  0x3122, 0x3122, 0x3122, 0x3122, 0x3122, 0x3122, 0x3122, 0x3122, 0x3122, 0x3122, 0x3122, 0x3122,
  0x3122, 0x3122, 0x3122, 0x3122, 0x3122, 0x3122, 0x3122, 0x3122, 0x3122, 0x3122, 0x3122, 0x3122,
  0x3122, 0x3122, 0x3122, 0x3122, 0x3122, 0x3122, 0x3122, 0x3122, 0x3122, 0x3122, 0x3122, 0x3122,
  0x3122, 0x3122, 0x3122, 0x3122, 0x3122, 0x3122, 0x3122, 0x3122, 0x3122, 0x3122, 0x3122, 0x3122,
  0x8719, 0x8719, 0x8719, 0x8719, 0x8719, 0xA821, 0x6619, 0x4619, 0x6619, 0x6619, 0x6619, 0x6619,
  0x6619, 0x6619, 0x6619, 0x6619, 0x4619, 0x4619, 0x4619, 0x4611, 0x4611, 0x4619, 0x4619, 0x4619,
  0x4619, 0x4611, 0x4511, 0x4511, 0x4611, 0x4611, 0x4611, 0x4611, 0x4511, 0x4511, 0x4511, 0x4511,
  0x4511, 0x4511, 0x4511, 0x4511, 0x4511, 0x4611, 0x2511, 0x2511, 0x2511, 0x0511, 0x2511, 0xE410,
  0xE510, 0xE510, 0xE510, 0x0511, 0xE510, 0xE510, 0xE510, 0xE510, 0xE510, 0x0511, 0x0511, 0x2511,
  0x2511, 0x0511, 0x2511, 0x2511, 0x0511, 0x0511, 0x0511, 0xE510, 0x0611, 0x2711, 0x3122, 0x3122,
  0x3122, 0x3122, 0x3122, 0x3122, 0x3122, 0x3122, 0x3122, 0x3122, 0x3122, 0x3122, 0x3122, 0x3122,
  0x3122, 0x3122, 0x3122, 0x3122, 0x3122, 0x3122, 0x3122, 0x3122, 0x3122, 0x3122, 0x3122, 0x3122,
  0x3122, 0x3122, 0x3122, 0x3122, 0x3122, 0x3122, 0x3122, 0x3122, 0x3122, 0x3122, 0x3122, 0x3122,
  0x3122, 0x3122, 0x3122, 0x3122, 0x3122, 0x3122, 0x3122, 0x3122, 0x3122, 0x3122, 0x3122, 0x3122,
  0x8719, 0x8719, 0x8719, 0x4619, 0x6619, 0x6619, 0x6619, 0x6619, 0x6619, 0x6619, 0x6619, 0x6619,
  0x6619, 0x6619, 0x4619, 0x6619, 0x4619, 0x4619, 0x4619, 0x4611, 0x4611, 0x4511, 0x4611, 0x4511,
  0x4611, 0x4611, 0x4611, 0x4611, 0x4611, 0x4611, 0x4511, 0x4611, 0x4611, 0x4611, 0x4511, 0x4511,
  0x4511, 0x4511, 0x4511, 0x4511, 0x4511, 0x4619, 0x2611, 0x0511, 0xE510, 0xE510, 0xE510, 0xE510,
  0xE510, 0xE510, 0xE510, 0xE510, 0xE510, 0x0511, 0xE510, 0x0511, 0xE510, 0xE510, 0xE510, 0xE510,
  0x0511, 0x2611, 0x0511, 0x2511, 0x0511, 0x2511, 0x0511, 0x0511, 0x0511, 0x0511, 0xE510, 0x0611,
  0x3122, 0x3122, 0x3122, 0x3122, 0x3122, 0x3122, 0x3122, 0x3122, 0x3122, 0x3122, 0x3122, 0x3122,
  0x3122, 0x3122, 0x3122, 0x3122, 0x3122, 0x3122, 0x3122, 0x3122, 0x3122, 0x3122, 0x3122, 0x3122,
  0x3122, 0x3122, 0x3122, 0x3122, 0x3122, 0x3122, 0x3122, 0x3122, 0x3122, 0x3122, 0x3122, 0x3122,
  0x3122, 0x3122, 0x3122, 0x3122, 0x3122, 0x3122, 0x3122, 0x3122, 0x3122, 0x3122, 0x3122, 0x3122,
  0x6619, 0x6619, 0x6619, 0x8719, 0x6619, 0x6619, 0x6619, 0x6619, 0x6619, 0x6619, 0x6619, 0x6619,
  0x6619, 0x4619, 0x4619, 0x4611, 0x4619, 0x4619, 0x4611, 0x4511, 0x4511, 0x4511, 0x4511, 0x4611,
  0x4511, 0x4611, 0x4611, 0x4611, 0x4611, 0x4511, 0x4511, 0x4511, 0x4511, 0x4511, 0x4511, 0x4611,
  0x4511, 0x2511, 0x2511, 0x4611, 0x2511, 0x0511, 0x0511, 0x0511, 0xE510, 0xE510, 0xE510, 0xE510,
  0xE510, 0xE510, 0xE510, 0xE510, 0xE510, 0xE510, 0xE510, 0xE510, 0xE510, 0xE510, 0xE510, 0xE510,
  0x0511, 0x0511, 0x2511, 0x0511, 0x2511, 0x2611, 0x0511, 0x0511, 0x2511, 0x2511, 0x0511, 0xE708,
  0x3122, 0x3122, 0x3122, 0x3122, 0x3122, 0x3122, 0x3122, 0x3122, 0x3122, 0x3122, 0x3122, 0x3122,
  0x3122, 0x3122, 0x3122, 0x3122, 0x3122, 0x3122, 0x3122, 0x3122, 0x3122, 0x3122, 0x3122, 0x3122,
  0x3122, 0x3122, 0x3122, 0x3122, 0x3122, 0x3122, 0x3122, 0x3122, 0x3122, 0x3122, 0x3122, 0x3122,
  0x3122, 0x3122, 0x3122, 0x3122, 0x3122, 0x3122, 0x3122, 0x3122, 0x3122, 0x3122, 0x3122, 0x3122,
  0x4619, 0x6619, 0x4619, 0x8719, 0x6619, 0x6619, 0x6619, 0x6619, 0x6619, 0x4619, 0x4511, 0x4611,
  0x4511, 0x4511, 0x4511, 0x4511, 0x4511, 0x4511, 0x4511, 0x4511, 0x4619, 0x4619, 0x4511, 0x4611,
  0x4511, 0x4511, 0x4511, 0x4511, 0x4511, 0x4511, 0x4511, 0x4511, 0x4511, 0x4511, 0x2511, 0x4619,
  0x2611, 0x2511, 0x0511, 0x2511, 0x0511, 0x0511, 0xE510, 0xE510, 0xE510, 0xE510, 0xE510, 0xE510,
  0xE510, 0xE510, 0xE510, 0xE510, 0xE510, 0xE510, 0xE510, 0xE510, 0xE510, 0xE510, 0xE510, 0xE510,
  0xE510, 0xE510, 0x0511, 0x2511, 0x2511, 0x0511, 0xE510, 0x0611, 0x0511, 0x0511, 0xE510, 0x0609,
  0x3122, 0x3122, 0x3122, 0x3122, 0x3122, 0x3122, 0x3122, 0x3122, 0x3122, 0x3122, 0x3122, 0x3122,
  0x3122, 0x3122, 0x3122, 0x3122, 0x3122, 0x3122, 0x3122, 0x3122, 0x3122, 0x3122, 0x3122, 0x3122,
  0x3122, 0x3122, 0x3122, 0x3122, 0x3122, 0x3122, 0x3122, 0x3122, 0x3122, 0x3122, 0x3122, 0x3122,
  0x3122, 0x3122, 0x3122, 0x3122, 0x3122, 0x3122, 0x3122, 0x3122, 0x3122, 0x3122, 0x3122, 0x3122,
  0x6619, 0x6619, 0x4611, 0x6619, 0x4619, 0x6619, 0x6619, 0x4619, 0x4611, 0x4619, 0x4611, 0x6619,
  0x6719, 0x4511, 0x4511, 0x4511, 0x4511, 0x4511, 0x4611, 0x4611, 0x2511, 0x2511, 0x4611, 0x4611,
  0x4511, 0x4511, 0x4511, 0x4511, 0x4511, 0x4611, 0x4611, 0x4611, 0x4511, 0x4611, 0x0511, 0x0511,
  0xE410, 0xE510, 0xE510, 0xE510, 0x0511, 0x0511, 0xE510, 0xE510, 0xE510, 0xE510, 0xE510, 0xE510,
  0xE510, 0xE510, 0xE510, 0xE510, 0xE510, 0xE510, 0xE510, 0xE510, 0xE510, 0xE510, 0xE510, 0xE510,
  0xE510, 0xE510, 0xE510, 0xE510, 0xE510, 0xE408, 0xE410, 0xE510, 0xE510, 0xE510, 0xE510, 0x0611,
  0x3122, 0x3122, 0x3122, 0x3122, 0x3122, 0x3122, 0x3122, 0x3122, 0x3122, 0x3122, 0x3122, 0x3122,
  0x3122, 0x3122, 0x3122, 0x3122, 0x3122, 0x3122, 0x3122, 0x3122, 0x3122, 0x3122, 0x3122, 0x3122,
  0x3122, 0x3122, 0x3122, 0x3122, 0x3122, 0x3122, 0x3122, 0x3122, 0x3122, 0x3122, 0x3122, 0x3122,
  0x3122, 0x3122, 0x3122, 0x3122, 0x3122, 0x3122, 0x3122, 0x3122, 0x3122, 0x3122, 0x3122, 0x3122,
  0x6619, 0x6619, 0x4619, 0x4611, 0x4619, 0x4611, 0x4619, 0x4611, 0x6619, 0x4611, 0x6619, 0x6619,
  0x8719, 0x2511, 0x2511, 0x2511, 0x4619, 0x4611, 0x2511, 0x2511, 0x0511, 0x0511, 0x4611, 0x2611,
  0x4611, 0x2511, 0x2511, 0x2511, 0x4619, 0x2511, 0x2511, 0x0511, 0x2511, 0x2511, 0x0511, 0x0511,
  0x0511, 0x0511, 0x0511, 0x0511, 0x0511, 0x0511, 0xE510, 0xE510, 0xE510, 0xE510, 0xE510, 0xE510,
  0xE510, 0xE510, 0xE510, 0xE510, 0xE510, 0xE510, 0xE510, 0xE510, 0xE510, 0xE510, 0xE510, 0xE510,
  0xE510, 0xE510, 0xE510, 0xE510, 0xE510, 0xE510, 0xE410, 0xE410, 0x0511, 0xE508, 0xE708, 0x0809,
  0x3122, 0x3122, 0x3122, 0x3122, 0x3122, 0x3122, 0x3122, 0x3122, 0x3122, 0x3122, 0x3122, 0x3122,
  0x3122, 0x3122, 0x3122, 0x3122, 0x3122, 0x3122, 0x3122, 0x3122, 0x3122, 0x3122, 0x3122, 0x3122,
  0x3122, 0x3122, 0x3122, 0x3122, 0x3122, 0x3122, 0x3122, 0x3122, 0x3122, 0x3122, 0x3122, 0x3122,
  0x3122, 0x3122, 0x3122, 0x3122, 0x3122, 0x3122, 0x3122, 0x3122, 0x3122, 0x3122, 0x3122, 0x3122,
  0x6619, 0x4611, 0x4619, 0x4619, 0x4619, 0x4619, 0x4619, 0x4619, 0xA821, 0x8719, 0xA821, 0x8719,
  0xA821, 0x2511, 0x0511, 0x2511, 0x2511, 0x0511, 0x0511, 0x0511, 0xE510, 0x0511, 0xE410, 0x0411,
  0x0411, 0x2511, 0x2611, 0x2611, 0x2511, 0xE410, 0xE510, 0x0511, 0xE410, 0xE510, 0xE510, 0xE510,
  0x0511, 0xE510, 0x0511, 0x0511, 0xE510, 0xE510, 0xE510, 0xE510, 0xE510, 0xE510, 0xE510, 0xE510,
  0xE510, 0xE510, 0xE510, 0xE510, 0xE510, 0xE510, 0xE510, 0xE510, 0xE510, 0xE510, 0xE510, 0xE510,
  0xE510, 0xE510, 0xE510, 0xE510, 0xE510, 0xE510, 0xE510, 0xE410, 0x0511, 0x0609, 0x3122, 0x3122,
  0x3122, 0x3122, 0x3122, 0x3122, 0x3122, 0x3122, 0x3122, 0x3122, 0x3122, 0x3122, 0x3122, 0x3122,
  0x3122, 0x3122, 0x3122, 0x3122, 0x3122, 0x3122, 0x3122, 0x3122, 0x3122, 0x3122, 0x3122, 0x3122,
  0x3122, 0x3122, 0x3122, 0x3122, 0x3122, 0x3122, 0x3122, 0x3122, 0x3122, 0x3122, 0x3122, 0x3122,
  0x3122, 0x3122, 0x3122, 0x3122, 0x3122, 0x3122, 0x3122, 0x3122, 0x3122, 0x3122, 0x3122, 0x3122,
  0x4611, 0x4611, 0x4611, 0x4611, 0x4611, 0x4619, 0x4511, 0x4619, 0x8719, 0x8719, 0xA821, 0x6719,
  0x6719, 0x2511, 0x0511, 0x0511, 0x0511, 0x2511, 0x0511, 0x0511, 0x0511, 0xE410, 0xE510, 0xC410,
  0x0511, 0x0511, 0x2511, 0x2511, 0x2511, 0x0511, 0xE510, 0xE510, 0x2511, 0x0511, 0x0511, 0x0511,
  0x0611, 0xE410, 0xE410, 0xE410, 0xE510, 0xE510, 0xE510, 0xE510, 0xE510, 0xE510, 0xE510, 0xE510,
  0xE510, 0xE510, 0xE510, 0xE510, 0xE510, 0xE510, 0xE510, 0xE510, 0xE510, 0xE510, 0xE510, 0xE510,
  0xE510, 0xE510, 0xE510, 0xE510, 0xE510, 0xE510, 0xE510, 0xE610, 0x0609, 0x2909, 0x3122, 0x3122,
  0x3122, 0x3122, 0x3122, 0x3122, 0x3122, 0x3122, 0x3122, 0x3122, 0x3122, 0x3122, 0x3122, 0x3122,
  0x3122, 0x3122, 0x3122, 0x3122, 0x3122, 0x3122, 0x3122, 0x3122, 0x3122, 0x3122, 0x3122, 0x3122,
  0x3122, 0x3122, 0x3122, 0x3122, 0x3122, 0x3122, 0x3122, 0x3122, 0x3122, 0x3122, 0x3122, 0x3122,
  0x3122, 0x3122, 0x3122, 0x3122, 0x3122, 0x3122, 0x3122, 0x3122, 0x3122, 0x3122, 0x3122, 0x3122,
  0x4619, 0x4511, 0x4611, 0x4511, 0x4611, 0x6719, 0x8719, 0x6619, 0x6619, 0x8719, 0xC821, 0x4619,
  0x2511, 0x0511, 0x0511, 0x0511, 0x2511, 0x0511, 0x0511, 0x2511, 0x0511, 0x2619, 0x2619, 0x2619,
  0x2611, 0xE408, 0x0511, 0x0511, 0x0511, 0x0511, 0xE510, 0x0611, 0x0511, 0x2511, 0x2511, 0xE410,
  0xE510, 0xE410, 0x2519, 0x2619, 0xE510, 0xE510, 0xE510, 0xE510, 0xE510, 0xE510, 0xE510, 0xE510,
  0xE510, 0xE510, 0xE510, 0xE510, 0xE510, 0xE510, 0xE510, 0xE510, 0xE510, 0xE510, 0xE510, 0xE510,
  0xE510, 0xE510, 0xE510, 0xE510, 0xE410, 0xE510, 0x0611, 0x0709, 0x0F22, 0x3122, 0x3122, 0x3122,
  0x3122, 0x3122, 0x3122, 0x3122, 0x3122, 0x3122, 0x3122, 0x3122, 0x3122, 0x3122, 0x3122, 0x3122,
  0x3122, 0x3122, 0x3122, 0x3122, 0x3122, 0x3122, 0x3122, 0x3122, 0x3122, 0x3122, 0x3122, 0x3122,
  0x3122, 0x3122, 0x3122, 0x3122, 0x3122, 0x3122, 0x3122, 0x3122, 0x3122, 0x3122, 0x3122, 0x3122,
  0x3122, 0x3122, 0x3122, 0x3122, 0x3122, 0x3122, 0x3122, 0x3122, 0x3122, 0x3122, 0x3122, 0x3122,
  0x4611, 0x4611, 0x4511, 0x4511, 0x4511, 0x4619, 0x8719, 0x4611, 0x2611, 0x2511, 0x4619, 0x2511,
  0x2511, 0x0511, 0x2511, 0x2511, 0x2411, 0x0511, 0x0611, 0x0511, 0xE410, 0x2619, 0x0621, 0x2619,
  0xE510, 0x0411, 0x0511, 0xE510, 0xE510, 0xE408, 0xE510, 0xE510, 0x2611, 0x0511, 0xE508, 0x0511,
  0xE510, 0xE418, 0x0521, 0x2721, 0xE510, 0x0511, 0x0511, 0xE410, 0xE510, 0x0511, 0x0411, 0xE610,
  0xE510, 0xE510, 0xE510, 0xE510, 0xE510, 0xE510, 0xE510, 0xE510, 0xE510, 0xE510, 0xE510, 0xE510,
  0xE510, 0xE510, 0xE508, 0x0511, 0xE510, 0xE510, 0x0711, 0x0809, 0x3122, 0x3122, 0x3122, 0x3122,
  0x3122, 0x3122, 0x3122, 0x3122, 0x3122, 0x3122, 0x3122, 0x3122, 0x3122, 0x3122, 0x3122, 0x3122,
  0x3122, 0x3122, 0x3122, 0x3122, 0x3122, 0x3122, 0x3122, 0x3122, 0x3122, 0x3122, 0x3122, 0x3122,
  0x3122, 0x3122, 0x3122, 0x3122, 0x3122, 0x3122, 0x3122, 0x3122, 0x3122, 0x3122, 0x3122, 0x3122,
  0x3122, 0x3122, 0x3122, 0x3122, 0x3122, 0x3122, 0x3122, 0x3122, 0x3122, 0x3122, 0x3122, 0x3122,
  0x4611, 0x4511, 0x4511, 0x4511, 0x2411, 0x6719, 0xC921, 0x4611, 0xE410, 0x0511, 0x0511, 0x0511,
  0x0511, 0x0511, 0x2611, 0x0511, 0x0511, 0xE510, 0x2611, 0x2511, 0x0511, 0xC410, 0xE620, 0x0621,
  0x2721, 0x0511, 0xE408, 0xE410, 0xE410, 0x0509, 0xE508, 0xE510, 0x0509, 0xE610, 0xE410, 0xC410,
  0x0619, 0x0521, 0xE520, 0x2719, 0xE510, 0xE508, 0xE508, 0x0511, 0xE510, 0xE510, 0xE410, 0xE510,
  0xE510, 0xE510, 0xE510, 0xE510, 0xE510, 0xE510, 0xE510, 0xE510, 0xE510, 0x0611, 0xE510, 0x0511,
  0xE410, 0x0511, 0x0611, 0xE508, 0x0611, 0x0709, 0x0F2A, 0x3122, 0x3122, 0x3122, 0x3122, 0x3122,
  0x3122, 0x3122, 0x3122, 0x3122, 0x3122, 0x3122, 0x3122, 0x3122, 0x3122, 0x3122, 0x3122, 0x3122,
  0x3122, 0x3122, 0x3122, 0x3122, 0x3122, 0x3122, 0x3122, 0x3122, 0x3122, 0x3122, 0x3122, 0x3122,
  0x3122, 0x3122, 0x3122, 0x3122, 0x3122, 0x3122, 0x3122, 0x3122, 0x3122, 0x3122, 0x3122, 0x3122,
  0x3122, 0x3122, 0x3122, 0x3122, 0x3122, 0x3122, 0x3122, 0x3122, 0x3122, 0x3122, 0x3122, 0x3122,
  0x4611, 0x4511, 0x4511, 0x4511, 0xC921, 0x6719, 0x0411, 0x2511, 0x2511, 0x0511, 0xE510, 0xE510,
  0xE510, 0x0511, 0x0511, 0x0511, 0xE510, 0xE510, 0xE510, 0x0511, 0x2511, 0xE410, 0xE620, 0x0621,
  0x0621, 0x0621, 0x2621, 0x0519, 0xAA21, 0x0E22, 0x0E22, 0x0E2A, 0x0E22, 0xEC21, 0x2619, 0x2619,
  0x0621, 0x0621, 0xE410, 0xE410, 0x0511, 0xED21, 0xED21, 0xE608, 0xE510, 0xE410, 0xE410, 0xE510,
  0xE510, 0xE510, 0xE510, 0xE510, 0xE510, 0xE510, 0xE510, 0xE510, 0x0511, 0xEC21, 0xED21, 0xE508,
  0xE510, 0x0511, 0x2711, 0x0E2A, 0x0E22, 0x3122, 0x3122, 0x3122, 0x3122, 0x3122, 0x3122, 0x3122,
  0x3122, 0x3122, 0x3122, 0x3122, 0x3122, 0x3122, 0x3122, 0x3122, 0x3122, 0x3122, 0x3122, 0x3122,
  0x3122, 0x3122, 0x3122, 0x3122, 0x3122, 0x3122, 0x3122, 0x3122, 0x3122, 0x3122, 0x3122, 0x3122,
  0x3122, 0x3122, 0x3122, 0x3122, 0x3122, 0x3122, 0x3122, 0x3122, 0x3122, 0x3122, 0x3122, 0x3122,
  0x3122, 0x3122, 0x3122, 0x3122, 0x3122, 0x3122, 0x3122, 0x3122, 0x3122, 0x3122, 0x3122, 0x3122,
  0x4511, 0x4511, 0x4511, 0x4511, 0xC921, 0xA821, 0xE408, 0x2511, 0x2511, 0x0611, 0x0611, 0x0611,
  0x0611, 0xE510, 0x0511, 0xE510, 0xE510, 0xE510, 0xE510, 0xE510, 0xE508, 0xE510, 0xE620, 0x0521,
  0x0521, 0x0521, 0xE520, 0x0621, 0x8A21, 0x2F22, 0x3122, 0x3122, 0x3122, 0x0E2A, 0x2719, 0x0621,
  0x0621, 0x0621, 0xE510, 0xE610, 0x0709, 0x3122, 0x3122, 0xE708, 0x0609, 0xE510, 0xE610, 0xE610,
  0xE510, 0xE510, 0xE510, 0xE510, 0xE510, 0xE510, 0xE510, 0xE510, 0x0609, 0x0F2A, 0x3122, 0x0809,
  0x0611, 0x0611, 0xE708, 0x3122, 0x3122, 0x3122, 0x3122, 0x3122, 0x3122, 0x3122, 0x3122, 0x3122,
  0x3122, 0x3122, 0x3122, 0x3122, 0x3122, 0x3122, 0x3122, 0x3122, 0x3122, 0x3122, 0x3122, 0x3122,
  0x3122, 0x3122, 0x3122, 0x3122, 0x3122, 0x3122, 0x3122, 0x3122, 0x3122, 0x3122, 0x3122, 0x3122,
  0x3122, 0x3122, 0x3122, 0x3122, 0x3122, 0x3122, 0x3122, 0x3122, 0x3122, 0x3122, 0x3122, 0x3122,
  0x3122, 0x3122, 0x3122, 0x3122, 0x3122, 0x3122, 0x3122, 0x3122, 0x3122, 0x3122, 0x3122, 0x3122,
  0x4611, 0x4511, 0x4511, 0x4511, 0x4611, 0x0511, 0x2611, 0x0511, 0x0411, 0x0611, 0xE408, 0x0511,
  0xE510, 0xE510, 0x0511, 0xE508, 0x2611, 0xE408, 0x0511, 0x0511, 0xE510, 0x2619, 0x6831, 0x8731,
  0x6729, 0x0521, 0x0621, 0x0721, 0x0721, 0x0719, 0xCD21, 0x3122, 0x0F2A, 0xA929, 0x6729, 0x6731,
  0xE520, 0x2621, 0x4619, 0xE608, 0x0F22, 0x3122, 0x3122, 0x3122, 0x0E2A, 0x0E2A, 0xAB21, 0xE508,
  0xE510, 0xE510, 0xE510, 0xE510, 0xE510, 0x0511, 0xE510, 0xE610, 0x0F2A, 0x3122, 0x3122, 0x3122,
  0x0F2A, 0x2F2A, 0xEF21, 0x3122, 0x3122, 0x3122, 0x3122, 0x3122, 0x3122, 0x3122, 0x3122, 0x3122,
  0x3122, 0x3122, 0x3122, 0x3122, 0x3122, 0x3122, 0x3122, 0x3122, 0x3122, 0x3122, 0x3122, 0x3122,
  0x3122, 0x3122, 0x3122, 0x3122, 0x3122, 0x3122, 0x3122, 0x3122, 0x3122, 0x3122, 0x3122, 0x3122,
  0x3122, 0x3122, 0x3122, 0x3122, 0x3122, 0x3122, 0x3122, 0x3122, 0x3122, 0x3122, 0x3122, 0x3122,
  0x3122, 0x3122, 0x3122, 0x3122, 0x3122, 0x3122, 0x3122, 0x3122, 0x3122, 0x3122, 0x3122, 0x3122,
  0x4611, 0x4611, 0x2511, 0x4611, 0x2511, 0x0511, 0x0511, 0x2611, 0xE510, 0x0711, 0x0509, 0x0511,
  0xC408, 0xE410, 0xE408, 0xE608, 0x2711, 0x0511, 0xE410, 0xE510, 0xC510, 0x2521, 0x6731, 0x6731,
  0x8731, 0x0521, 0x0621, 0x0621, 0x0521, 0xE520, 0x6921, 0x0E2A, 0x0E2A, 0x8729, 0x6629, 0x8731,
  0x2629, 0x0621, 0x2619, 0x2711, 0x3122, 0x3122, 0x3122, 0x3122, 0x3122, 0x3122, 0x0F2A, 0x0511,
  0xE510, 0xE510, 0xE510, 0xE510, 0x0511, 0xE510, 0xE510, 0x0611, 0x3122, 0x3122, 0x3122, 0x3122,
  0x3122, 0x3122, 0x3122, 0x3122, 0x3122, 0x3122, 0x3122, 0x3122, 0x3122, 0x3122, 0x3122, 0x3122,
  0x3122, 0x3122, 0x3122, 0x3122, 0x3122, 0x3122, 0x3122, 0x3122, 0x3122, 0x3122, 0x3122, 0x3122,
  0x3122, 0x3122, 0x3122, 0x3122, 0x3122, 0x3122, 0x3122, 0x3122, 0x3122, 0x3122, 0x3122, 0x3122,
  0x3122, 0x3122, 0x3122, 0x3122, 0x3122, 0x3122, 0x3122, 0x3122, 0x3122, 0x3122, 0x3122, 0x3122,
  0x3122, 0x3122, 0x3122, 0x3122, 0x3122, 0x3122, 0x3122, 0x3122, 0x3122, 0x3122, 0x3122, 0x3122,
  0x2511, 0x4611, 0x2511, 0x4611, 0x0511, 0xE408, 0x2611, 0xE510, 0x0611, 0x3122, 0x0E22, 0x2711,
  0xE510, 0xE510, 0x8A19, 0x3122, 0x0E22, 0x6F32, 0x0519, 0x0519, 0x6829, 0x6731, 0x6731, 0x6731,
  0x6831, 0x0521, 0xE520, 0xE520, 0xE520, 0xE520, 0x0621, 0x0621, 0x6831, 0x4731, 0xE420, 0x0621,
  0x0621, 0x8A21, 0x3122, 0x3122, 0x3122, 0x3122, 0x3122, 0x3122, 0x3122, 0x3122, 0x3122, 0x0511,
  0xE510, 0xE510, 0xE510, 0xE510, 0x0511, 0xE510, 0xE510, 0x0611, 0x3122, 0x3122, 0x3122, 0x3122,
  0x3122, 0x3122, 0x3122, 0x3122, 0x3122, 0x3122, 0x3122, 0x3122, 0x3122, 0x3122, 0x3122, 0x3122,
  0x3122, 0x3122, 0x3122, 0x3122, 0x3122, 0x3122, 0x3122, 0x3122, 0x3122, 0x3122, 0x3122, 0x3122,
  0x3122, 0x3122, 0x3122, 0x3122, 0x3122, 0x3122, 0x3122, 0x3122, 0x3122, 0x3122, 0x3122, 0x3122,
  0x3122, 0x3122, 0x3122, 0x3122, 0x3122, 0x3122, 0x3122, 0x3122, 0x3122, 0x3122, 0x3122, 0x3122,
  0x3122, 0x3122, 0x3122, 0x3122, 0x3122, 0x3122, 0x3122, 0x3122, 0x3122, 0x3122, 0x3122, 0x3122,
  0x2611, 0x2611, 0x4611, 0x4619, 0xE510, 0xE510, 0x0511, 0x0511, 0x0709, 0x3122, 0x3122, 0x2809,
  0x0609, 0x0509, 0xCD21, 0x3122, 0x3122, 0x9132, 0x0519, 0x0419, 0x6731, 0x6731, 0x6731, 0x6731,
  0x6731, 0x0621, 0xE620, 0xE520, 0x0621, 0x0621, 0x0621, 0x0521, 0x8831, 0x6731, 0x0521, 0x2621,
  0x2721, 0x8B19, 0x3122, 0x3122, 0x3122, 0x3122, 0x3122, 0x3122, 0x3122, 0x3122, 0x3122, 0xE608,
  0xE510, 0xE510, 0xE510, 0xE510, 0x0511, 0xE508, 0xE608, 0x8A19, 0x3122, 0x3122, 0x3122, 0x3122,
  0x3122, 0x3122, 0x3122, 0x3122, 0x3122, 0x3122, 0x3122, 0x3122, 0x3122, 0x3122, 0x3122, 0x3122,
  0x3122, 0x3122, 0x3122, 0x3122, 0x3122, 0x3122, 0x3122, 0x3122, 0x3122, 0x3122, 0x3122, 0x3122,
  0x3122, 0x3122, 0x3122, 0x3122, 0x3122, 0x3122, 0x3122, 0x3122, 0x3122, 0x3122, 0x3122, 0x3122,
  0x3122, 0x3122, 0x3122, 0x3122, 0x3122, 0x3122, 0x3122, 0x3122, 0x3122, 0x3122, 0x3122, 0x3122,
  0x3122, 0x3122, 0x3122, 0x3122, 0x3122, 0x3122, 0x3122, 0x3122, 0x3122, 0x3122, 0x3122, 0x3122,
  0x0511, 0x0511, 0xE510, 0xE510, 0xE510, 0x0611, 0xE508, 0xAB21, 0x3122, 0x3122, 0x3122, 0x3122,
  0x3122, 0x3122, 0x3122, 0x3122, 0x3122, 0x0F22, 0x6821, 0x6631, 0x6731, 0x8731, 0x6731, 0x6731,
  0x8731, 0x8731, 0x6731, 0x0521, 0xE520, 0x0621, 0x0621, 0xE620, 0x0621, 0x0521, 0x2621, 0x2719,
  0x2E2A, 0x3122, 0x3122, 0x3122, 0x3122, 0x3122, 0x3122, 0x3122, 0x3122, 0x3122, 0x3122, 0x3122,
  0x2811, 0xE608, 0x0511, 0x0511, 0xE508, 0xE708, 0x3122, 0x3122, 0x3122, 0x3122, 0x3122, 0x3122,
  0x3122, 0x3122, 0x3122, 0x3122, 0x3122, 0x3122, 0x3122, 0x3122, 0x3122, 0x3122, 0x3122, 0x3122,
  0x3122, 0x3122, 0x3122, 0x3122, 0x3122, 0x3122, 0x3122, 0x3122, 0x3122, 0x3122, 0x3122, 0x3122,
  0x3122, 0x3122, 0x3122, 0x3122, 0x3122, 0x3122, 0x3122, 0x3122, 0x3122, 0x3122, 0x3122, 0x3122,
  0x3122, 0x3122, 0x3122, 0x3122, 0x3122, 0x3122, 0x3122, 0x3122, 0x3122, 0x3122, 0x3122, 0x3122,
  0x3122, 0x3122, 0x3122, 0x3122, 0x3122, 0x3122, 0x3122, 0x3122, 0x3122, 0x3122, 0x3122, 0x3122,
  0x0511, 0x2511, 0x0511, 0x2511, 0x0511, 0xAA21, 0xED21, 0xEF21, 0x3122, 0x3122, 0x3122, 0x3122,
  0x3122, 0x3122, 0x3122, 0x3122, 0x3122, 0x3122, 0x6821, 0x8831, 0x6731, 0x6731, 0x6731, 0x6731,
  0x8731, 0x6731, 0x6731, 0x6729, 0x4729, 0x0621, 0x0621, 0x0621, 0x0521, 0x0621, 0x8921, 0x8B19,
  0x3122, 0x3122, 0x3122, 0x3122, 0x3122, 0x3122, 0x3122, 0x3122, 0x3122, 0x3122, 0x3122, 0x3122,
  0x2F2A, 0xAC19, 0xAB21, 0xAA19, 0xAB19, 0xEE21, 0x3122, 0x3122, 0x3122, 0x3122, 0x3122, 0x3122,
  0x3122, 0x3122, 0x3122, 0x3122, 0x3122, 0x3122, 0x3122, 0x3122, 0x3122, 0x3122, 0x3122, 0x3122,
  0x3122, 0x3122, 0x3122, 0x3122, 0x3122, 0x3122, 0x3122, 0x3122, 0x3122, 0x3122, 0x3122, 0x3122,
  0x3122, 0x3122, 0x3122, 0x3122, 0x3122, 0x3122, 0x3122, 0x3122, 0x3122, 0x3122, 0x3122, 0x3122,
  0x3122, 0x3122, 0x3122, 0x3122, 0x3122, 0x3122, 0x3122, 0x3122, 0x3122, 0x3122, 0x3122, 0x3122,
  0x3122, 0x3122, 0x3122, 0x3122, 0x3122, 0x3122, 0x3122, 0x3122, 0x3122, 0x3122, 0x3122, 0x3122,
  0x0611, 0xE508, 0x0511, 0x0509, 0x0709, 0xAC19, 0x3122, 0x3122, 0x3122, 0x3122, 0x3122, 0x3122,
  0x3122, 0x3122, 0x3122, 0x3122, 0x3122, 0x3122, 0x0D2A, 0x8829, 0x6731, 0x6731, 0x6731, 0x6731,
  0x6731, 0x6731, 0x6731, 0x6731, 0x6831, 0x0621, 0x0621, 0x0621, 0x0521, 0x2719, 0x0E22, 0x3122,
  0x3122, 0x3122, 0x3122, 0x3122, 0x3122, 0x3122, 0x3122, 0x3122, 0x3122, 0x3122, 0x3122, 0x3122,
  0x3122, 0x3122, 0x3122, 0x3122, 0x3122, 0x3122, 0x3122, 0x3122, 0x3122, 0x3122, 0x3122, 0x3122,
  0x3122, 0x3122, 0x3122, 0x3122, 0x3122, 0x3122, 0x3122, 0x3122, 0x3122, 0x3122, 0x3122, 0x3122,
  0x3122, 0x3122, 0x3122, 0x3122, 0x3122, 0x3122, 0x3122, 0x3122, 0x3122, 0x3122, 0x3122, 0x3122,
  0x3122, 0x3122, 0x3122, 0x3122, 0x3122, 0x3122, 0x3122, 0x3122, 0x3122, 0x3122, 0x3122, 0x3122,
  0x3122, 0x3122, 0x3122, 0x3122, 0x3122, 0x3122, 0x3122, 0x3122, 0x3122, 0x3122, 0x3122, 0x3122,
  0x3122, 0x3122, 0x3122, 0x3122, 0x3122, 0x3122, 0x3122, 0x3122, 0x3122, 0x3122, 0x3122, 0x3122,
  0x0F2A, 0x0F2A, 0x0F2A, 0x0F2A, 0x0F22, 0x3122, 0x3122, 0x3122, 0x3122, 0x3122, 0x3122, 0x3122,
  0x3122, 0x3122, 0x3122, 0x3122, 0x3122, 0x3122, 0x0F2A, 0x0D32, 0x6731, 0x6731, 0x6731, 0x6731,
  0x6731, 0x6731, 0x6731, 0x8831, 0x8831, 0x0621, 0x0621, 0xE620, 0x0521, 0x2719, 0x3122, 0x3122,
  0x3122, 0x3122, 0x3122, 0x3122, 0x3122, 0x3122, 0x3122, 0x3122, 0x3122, 0x3122, 0x3122, 0x3122,
  0x3122, 0x3122, 0x3122, 0x3122, 0x3122, 0x3122, 0x3122, 0x3122, 0x3122, 0x3122, 0x3122, 0x3122,
  0x3122, 0x3122, 0x3122, 0x3122, 0x3122, 0x3122, 0x3122, 0x3122, 0x3122, 0x3122, 0x3122, 0x3122,
  0x3122, 0x3122, 0x3122, 0x3122, 0x3122, 0x3122, 0x3122, 0x3122, 0x3122, 0x3122, 0x3122, 0x3122,
  0x3122, 0x3122, 0x3122, 0x3122, 0x3122, 0x3122, 0x3122, 0x3122, 0x3122, 0x3122, 0x3122, 0x3122,
  0x3122, 0x3122, 0x3122, 0x3122, 0x3122, 0x3122, 0x3122, 0x3122, 0x3122, 0x3122, 0x3122, 0x3122,
  0x3122, 0x3122, 0x3122, 0x3122, 0x3122, 0x3122, 0x3122, 0x3122, 0x3122, 0x3122, 0x3122, 0x3122,
  0x3122, 0x3122, 0x3122, 0x3122, 0x3122, 0x3122, 0x3122, 0x3122, 0x3122, 0x3122, 0x3122, 0x3122,
  0x3122, 0x3122, 0x3122, 0x3122, 0x3122, 0x3122, 0x3122, 0x0E2A, 0x8731, 0x6831, 0x6731, 0x6731,
  0x6731, 0x6731, 0x8831, 0x6831, 0x0629, 0xE620, 0xE620, 0x0721, 0x0621, 0x2721, 0x0F22, 0x3122,
  0x3122, 0x3122, 0x3122, 0x3122, 0x3122, 0x3122, 0x3122, 0x3122, 0x3122, 0x3122, 0x3122, 0x3122,
  0x3122, 0x3122, 0x3122, 0x3122, 0x3122, 0x3122, 0x3122, 0x3122, 0x3122, 0x3122, 0x3122, 0x3122,
  0x3122, 0x3122, 0x3122, 0x3122, 0x3122, 0x3122, 0x3122, 0x3122, 0x3122, 0x3122, 0x3122, 0x3122,
  0x3122, 0x3122, 0x3122, 0x3122, 0x3122, 0x3122, 0x3122, 0x3122, 0x3122, 0x3122, 0x3122, 0x3122,
  0x3122, 0x3122, 0x3122, 0x3122, 0x3122, 0x3122, 0x3122, 0x3122, 0x3122, 0x3122, 0x3122, 0x3122,
  0x3122, 0x3122, 0x3122, 0x3122, 0x3122, 0x3122, 0x3122, 0x3122, 0x3122, 0x3122, 0x3122, 0x3122,
  0x3122, 0x3122, 0x3122, 0x3122, 0x3122, 0x3122, 0x3122, 0x3122, 0x3122, 0x3122, 0x3122, 0x3122,
  0x3122, 0x3122, 0x3122, 0x3122, 0x3122, 0x3122, 0x3122, 0x3122, 0x3122, 0x3122, 0x3122, 0x3122,
  0x3122, 0x3122, 0x3122, 0x3122, 0x3122, 0x3122, 0x3122, 0x0F2A, 0x8731, 0x6831, 0x6831, 0x6731,
  0x8831, 0x8731, 0x6731, 0xE520, 0xE520, 0xE620, 0xE620, 0x0721, 0x0621, 0x0621, 0x0F2A, 0x3122,
  0x3122, 0x3122, 0x3122, 0x3122, 0x3122, 0x3122, 0x3122, 0x3122, 0x3122, 0x3122, 0x3122, 0x3122,
  0x3122, 0x3122, 0x3122, 0x3122, 0x3122, 0x3122, 0x3122, 0x3122, 0x3122, 0x3122, 0x3122, 0x3122,
  0x3122, 0x3122, 0x3122, 0x3122, 0x3122, 0x3122, 0x3122, 0x3122, 0x3122, 0x3122, 0x3122, 0x3122,
  0x3122, 0x3122, 0x3122, 0x3122, 0x3122, 0x3122, 0x3122, 0x3122, 0x3122, 0x3122, 0x3122, 0x3122,
  0x3122, 0x3122, 0x3122, 0x3122, 0x3122, 0x3122, 0x3122, 0x3122, 0x3122, 0x3122, 0x3122, 0x3122,
  0x3122, 0x3122, 0x3122, 0x3122, 0x3122, 0x3122, 0x3122, 0x3122, 0x3122, 0x3122, 0x3122, 0x3122,
  0x3122, 0x3122, 0x3122, 0x3122, 0x3122, 0x3122, 0x3122, 0x3122, 0x3122, 0x3122, 0x3122, 0x3122,
  0x3122, 0x3122, 0x3122, 0x3122, 0x3122, 0x3122, 0x3122, 0x3122, 0x3122, 0x3122, 0x3122, 0x3122,
  0x3122, 0x3122, 0x3122, 0x3122, 0x3122, 0x3122, 0x3122, 0x0F2A, 0x8631, 0x6831, 0x6731, 0x6731,
  0x8731, 0x6731, 0x6731, 0x0521, 0x0621, 0x0621, 0x0621, 0xE620, 0xE620, 0x2621, 0x2F2A, 0x3122,
  0x3122, 0x3122, 0x3122, 0x3122, 0x3122, 0x3122, 0x3122, 0x3122, 0x3122, 0x3122, 0x3122, 0x3122,
  0x3122, 0x3122, 0x3122, 0x3122, 0x3122, 0x3122, 0x3122, 0x3122, 0x3122, 0x3122, 0x3122, 0x3122,
  0x3122, 0x3122, 0x3122, 0x2F2A, 0x0F22, 0x3122, 0x3122, 0x3122, 0x3122, 0x3122, 0x3122, 0x3122,
  0x3122, 0x3122, 0x3122, 0x3122, 0x3122, 0x3122, 0x3122, 0x3122, 0x3122, 0x3122, 0x3122, 0x3122,
  0x3122, 0x3122, 0x3122, 0x3122, 0x3122, 0x3122, 0x3122, 0x3122, 0x3122, 0x3122, 0x3122, 0x3122,
  0x3122, 0x3122, 0x3122, 0x3122, 0x3122, 0x3122, 0x3122, 0x3122, 0x3122, 0x3122, 0x3122, 0x3122,
  0x3122, 0x3122, 0x3122, 0x3122, 0x3122, 0x3122, 0x3122, 0x3122, 0x3122, 0x3122, 0x3122, 0x3122,
  0x3122, 0x3122, 0x3122, 0x3122, 0x3122, 0x3122, 0x3122, 0x3122, 0x3122, 0x3122, 0x3122, 0x3122,
  0x3122, 0x3122, 0x3122, 0x3122, 0x3122, 0x3122, 0x3122, 0x0F2A, 0x8631, 0x6731, 0x6731, 0x6731,
  0x6731, 0x6731, 0x6731, 0x8831, 0x6831, 0x0621, 0x0621, 0xE620, 0xE620, 0x2619, 0x2F22, 0x3122,
  0x3122, 0x3122, 0x3122, 0x3122, 0x3122, 0x3122, 0x3122, 0x3122, 0x3122, 0x3122, 0x3122, 0x3122,
  0x3122, 0x3122, 0x3122, 0x3122, 0x3122, 0x3122, 0x3122, 0x3122, 0x3122, 0x3122, 0x3122, 0x2E2A,
  0x0D2A, 0x2C2A, 0x2C2A, 0x0C2A, 0x0D22, 0x0E22, 0x3122, 0x3122, 0x3122, 0x3122, 0x3122, 0x3122,
  0x3122, 0x3122, 0x3122, 0x3122, 0x3122, 0x3122, 0x3122, 0x3122, 0x3122, 0x3122, 0x3122, 0x3122,
  0x3122, 0x3122, 0x3122, 0x3122, 0x3122, 0x3122, 0x3122, 0x3122, 0x3122, 0x3122, 0x3122, 0x3122,
  0x3122, 0x3122, 0x3122, 0x3122, 0x3122, 0x3122, 0x3122, 0x3122, 0x3122, 0x3122, 0x3122, 0x3122,
  0x3122, 0x3122, 0x3122, 0x3122, 0x3122, 0x3122, 0x3122, 0x3122, 0x3122, 0x3122, 0x3122, 0x3122,
  0x3122, 0x3122, 0x3122, 0x3122, 0x3122, 0x3122, 0x3122, 0x3122, 0x3122, 0x3122, 0x3122, 0x3122,
  0x3122, 0x3122, 0x3122, 0x3122, 0x3122, 0x3122, 0x3122, 0x0F2A, 0x8831, 0x6731, 0x6731, 0x6731,
  0x6731, 0x6731, 0x6731, 0x6731, 0x6831, 0xE520, 0x0621, 0x0621, 0x0621, 0x2721, 0x0F2A, 0x3122,
  0x3122, 0x3122, 0x3122, 0x3122, 0x3122, 0x3122, 0x3122, 0x3122, 0x3122, 0x3122, 0x3122, 0x3122,
  0x3122, 0x3122, 0x3122, 0x3122, 0x3122, 0x3122, 0x3122, 0x3122, 0x3122, 0x3122, 0x0E2A, 0x0B22,
  0x092A, 0x082A, 0xE929, 0xE929, 0xE921, 0xEA21, 0x0D22, 0x0F2A, 0x3122, 0x3122, 0x3122, 0x3122,
  0x3122, 0x3122, 0x3122, 0x3122, 0x3122, 0x3122, 0x3122, 0x3122, 0x3122, 0x3122, 0x3122, 0x3122,
  0x3122, 0x3122, 0x3122, 0x3122, 0x3122, 0x3122, 0x3122, 0x3122, 0x3122, 0x3122, 0x3122, 0x3122,
  0x3122, 0x3122, 0x3122, 0x3122, 0x3122, 0x3122, 0x3122, 0x3122, 0x3122, 0x3122, 0x3122, 0x3122,
  0x3122, 0x3122, 0x3122, 0x3122, 0x3122, 0x3122, 0x3122, 0x3122, 0x3122, 0x3122, 0x3122, 0x3122,
  0x3122, 0x3122, 0x3122, 0x3122, 0x3122, 0x3122, 0x3122, 0x3122, 0x3122, 0x3122, 0x3122, 0x3122,
  0x3122, 0x3122, 0x3122, 0x3122, 0x3122, 0x3122, 0x3122, 0x0F2A, 0x6729, 0x8731, 0xC939, 0x6731,
  0x6731, 0x6731, 0x6731, 0x6731, 0x6831, 0x0621, 0x0621, 0x0621, 0x0621, 0x2721, 0x0F2A, 0x3122,
  0x3122, 0x3122, 0x3122, 0x3122, 0x3122, 0x3122, 0x3122, 0x3122, 0x3122, 0x3122, 0x3122, 0x3122,
  0x3122, 0x3122, 0x3122, 0x3122, 0x3122, 0x3122, 0x3122, 0x0F22, 0x2C2A, 0x0B22, 0x0B2A, 0x0A2A,
  0xE821, 0xE821, 0xE921, 0xC821, 0xE921, 0xE921, 0xC821, 0xE821, 0xE821, 0xE921, 0xE921, 0x0B22,
  0x3122, 0x3122, 0x3122, 0x3122, 0x3122, 0x3122, 0x3122, 0x3122, 0x3122, 0x3122, 0x3122, 0x3122,
  0x3122, 0x3122, 0x3122, 0x3122, 0x3122, 0x3122, 0x3122, 0x3122, 0x3122, 0x3122, 0x3122, 0x3122,
  0x3122, 0x3122, 0x3122, 0x3122, 0x3122, 0x3122, 0x3122, 0x3122, 0x3122, 0x3122, 0x3122, 0x3122,
  0x3122, 0x3122, 0x3122, 0x3122, 0x3122, 0x3122, 0x3122, 0x3122, 0x3122, 0x3122, 0x3122, 0x3122,
  0x3122, 0x3122, 0x3122, 0x3122, 0x3122, 0x3122, 0x3122, 0x3122, 0x3122, 0x3122, 0x3122, 0x3122,
  0x3122, 0x3122, 0x3122, 0x3122, 0x3122, 0x3122, 0x3122, 0x0F2A, 0x8731, 0x8731, 0x8731, 0x6731,
  0x6731, 0x6731, 0x6731, 0x6731, 0x6831, 0xE620, 0x0621, 0x0621, 0x0621, 0x2721, 0x0F2A, 0x3122,
  0x3122, 0x3122, 0x3122, 0x3122, 0x3122, 0x3122, 0x3122, 0x3122, 0x3122, 0x3122, 0x3122, 0x3122,
  0x3122, 0x3122, 0x3122, 0x3122, 0x3122, 0x3122, 0x0F2A, 0x0C22, 0xE821, 0x092A, 0x0A2A, 0x092A,
  0x092A, 0xC821, 0xC821, 0xC821, 0xC821, 0xC921, 0xE821, 0xE821, 0xC721, 0xC721, 0xC821, 0xEB21,
  0xEC21, 0x3122, 0x3122, 0x3122, 0x3122, 0x3122, 0x3122, 0x3122, 0x3122, 0x3122, 0x3122, 0x3122,
  0x3122, 0x3122, 0x3122, 0x3122, 0x3122, 0x3122, 0x3122, 0x3122, 0x3122, 0x3122, 0x3122, 0x3122,
  0x3122, 0x3122, 0x3122, 0x3122, 0x3122, 0x3122, 0x3122, 0x3122, 0x3122, 0x3122, 0x3122, 0x3122,
  0x3122, 0x3122, 0x3122, 0x3122, 0x3122, 0x3122, 0x3122, 0x3122, 0x3122, 0x3122, 0x3122, 0x3122,
  0x3122, 0x3122, 0x3122, 0x3122, 0x3122, 0x3122, 0x3122, 0x3122, 0x3122, 0x3122, 0x3122, 0x3122,
  0x3122, 0x3122, 0x3122, 0x3122, 0x3122, 0x3122, 0x3122, 0x0F2A, 0x8731, 0x8831, 0x6629, 0x6731,
  0x6731, 0x6731, 0x6731, 0x6731, 0x6831, 0xE620, 0x0621, 0x0621, 0x0621, 0x2721, 0x0F2A, 0x3122,
  0x3122, 0x3122, 0x3122, 0x3122, 0x3122, 0x3122, 0x3122, 0x3122, 0x3122, 0x3122, 0x3122, 0x3122,
  0x3122, 0x3122, 0x3122, 0x3122, 0x3122, 0x3122, 0x0C2A, 0x092A, 0x092A, 0x0A2A, 0xEA29, 0x0A2A,
  0x092A, 0xE821, 0x0A2A, 0xA719, 0xC721, 0xE821, 0xE921, 0xC921, 0xE921, 0xE921, 0xC921, 0xC921,
  0xA819, 0x2F2A, 0x3122, 0x3122, 0x3122, 0x3122, 0x3122, 0x3122, 0x3122, 0x3122, 0x3122, 0x3122,
  0x3122, 0x3122, 0x3122, 0x3122, 0x3122, 0x3122, 0x3122, 0x3122, 0x3122, 0x3122, 0x3122, 0x3122,
  0x3122, 0x3122, 0x3122, 0x3122, 0x3122, 0x3122, 0x3122, 0x3122, 0x3122, 0x3122, 0x3122, 0x3122,
  0x3122, 0x3122, 0x3122, 0x3122, 0x3122, 0x3122, 0x3122, 0x3122, 0x3122, 0x3122, 0x3122, 0x3122,
  0x3122, 0x3122, 0x3122, 0x3122, 0x3122, 0x3122, 0x3122, 0x3122, 0x3122, 0x3122, 0x3122, 0x3122,
  0x3122, 0x3122, 0x3122, 0x3122, 0x3122, 0x3122, 0x3122, 0x0F2A, 0x8731, 0x6731, 0x6731, 0x6731,
  0x6731, 0x6731, 0x6731, 0x0521, 0x0629, 0xE620, 0x0721, 0x0621, 0x0621, 0x2721, 0x0F2A, 0x3122,
  0x3122, 0x3122, 0x3122, 0x3122, 0x3122, 0x3122, 0x3122, 0x3122, 0x3122, 0x3122, 0x3122, 0x3122,
  0x3122, 0x3122, 0x3122, 0x3122, 0x0F2A, 0x2C2A, 0x0A2A, 0x092A, 0x092A, 0xE929, 0x0A2A, 0xE921,
  0xE921, 0xC721, 0xE821, 0xE821, 0xE821, 0xE921, 0xE921, 0xE921, 0xC821, 0xE821, 0xC821, 0x092A,
  0x2B2A, 0x0E2A, 0x3122, 0x3122, 0x3122, 0x3122, 0x3122, 0x3122, 0x3122, 0x3122, 0x3122, 0x3122,
  0x3122, 0x3122, 0x3122, 0x3122, 0x3122, 0x3122, 0x3122, 0x3122, 0x3122, 0x3122, 0x3122, 0x3122,
  0x3122, 0x3122, 0x3122, 0x3122, 0x3122, 0x3122, 0x3122, 0x3122, 0x3122, 0x3122, 0x3122, 0x3122,
  0x3122, 0x3122, 0x3122, 0x3122, 0x3122, 0x3122, 0x3122, 0x3122, 0x3122, 0x3122, 0x3122, 0x3122,
  0x3122, 0x3122, 0x3122, 0x3122, 0x3122, 0x3122, 0x3122, 0x3122, 0x3122, 0x3122, 0x3122, 0x3122,
  0x3122, 0x3122, 0x3122, 0x3122, 0x3122, 0x3122, 0x3122, 0x0E2A, 0x8731, 0x6731, 0x6731, 0x6731,
  0x6731, 0x6731, 0x6731, 0x2529, 0x2629, 0x0621, 0x0621, 0x0621, 0x0621, 0x2721, 0x0F2A, 0x3122,
  0x3122, 0x3122, 0x3122, 0x3122, 0x3122, 0x3122, 0x3122, 0x3122, 0x3122, 0x3122, 0x3122, 0x3122,
  0x3122, 0x3122, 0x3122, 0x3122, 0x0C22, 0x092A, 0x092A, 0x092A, 0x092A, 0x092A, 0x092A, 0xE821,
  0xE921, 0xC821, 0xC821, 0xE821, 0xE921, 0xE921, 0xE921, 0xE821, 0xC721, 0xE821, 0xE821, 0xE921,
  0x2B2A, 0x0D2A, 0x3122, 0x3122, 0x0F22, 0x0F2A, 0x3122, 0x3122, 0x3122, 0x3122, 0x3122, 0x3122,
  0x3122, 0x3122, 0x3122, 0x3122, 0x3122, 0x3122, 0x3122, 0x3122, 0x3122, 0x3122, 0x3122, 0x3122,
  0x3122, 0x3122, 0x3122, 0x3122, 0x3122, 0x3122, 0x3122, 0x3122, 0x3122, 0x3122, 0x3122, 0x3122,
  0x3122, 0x3122, 0x3122, 0x3122, 0x3122, 0x3122, 0x3122, 0x3122, 0x3122, 0x3122, 0x3122, 0x3122,
  0x3122, 0x3122, 0x3122, 0x3122, 0x3122, 0x3122, 0x3122, 0x3122, 0x3122, 0x3122, 0x3122, 0x3122,
  0x3122, 0x3122, 0x3122, 0x3122, 0x3122, 0x3122, 0x3122, 0x0E2A, 0x8731, 0x6731, 0x6731, 0x6731,
  0x6731, 0x6731, 0x8731, 0x6831, 0x6831, 0x0621, 0x0621, 0xE620, 0x0621, 0x2721, 0x0F2A, 0x3122,
  0x3122, 0x3122, 0x3122, 0x3122, 0x3122, 0x3122, 0x3122, 0x3122, 0x3122, 0x3122, 0x3122, 0x3122,
  0x3122, 0x3122, 0x0F2A, 0x2C2A, 0xE821, 0xE821, 0xC821, 0xC921, 0xE821, 0xC821, 0xE821, 0xC821,
  0xA721, 0xA819, 0xA821, 0xA821, 0xE821, 0xC821, 0xC821, 0xE821, 0x292A, 0x092A, 0xC821, 0x0A2A,
  0xE829, 0x0A2A, 0x0B22, 0xEA21, 0xEA21, 0xE921, 0x0B22, 0x3122, 0x3122, 0x3122, 0x3122, 0x3122,
  0x3122, 0x3122, 0x3122, 0x3122, 0x3122, 0x3122, 0x3122, 0x3122, 0x3122, 0x3122, 0x3122, 0x3122,
  0x3122, 0x3122, 0x3122, 0x3122, 0x3122, 0x3122, 0x3122, 0x3122, 0x3122, 0x3122, 0x3122, 0x3122,
  0x3122, 0x3122, 0x3122, 0x3122, 0x3122, 0x3122, 0x3122, 0x3122, 0x3122, 0x3122, 0x3122, 0x3122,
  0x3122, 0x3122, 0x3122, 0x3122, 0x3122, 0x3122, 0x3122, 0x3122, 0x3122, 0x3122, 0x3122, 0x3122,
  0x3122, 0x3122, 0x3122, 0x0F2A, 0x0F2A, 0x0F2A, 0x0F2A, 0x0E2A, 0x8731, 0x6731, 0x6731, 0x6731,
  0x6731, 0x6731, 0x6731, 0x6731, 0x6831, 0x0621, 0xE620, 0x0621, 0x0621, 0x2721, 0x0F2A, 0x3122,
  0x3122, 0x3122, 0x3122, 0x3122, 0x3122, 0x3122, 0x3122, 0x3122, 0x3122, 0x3122, 0x3122, 0x3122,
  0x3122, 0x0E2A, 0x0B22, 0x092A, 0xE821, 0xE821, 0xE921, 0xC821, 0xC921, 0xE921, 0xC821, 0xA721,
  0xA821, 0xC821, 0xA821, 0xA821, 0xA721, 0xA821, 0xA821, 0xA821, 0x0A2A, 0xE929, 0x092A, 0xE929,
  0x0A2A, 0xE821, 0x0A2A, 0x092A, 0xE821, 0xE821, 0xEA21, 0x3122, 0x3122, 0x3122, 0x3122, 0x3122,
  0x3122, 0x3122, 0x3122, 0x3122, 0x3122, 0x3122, 0x3122, 0x3122, 0x3122, 0x3122, 0x3122, 0x3122,
  0x3122, 0x3122, 0x3122, 0x3122, 0x3122, 0x3122, 0x3122, 0x3122, 0x3122, 0x3122, 0x3122, 0x3122,
  0x3122, 0x3122, 0x3122, 0x3122, 0x3122, 0x3122, 0x3122, 0x3122, 0x3122, 0x3122, 0x3122, 0x3122,
  0x3122, 0x3122, 0x3122, 0x3122, 0x3122, 0x3122, 0x3122, 0x3122, 0x3122, 0x3122, 0x3122, 0x3122,
  0x3122, 0x3122, 0xAA21, 0x8829, 0x8729, 0x8729, 0x6F42, 0x9042, 0x8831, 0x8731, 0x6731, 0x8731,
  0x8731, 0x6731, 0x8731, 0x6731, 0x6831, 0xE620, 0x0621, 0x0621, 0xE620, 0x2721, 0x2F22, 0x3122,
  0x3122, 0x3122, 0x3122, 0x3122, 0x3122, 0x3122, 0x3122, 0x3122, 0x3122, 0x0D2A, 0x0A22, 0xE921,
  0xE921, 0xE921, 0x0A2A, 0x2A2A, 0xC821, 0xC821, 0xC821, 0xE821, 0x092A, 0xC821, 0xC821, 0xA821,
  0xA721, 0xA819, 0xA821, 0xA821, 0xA821, 0xA821, 0xC921, 0xC821, 0x092A, 0xE821, 0xE921, 0xE921,
  0xE821, 0xE921, 0x2B2A, 0xE921, 0xE921, 0xA719, 0x8719, 0xCA21, 0x2F22, 0x3122, 0x3122, 0x3122,
  0x3122, 0x3122, 0x3122, 0x3122, 0x3122, 0x3122, 0x3122, 0x3122, 0x3122, 0x3122, 0x3122, 0x3122,
  0x3122, 0x3122, 0x3122, 0x3122, 0x3122, 0x3122, 0x3122, 0x3122, 0x3122, 0x3122, 0x3122, 0x3122,
  0x3122, 0x3122, 0x3122, 0x3122, 0x3122, 0x3122, 0x3122, 0x3122, 0x3122, 0x3122, 0x3122, 0x3122,
  0xED21, 0xAB19, 0x3122, 0x3122, 0x3122, 0x3122, 0x3122, 0x3122, 0x3122, 0x3122, 0x3122, 0x3122,
  0x3122, 0x913A, 0x6E3A, 0x2629, 0x8831, 0x6729, 0x8829, 0x6829, 0x4721, 0x2621, 0x8831, 0x6731,
  0x6731, 0x6731, 0x6631, 0x6731, 0x6731, 0x0621, 0xE620, 0xE620, 0x0521, 0x2721, 0x2F22, 0x3122,
  0x3122, 0x3122, 0x3122, 0x3122, 0x3122, 0x3122, 0x3122, 0x3122, 0x0D2A, 0x0922, 0x0A2A, 0xE921,
  0xE921, 0xE921, 0xC821, 0xE821, 0xC821, 0xE921, 0xE921, 0xE921, 0xA821, 0xA821, 0xA721, 0xC819,
  0xA821, 0xA721, 0xA721, 0xA721, 0xC921, 0xC821, 0xE821, 0xE821, 0xE921, 0xE821, 0xC821, 0xC821,
  0xC821, 0xE921, 0xC821, 0xC821, 0x8619, 0xA721, 0x6619, 0x6619, 0x2D22, 0x3122, 0x3122, 0x3122,
  0x3122, 0x3122, 0x3122, 0x3122, 0x3122, 0x3122, 0x3122, 0x3122, 0x3122, 0x3122, 0x3122, 0x3122,
  0x3122, 0x3122, 0x3122, 0x3122, 0x3122, 0x3122, 0x3122, 0x3122, 0x3122, 0x3122, 0x3122, 0x3122,
  0x3122, 0x3122, 0x3122, 0x3122, 0x3122, 0x3122, 0x3122, 0x3122, 0x3122, 0x3122, 0x3122, 0x3122,
  0xC821, 0x0A22, 0x2E2A, 0x3122, 0x3122, 0x3122, 0x3122, 0x3122, 0x3122, 0x3122, 0x3122, 0x3122,
  0x0F2A, 0xB242, 0x4821, 0x0521, 0x6831, 0x0521, 0x6729, 0x6729, 0x2621, 0xE520, 0x6729, 0x8831,
  0x6731, 0x6731, 0x6731, 0x8731, 0x8831, 0xE520, 0x0621, 0xE620, 0x0621, 0x2721, 0x2F22, 0x3122,
  0x3122, 0x3122, 0x3122, 0x3122, 0x3122, 0x3122, 0x3122, 0x0D2A, 0x2B2A, 0x0A2A, 0x092A, 0xE821,
  0xE921, 0xE921, 0xE821, 0xE821, 0xE921, 0xE821, 0xA721, 0xA719, 0xA821, 0xA821, 0xA821, 0xC719,
  0xC821, 0xA721, 0xA721, 0xC721, 0xE821, 0xE821, 0xE821, 0xE821, 0xC721, 0xE821, 0xE921, 0xE921,
  0xE921, 0xA719, 0x8719, 0xA721, 0xC821, 0xC821, 0x8719, 0x6619, 0x8919, 0x3122, 0x3122, 0x3122,
  0x3122, 0x3122, 0x3122, 0x3122, 0x3122, 0x3122, 0x3122, 0x3122, 0x3122, 0x3122, 0x3122, 0x3122,
  0x3122, 0x3122, 0x3122, 0x3122, 0x3122, 0x3122, 0x3122, 0x3122, 0x3122, 0x3122, 0x3122, 0x3122,
  0x3122, 0x3122, 0x3122, 0x3122, 0x3122, 0x3122, 0x3122, 0x3122, 0x3122, 0x3122, 0x3122, 0x3122,
  0x4519, 0x2511, 0x6711, 0xAC19, 0x3122, 0x3122, 0x3122, 0x3122, 0x3122, 0x3122, 0x3122, 0x8919,
  0x4719, 0x0621, 0x8831, 0x8731, 0x8829, 0x4F3A, 0x2521, 0x0521, 0xE520, 0x8831, 0x6E3A, 0x8729,
  0x8731, 0x6729, 0x8731, 0x2629, 0x2629, 0x0621, 0x0621, 0x0621, 0x0621, 0x2721, 0x3122, 0x3122,
  0x3122, 0x3122, 0x3122, 0x3122, 0x3122, 0x3122, 0x0D22, 0xE921, 0xE921, 0xE921, 0x092A, 0xE821,
  0xE921, 0xE921, 0xE821, 0xE821, 0xC821, 0xC821, 0xC821, 0xA721, 0xA821, 0xA821, 0xA821, 0x6619,
  0x6619, 0xA821, 0xA721, 0xA721, 0xC721, 0xC821, 0xC821, 0xC821, 0xE821, 0xE821, 0xA821, 0xA821,
  0xA821, 0x8719, 0x8619, 0x8619, 0x6619, 0x2511, 0x6619, 0x6619, 0x4611, 0xAB19, 0x2F2A, 0x3122,
  0x3122, 0x3122, 0x3122, 0x3122, 0x3122, 0x3122, 0x3122, 0x3122, 0x3122, 0x3122, 0x3122, 0x3122,
  0x3122, 0x3122, 0x3122, 0x3122, 0x3122, 0x3122, 0x3122, 0x3122, 0x3122, 0x3122, 0x3122, 0x3122,
  0x3122, 0x3122, 0x3122, 0x3122, 0x3122, 0x3122, 0x3122, 0x3122, 0x3122, 0x3122, 0x3122, 0x3122,
  0x6519, 0x6519, 0x4519, 0x4719, 0x0E2A, 0x2F2A, 0x3122, 0x3122, 0x3122, 0x3122, 0x0F2A, 0x4819,
  0x4621, 0x8729, 0x6731, 0xA831, 0xA829, 0x9042, 0x4729, 0x0521, 0x0621, 0x6829, 0x8F42, 0x2C3A,
  0x6731, 0x6731, 0x6731, 0x0521, 0x0621, 0x0621, 0x0621, 0x0621, 0x0521, 0x2621, 0x0F22, 0x3122,
  0x3122, 0x3122, 0x3122, 0x3122, 0x3122, 0x4E2A, 0x2B2A, 0xC921, 0xE921, 0x092A, 0xE921, 0xC821,
  0xC821, 0xE821, 0xE921, 0xC821, 0xC821, 0xA721, 0xA719, 0xC821, 0x8721, 0x8721, 0xA729, 0x2519,
  0x4621, 0x8721, 0xA821, 0xC821, 0xC821, 0xA721, 0xC821, 0x092A, 0x092A, 0xE929, 0xA821, 0xA821,
  0xA821, 0xA821, 0xA721, 0x4519, 0x4619, 0x4619, 0x4619, 0x6619, 0x4519, 0x4611, 0xCB19, 0x3122,
  0x3122, 0x3122, 0x3122, 0x3122, 0x3122, 0x3122, 0x3122, 0x3122, 0x3122, 0x3122, 0x3122, 0x3122,
  0x3122, 0x3122, 0x3122, 0x3122, 0x3122, 0x3122, 0x3122, 0x3122, 0x3122, 0x3122, 0x3122, 0x3122,
  0x3122, 0x3122, 0x3122, 0x3122, 0x3122, 0x3122, 0x3122, 0x3122, 0x3122, 0x3122, 0x3122, 0x3122,
  0xE621, 0x282A, 0x4411, 0x4519, 0x4519, 0x4511, 0x6711, 0xAA19, 0x3122, 0x3122, 0x3122, 0xB23A,
  0x6E3A, 0x2621, 0x6731, 0x8831, 0x2621, 0x6829, 0x0621, 0xE520, 0x0621, 0x0621, 0x2721, 0x0621,
  0x6731, 0x6731, 0x6731, 0x0521, 0x0521, 0xE520, 0x0621, 0x0629, 0x0621, 0x2721, 0x0F22, 0x3122,
  0x3122, 0x3122, 0x3122, 0x3122, 0x3122, 0x0C22, 0xE921, 0xE821, 0xC821, 0xA719, 0xC821, 0xA719,
  0xA721, 0xA721, 0xC821, 0xE821, 0xA719, 0xC821, 0xC921, 0x6619, 0x4519, 0x8729, 0x8729, 0x6729,
  0x8829, 0x2519, 0x4519, 0x8719, 0x6719, 0xA721, 0xC719, 0xE821, 0xC821, 0xA821, 0x8829, 0x2521,
  0x6619, 0x6519, 0x6519, 0x4519, 0x4619, 0x4619, 0x4619, 0x4619, 0x2511, 0x6619, 0xEC21, 0x3122,
  0x3122, 0x3122, 0x3122, 0x3122, 0x3122, 0x3122, 0x3122, 0x3122, 0x3122, 0x3122, 0x3122, 0x3122,
  0x3122, 0x3122, 0x3122, 0x3122, 0x3122, 0x3122, 0x3122, 0x3122, 0x3122, 0x3122, 0x3122, 0x3122,
  0x3122, 0x3122, 0x3122, 0x2D2A, 0x0E2A, 0x3122, 0x3122, 0x3122, 0x3122, 0x3122, 0x3122, 0x3122,
  0xE729, 0x4832, 0x6319, 0x4519, 0x2611, 0x6619, 0x2411, 0xA921, 0x3122, 0x3122, 0x3122, 0x7232,
  0x913A, 0x2719, 0x8829, 0x0621, 0x0721, 0x2621, 0x2621, 0x0621, 0xE520, 0x0521, 0xE420, 0x0421,
  0x8629, 0x6629, 0x6731, 0x0521, 0xE520, 0x0521, 0x0421, 0x2521, 0x0519, 0x2719, 0x3122, 0x3122,
  0x3122, 0x3122, 0x2F2A, 0x3122, 0x3122, 0xEB21, 0xEA29, 0xC721, 0xC721, 0x4411, 0x8519, 0xC821,
  0xA721, 0xA721, 0xC721, 0xC821, 0x8719, 0xC821, 0xA719, 0x4511, 0x4619, 0xC929, 0x8729, 0x8729,
  0x6629, 0x2521, 0x2419, 0x4411, 0x6519, 0xA719, 0xA821, 0xA721, 0xE829, 0x2419, 0x6621, 0x2519,
  0x6619, 0x6519, 0x4411, 0x2411, 0x4619, 0x4619, 0x4619, 0x4519, 0x6719, 0x6911, 0x0E22, 0x3122,
  0x3122, 0x3122, 0x3122, 0x3122, 0x3122, 0x3122, 0x2F22, 0x3122, 0x3122, 0x3122, 0x3122, 0x3122,
  0x3122, 0x3122, 0x3122, 0x3122, 0x3122, 0x3122, 0x3122, 0x3122, 0x2E2A, 0x0F22, 0x3122, 0x3122,
  0x3122, 0x3122, 0x0E22, 0x0822, 0x092A, 0x0E22, 0x0F22, 0x3122, 0x0F22, 0x0F22, 0x3122, 0x3122,
  0x2411, 0x2311, 0x062A, 0x072A, 0x4411, 0xC721, 0x2732, 0x082A, 0x4711, 0x3122, 0x3122, 0x3122,
  0x3122, 0x3122, 0x3122, 0xB13A, 0x8F3A, 0x6C32, 0x4C3A, 0x4C3A, 0x6729, 0x6731, 0x6629, 0x0732,
  0x2832, 0xA629, 0x6731, 0xE520, 0xE620, 0x0621, 0x2419, 0x2832, 0x2319, 0x4619, 0x3122, 0x3122,
  0x3122, 0x0C22, 0x0922, 0x0B22, 0x3122, 0xEA21, 0x4511, 0xA721, 0xE721, 0x262A, 0x072A, 0x4411,
  0xA721, 0xA721, 0xA821, 0xA821, 0x4511, 0x6619, 0x6619, 0x4619, 0x4519, 0x4619, 0x4519, 0x8621,
  0xA729, 0x4519, 0x2419, 0x282A, 0xE729, 0x6719, 0x2619, 0x2419, 0x272A, 0x482A, 0x2411, 0x4619,
  0x4519, 0x082A, 0x292A, 0x4311, 0x4519, 0x4619, 0x4519, 0x4519, 0xEB21, 0x3122, 0x3122, 0x3122,
  0x3122, 0x3122, 0x3122, 0x3122, 0x3122, 0x0D22, 0x0A22, 0x0C22, 0x3122, 0x3122, 0x3122, 0x3122,
  0x3122, 0x3122, 0x3122, 0x3122, 0x3122, 0x3122, 0x3122, 0x2F22, 0x0A22, 0x0C22, 0x3122, 0x3122,
  0x3122, 0x3122, 0x0F2A, 0x082A, 0x262A, 0x092A, 0x0B22, 0x3122, 0x0B22, 0x0922, 0x2F2A, 0x3122,
  0xE721, 0xE621, 0x072A, 0x062A, 0x8419, 0xE621, 0x262A, 0x072A, 0x4711, 0x0E22, 0x3122, 0x2F22,
  0x3122, 0x3122, 0x3122, 0x6F3A, 0x2932, 0x2A32, 0x6C3A, 0x4C3A, 0x6629, 0x8629, 0x8729, 0x0832,
  0x272A, 0xE731, 0x8629, 0x2521, 0x6629, 0xE620, 0x2521, 0x4732, 0xC629, 0x6719, 0x2F2A, 0x3122,
  0x0E22, 0x2B2A, 0x282A, 0x0B22, 0x0E22, 0x0922, 0xC621, 0xE721, 0xC521, 0x052A, 0x272A, 0x072A,
  0x6519, 0x4519, 0x6619, 0x6619, 0xA721, 0xA721, 0x6619, 0x4619, 0x4619, 0x4619, 0x6519, 0x282A,
  0x8521, 0x2521, 0x2419, 0x4732, 0x272A, 0x2519, 0x2619, 0x6521, 0x4832, 0x282A, 0x6519, 0x4519,
  0x4519, 0xE729, 0x472A, 0x6319, 0x4619, 0x4619, 0x4411, 0xE821, 0x0C22, 0x3122, 0x3122, 0x3122,
  0x3122, 0x3122, 0x2F22, 0x0F2A, 0x3122, 0x0C22, 0x272A, 0xC821, 0x0F22, 0x3122, 0x3122, 0x2F22,
  0x3122, 0x3122, 0x3122, 0x3122, 0x3122, 0x4F22, 0x3122, 0x2F22, 0x092A, 0xEA29, 0x0E2A, 0x2F22,
  0x3122, 0x2E2A, 0x0C2A, 0x282A, 0x262A, 0x272A, 0x0B22, 0x0D22, 0x092A, 0x282A, 0xEB21, 0xEC21,
  0xC721, 0x472A, 0x4732, 0x262A, 0x052A, 0x072A, 0x072A, 0xE729, 0x2511, 0xEC21, 0x0D22, 0x092A,
  0xEA21, 0x3122, 0xED21, 0xB042, 0x072A, 0x2932, 0x8D3A, 0x8B32, 0x472A, 0x072A, 0xA629, 0x6521,
  0x4732, 0x2732, 0x072A, 0x2732, 0xE729, 0x2521, 0x2419, 0x262A, 0x272A, 0x282A, 0x2E2A, 0x0E22,
  0x0A2A, 0x282A, 0x2732, 0xE929, 0x0C22, 0x0822, 0x472A, 0x262A, 0x4832, 0x272A, 0x272A, 0x2732,
  0xE629, 0x6519, 0x4519, 0x4519, 0xE729, 0xE729, 0x4419, 0x4519, 0x4519, 0x6619, 0x2411, 0x2832,
  0x6521, 0x2521, 0x2319, 0x2732, 0x2832, 0x4519, 0x2521, 0x4421, 0x2832, 0x2832, 0x4519, 0x4519,
  0x4411, 0xE621, 0x272A, 0x4319, 0x4519, 0x2519, 0x4419, 0x4932, 0xEA21, 0x3122, 0x3122, 0x3122,
  0x3122, 0x0D22, 0x2B2A, 0xE921, 0x0F2A, 0x0B22, 0x062A, 0x272A, 0x092A, 0x0F22, 0x0E2A, 0x0822,
  0x0B22, 0x3122, 0x3122, 0x2F22, 0x0A22, 0x4A2A, 0x3122, 0x0D22, 0x072A, 0x272A, 0x072A, 0x0922,
  0x0E2A, 0x0922, 0x062A, 0x262A, 0x062A, 0x062A, 0x0A22, 0x2E22, 0xE921, 0x262A, 0x062A, 0x272A,
  0xE621, 0x262A, 0x272A, 0x062A, 0x262A, 0x072A, 0x052A, 0x262A, 0xC621, 0x092A, 0x0A2A, 0x272A,
  0x272A, 0x2B2A, 0xA821, 0x2511, 0x272A, 0x262A, 0x072A, 0x062A, 0x262A, 0x2732, 0x072A, 0x2732,
  0x4732, 0x062A, 0x262A, 0x052A, 0x062A, 0x0832, 0x0832, 0x262A, 0x2732, 0x272A, 0x0822, 0x092A,
  0x292A, 0x072A, 0x4419, 0x8719, 0xC721, 0x0722, 0xE629, 0xE621, 0xE721, 0x4419, 0x6319, 0x262A,
  0x272A, 0x082A, 0x4519, 0x2411, 0xC621, 0x072A, 0x072A, 0x082A, 0xE721, 0x072A, 0x282A, 0x4832,
  0x2732, 0x2932, 0x272A, 0x4732, 0x4832, 0x2832, 0x2932, 0x2832, 0x2732, 0x4832, 0x4832, 0x282A,
  0x282A, 0x272A, 0x272A, 0x272A, 0x282A, 0x2832, 0x272A, 0x2732, 0xE729, 0x0B22, 0xEA21, 0xC921,
  0x0A22, 0x092A, 0x072A, 0x482A, 0xE821, 0x082A, 0x262A, 0x062A, 0x072A, 0xE921, 0xC821, 0x072A,
  0x082A, 0x0B22, 0x0B22, 0xE921, 0x082A, 0x2832, 0xC821, 0xE821, 0x272A, 0x052A, 0x262A, 0xE621,
  0xC721, 0x272A, 0x062A, 0x062A, 0x062A, 0x062A, 0xE721, 0x0922, 0x282A, 0x062A, 0x262A, 0x0622,
  0xE721, 0xE621, 0x072A, 0x272A, 0x262A, 0x062A, 0x052A, 0x0522, 0x052A, 0x272A, 0x2732, 0x262A,
  0x262A, 0x262A, 0x282A, 0x4411, 0x272A, 0x272A, 0x062A, 0x062A, 0x4832, 0x272A, 0x272A, 0x272A,
  0x272A, 0x472A, 0x052A, 0x052A, 0xE529, 0x4832, 0x072A, 0x062A, 0x2732, 0x262A, 0x262A, 0x472A,
  0x272A, 0xE729, 0x6519, 0x6511, 0xE621, 0xE621, 0xE621, 0xE621, 0xE721, 0x6619, 0x4419, 0x062A,
  0x062A, 0x282A, 0x4419, 0x4311, 0xE721, 0xE621, 0xE621, 0xE621, 0xE521, 0x472A, 0x262A, 0x4732,
  0x262A, 0x4732, 0x052A, 0x052A, 0x262A, 0x272A, 0x2732, 0x2732, 0x052A, 0x262A, 0x472A, 0x472A,
  0x272A, 0x262A, 0x4732, 0x4732, 0x062A, 0x262A, 0x4732, 0x262A, 0x4732, 0x272A, 0x072A, 0xE521,
  0x272A, 0x072A, 0x062A, 0x472A, 0x262A, 0x052A, 0x4732, 0x282A, 0x072A, 0x0722, 0x482A, 0x062A,
  0x2732, 0x272A, 0x282A, 0x272A, 0x4732, 0x272A, 0xE421, 0x472A, 0x062A, 0x062A, 0x072A, 0x062A,
  0x062A, 0x282A, 0x072A, 0xE421, 0x252A, 0x062A, 0x072A, 0x272A, 0x262A, 0x272A, 0x072A, 0x062A,
  0x6519, 0x4411, 0xE621, 0x062A, 0x072A, 0x272A, 0xE521, 0xE621, 0x262A, 0x072A, 0xE621, 0xE521,
  0xE521, 0x062A, 0xE729, 0xE729, 0x272A, 0x062A, 0x262A, 0x072A, 0x2411, 0x4319, 0x062A, 0x062A,
  0x272A, 0x062A, 0x062A, 0x062A, 0x072A, 0x072A, 0x262A, 0x052A, 0x062A, 0x062A, 0x4311, 0x6319,
  0x062A, 0xE629, 0x072A, 0x072A, 0xE621, 0xE521, 0x0622, 0x4311, 0x2419, 0x4519, 0x4419, 0x062A,
  0xE521, 0xC521, 0xE621, 0x072A, 0x062A, 0x0622, 0x0622, 0xE621, 0x062A, 0x062A, 0x272A, 0x272A,
  0x472A, 0x062A, 0x262A, 0x062A, 0x062A, 0x062A, 0x062A, 0x062A, 0x072A, 0x072A, 0x062A, 0x072A,
  0x062A, 0x072A, 0x072A, 0x272A, 0x262A, 0x262A, 0x062A, 0x062A, 0x2732, 0x272A, 0xE629, 0xC529,
  0x062A, 0x262A, 0x262A, 0x062A, 0xC621, 0x062A, 0xE729, 0x0411, 0x4519, 0x4519, 0x6519, 0xC521,
  0xE529, 0x072A, 0x4319, 0x2411, 0xE721, 0xE521, 0xE521, 0xC521, 0x262A, 0x062A, 0x072A, 0x4419,
  0x4511, 0x6619, 0x6519, 0x072A, 0x272A, 0x062A, 0xE629, 0x062A, 0x072A, 0x272A, 0xE521, 0x262A,
  0x6619, 0x4519, 0x072A, 0x062A, 0x062A, 0x482A, 0xE729, 0x082A, 0x072A, 0x072A, 0xE621, 0xE521,
  0x062A, 0x072A, 0xE621, 0xE729, 0xE621, 0xE629, 0xE629, 0xE729, 0x4519, 0x4519, 0xE621, 0x272A,
  0xC521, 0x0732, 0x0732, 0x082A, 0x072A, 0x282A, 0xE729, 0xE629, 0xE729, 0xE729, 0x4619, 0x4519,
  0xE721, 0xE729, 0x062A, 0xE621, 0x072A, 0xE721, 0xE829, 0x6621, 0x4621, 0x4519, 0x4519, 0x082A,
  0x082A, 0x072A, 0xE621, 0x072A, 0xE621, 0x072A, 0x072A, 0x072A, 0x282A, 0xE621, 0x072A, 0x072A,
  0xE629, 0x072A, 0x072A, 0x282A, 0x272A, 0x062A, 0xE621, 0x072A, 0x072A, 0x072A, 0x062A, 0xE729,
  0xE729, 0xE629, 0xE729, 0x072A, 0x062A, 0x062A, 0x072A, 0x272A, 0x282A, 0x282A, 0x2832, 0x062A,
  0x0622, 0xE621, 0x282A, 0x282A, 0xC729, 0xE729, 0x092A, 0x2411, 0x4419, 0x6419, 0x4519, 0xE729,
  0x072A, 0xE721, 0x6511, 0x4511, 0xE821, 0x072A, 0xE721, 0xE829, 0xC621, 0x272A, 0x072A, 0x4419,
  0x4619, 0x4519, 0x4519, 0xE829, 0xE721, 0x062A, 0x052A, 0xE629, 0x072A, 0x072A, 0x072A, 0xE729,
  0x2511, 0x2411, 0x072A, 0x062A, 0x062A, 0xE621, 0x4519, 0x2411, 0x2511, 0x4519, 0x4411, 0xE729,
  0x6519, 0x2411, 0x4411, 0xE721, 0x4311, 0x2419, 0x8729, 0xA829, 0x2519, 0x4519, 0x4511, 0x2511,
  0x4519, 0x6629, 0x6729, 0x4619, 0x2419, 0x2411, 0x2619, 0x8729, 0x6629, 0x8729, 0x2621, 0x4519,
  0x4619, 0x4519, 0x072A, 0x6419, 0x4419, 0x4519, 0xE410, 0x8829, 0x8629, 0x8729, 0x8829, 0x2519,
  0x4419, 0x4411, 0x072A, 0xE621, 0x062A, 0x282A, 0x4411, 0x4519, 0x6519, 0x4519, 0x2519, 0x8729,
  0xA729, 0x0419, 0x4519, 0x4411, 0x282A, 0x282A, 0x2311, 0x6519, 0x2411, 0x2311, 0x2411, 0x4619,
  0x2511, 0x6621, 0x8729, 0x6729, 0x8729, 0x2419, 0x4519, 0x6519, 0x0311, 0x2411, 0x8629, 0xA729,
  0x2419, 0x6619, 0x0511, 0x2519, 0x6729, 0x2521, 0x2511, 0x4411, 0x4519, 0x072A, 0x082A, 0x8629,
  0x8721, 0x4519, 0x4611, 0x4511, 0x4519, 0x4519, 0x4519, 0x4619, 0x2511, 0x2511, 0x0411, 0xA829,
  0x8729, 0x2519, 0x4519, 0x2411, 0x6519, 0xE621, 0xE721, 0x4511, 0x2511, 0x2519, 0x6729, 0x6729,
  0xE829, 0xE829, 0xE829, 0x2311, 0x4311, 0x082A, 0x2511, 0xE829, 0xC829, 0xE929, 0xE829, 0xE629,
  0xE829, 0xC929, 0xE729, 0xE629, 0xC729, 0x2521, 0x6729, 0x8731, 0x6729, 0x6621, 0x4519, 0x8821,
  0x2521, 0x6629, 0x6629, 0x2521, 0xC829, 0x8729, 0x0521, 0x6631, 0x6631, 0x6731, 0x0521, 0xE829,
  0x6619, 0x4619, 0xE621, 0xE729, 0xE829, 0x8721, 0x6721, 0x6731, 0x8731, 0x8731, 0x6629, 0xC729,
  0xE829, 0xE829, 0xE829, 0x072A, 0x072A, 0xE729, 0xE829, 0xE929, 0x0932, 0xE929, 0x6729, 0xA731,
  0x8729, 0x8629, 0xE829, 0x082A, 0x072A, 0x082A, 0xC829, 0xE929, 0xE829, 0xE829, 0xE829, 0x8721,
  0xE410, 0x8829, 0x6731, 0x6731, 0x8731, 0x8829, 0xE929, 0xE929, 0xE929, 0xA729, 0x8731, 0x6729,
  0x6621, 0xC929, 0xC929, 0x0421, 0x6631, 0x0521, 0x8721, 0x4519, 0x2619, 0xE929, 0xC729, 0x8629,
  0x8729, 0x6729, 0xC829, 0xE829, 0x4419, 0x4619, 0x4519, 0x4519, 0x092A, 0x4519, 0xC829, 0x8729,
  0x6831, 0x0521, 0xE929, 0x4519, 0x082A, 0xC629, 0x8721, 0x2519, 0xE829, 0x6521, 0x6731, 0x6729,
  0x8731, 0x8729, 0x4621, 0x4619, 0x4619, 0x4519, 0x2519, 0x2621, 0x6731, 0x6731, 0x6731, 0x6629,
  0x6731, 0x6831, 0x6729, 0x8731, 0x6731, 0x6731, 0x6731, 0x6731, 0x8729, 0x2521, 0x0419, 0x2519,
  0x6731, 0x8731, 0x6631, 0x6731, 0x8831, 0x6831, 0x6731, 0x6631, 0x6731, 0x6731, 0x6731, 0x6729,
  0x0519, 0x4619, 0x2519, 0x0419, 0x6731, 0x6731, 0x8831, 0x8731, 0x6631, 0x6631, 0x6731, 0x6731,
  0x6731, 0x8831, 0x2521, 0x2519, 0x4519, 0x2519, 0x8829, 0x6731, 0x6729, 0x8731, 0x6729, 0x6731,
  0x6729, 0x6731, 0x6629, 0x6729, 0x2621, 0xC318, 0x6729, 0x6729, 0x6731, 0x6731, 0x6731, 0x6731,
  0x0521, 0x6731, 0x6731, 0x6731, 0x8731, 0x8731, 0x6729, 0x6629, 0x6731, 0x6731, 0x6731, 0x6731,
  0x6831, 0x8831, 0x8731, 0x6731, 0x4631, 0x6731, 0x8829, 0x2621, 0x2521, 0x8829, 0x6731, 0x6731,
  0x6731, 0x6731, 0x6729, 0x8729, 0x0419, 0x4619, 0x4619, 0x2521, 0x6731, 0x8731, 0x8731, 0x8731,
  0x6731, 0x6731, 0x8729, 0x2521, 0x4519, 0x0519, 0x0621, 0x0521, 0x8729, 0x8731, 0x6731, 0x6731,
  0x0521, 0x2621, 0x2621, 0x4619, 0x4619, 0x2519, 0x8729, 0x8831, 0x6731, 0x6731, 0x6731, 0x8731,
  0x6729, 0x0521, 0x0521, 0x6729, 0x6731, 0x6731, 0x6731, 0x6731, 0x8731, 0x6729, 0x6729, 0x6729,
  0x8731, 0x6631, 0x8731, 0x8731, 0x6831, 0x0521, 0x0521, 0x6731, 0x6731, 0x6731, 0x6731, 0x6731,
  0x8729, 0x8729, 0x8829, 0x8831, 0x6731, 0x4729, 0x0621, 0x6831, 0x6731, 0x6731, 0x6731, 0x6731,
  0x0521, 0x0521, 0x0521, 0x2621, 0x6721, 0x4621, 0x0521, 0x0521, 0x0521, 0x6729, 0x8831, 0x8831,
  0x6729, 0x6731, 0x6731, 0x8731, 0x8729, 0x6729, 0x8729, 0x8731, 0x6731, 0x6731, 0x6731, 0x6731,
  0x6831, 0x8831, 0x8831, 0x8831, 0x0521, 0x6831, 0x6731, 0x6731, 0x6731, 0x6731, 0x6731, 0x8731,
  0x0521, 0x0521, 0x6729, 0x6731, 0x6731, 0x6629, 0x0521, 0x0521, 0x2621, 0x0521, 0x0621, 0x8831,
  0x8731, 0x6731, 0x0521, 0x0521, 0x8729, 0x6729, 0x6629, 0x6729, 0x6731, 0x4729, 0x2629, 0x0521,
  0xE520, 0x0521, 0x2621, 0x2621, 0x6629, 0x8831, 0x0621, 0x0621, 0x0521, 0x0521, 0x0521, 0x0521,
  0x0621, 0xE520, 0x0521, 0x0519, 0x2519, 0x2521, 0x8731, 0x6731, 0x6731, 0x6831, 0x6731, 0x6731,
  0x6831, 0xE520, 0x0621, 0x4729, 0x8731, 0x6731, 0x6631, 0x6631, 0x6731, 0x8831, 0x0621, 0x0621,
  0x8831, 0x6729, 0x8831, 0x0521, 0x0621, 0xE520, 0xE520, 0x6731, 0x6731, 0x6731, 0x6731, 0x6731,
  0x8831, 0x6731, 0x6731, 0x6731, 0x6731, 0x0521, 0x0521, 0x6831, 0x6731, 0x6731, 0x6731, 0x6731,
  0x0621, 0xE620, 0xE520, 0xE620, 0x0621, 0x0621, 0xE520, 0xE520, 0x0521, 0x0621, 0xE520, 0x0621,
  0xE520, 0x6831, 0x8831, 0x8831, 0x8731, 0x8731, 0x6731, 0x6631, 0x6731, 0x6731, 0x6731, 0x6731,
  0x6731, 0x0521, 0x0629, 0xE620, 0x0621, 0xE520, 0x2629, 0x6729, 0x6731, 0x6731, 0x6731, 0x6731,
  0x0621, 0xE520, 0x6731, 0x6731, 0x6731, 0x0521, 0xE520, 0x0621, 0x0621, 0xE620, 0xE620, 0x0621,
  0x8831, 0x8831, 0xE520, 0xE520, 0x6831, 0x6729, 0x6729, 0x6731, 0x8731, 0x0529, 0x0521, 0x0621,
  0x0521, 0xE520, 0x0521, 0x8831, 0x6731, 0x6731, 0x0521, 0x0621, 0x0621, 0x0621, 0x0521, 0x0521,
  0xE620, 0x0621, 0xE520, 0x0621, 0x8829, 0x8831, 0x6731, 0x6731, 0x6731, 0x0529, 0x0521, 0x0521,
  0xE520, 0x0621, 0xE620, 0x0521, 0x2629, 0x6731, 0x6731, 0x6631, 0x6731, 0x8831, 0x0621, 0x0621,
  0xE520, 0x0521, 0x0621, 0xE620, 0xE620, 0x0621, 0xE520, 0x6731, 0x2629, 0x0521, 0x0521, 0x0521,
  0x6729, 0x6731, 0x8731, 0x6731, 0x6731, 0x0521, 0x0521, 0x6831, 0x6831, 0x6731, 0x6731, 0x6731,
  0x6729, 0x6731, 0x6731, 0x6731, 0x6831, 0x6731, 0x4629, 0x6731, 0x6731, 0x6731, 0x6831, 0x0621,
  0xE520, 0x0521, 0x0521, 0x0521, 0xE620, 0xE520, 0x6731, 0x6731, 0x6731, 0x6731, 0x6731, 0x6731,
  0x6629, 0x8731, 0x8831, 0x0521, 0x0629, 0x0621, 0x2629, 0x6731, 0x6731, 0x6731, 0x6731, 0x6731,
  0xE520, 0x0521, 0x8731, 0x6731, 0x6831, 0x0629, 0x2621, 0x0621, 0x0621, 0xE520, 0xE620, 0xE620,
  0x8831, 0x6731, 0xE520, 0xE520, 0x6729, 0x6731, 0x6731, 0x6631, 0x8731, 0x8831, 0x6831, 0x8831,
  0x6831, 0x8831, 0x6629, 0x6631, 0x6631, 0x6731, 0xE520, 0x0621, 0xE620, 0xE620, 0x0621, 0xE620,
  0x0621, 0xE620, 0x0621, 0x0621, 0x6831, 0x8731, 0x6631, 0x6731, 0x6731, 0xE420, 0x2629, 0xE520,
  0xE520, 0xE620, 0x0621, 0x0621, 0xE520, 0x6831, 0x6731, 0x6731, 0x6731, 0x4629, 0xE520, 0xE520,
  0x0521, 0xE520, 0x0621, 0x0621, 0x0729, 0xE520, 0x0521, 0x6729, 0x0521, 0x0621, 0x0621, 0x0521,
  0x6731, 0x6731, 0x6731, 0x8831, 0x6831, 0x2629, 0x0521, 0x6831, 0x8831, 0x6831, 0x6831, 0x6731,
  0x6731, 0x6731, 0x6731, 0x8731, 0x6731, 0x6731, 0x6731, 0x6731, 0x6731, 0x6731, 0x6729, 0x0629,
  0x0521, 0xE520, 0x0521, 0xE520, 0xE520, 0x0629, 0x6829, 0x6831, 0x6831, 0x6831, 0x8831, 0x6831,
  0x6731, 0x6831, 0x8831, 0xE520, 0xE520, 0x0621, 0x0521, 0x6731, 0x6731, 0x6731, 0x6731, 0x8831,
  0xE620, 0x0521, 0x8731, 0x6731, 0x6831, 0x0621, 0xE520, 0xE520, 0x0521, 0xE520, 0xE620, 0x0621,
  0x6731, 0x8831, 0x0521, 0x0521, 0x2629, 0x6731, 0x6731, 0x8831, 0x8831, 0x6831, 0x6831, 0x6831,
  0x6729, 0x6731, 0x6731, 0x6631, 0x6731, 0x8731, 0x6731, 0xE520, 0xE520, 0x0621, 0xE620, 0x0621,
  0x0621, 0xE520, 0x0521, 0x0521, 0x6831, 0x6729, 0x8731, 0x6731, 0x8731, 0x6729, 0x8831, 0x6731,
  0x8931, 0x0621, 0x0621, 0x0621, 0xE520, 0x6831, 0x8831, 0x8831, 0x6629, 0x6731, 0x8831, 0x4729,
  0x8831, 0xE520, 0xE620, 0x0621, 0x0629, 0x6731, 0x8831, 0x8831, 0xE620, 0xE620, 0xE620, 0xE520,
  0x6731, 0x8731, 0x6731, 0x0629, 0xE620, 0x8931, 0x8831, 0x0621, 0x0621, 0x0621, 0x0621, 0x0621,
  0xE420, 0x6731, 0x6731, 0x8731, 0x6731, 0x8731, 0x6731, 0x6731, 0x6731, 0x6731, 0x6731, 0x8831,
  0x6731, 0x6831, 0x6831, 0x6831, 0x6729, 0x0521, 0x0521, 0xE520, 0xE620, 0xE620, 0xE620, 0x0621,
  0x0621, 0x0621, 0xE620, 0xE520, 0x0621, 0x6731, 0x6731, 0x8731, 0x6731, 0x6831, 0x6731, 0x6831,
  0x0621, 0x0521, 0x8731, 0x0521, 0x0521, 0x8831, 0x6731, 0x6831, 0x8931, 0x0621, 0xE520, 0x0621,
  0x0621, 0x0621, 0x0621, 0x0621, 0x0621, 0x0621, 0x0621, 0x0621, 0x0621, 0x0621, 0x0621, 0x0621,
  0x0629, 0x6831, 0x6731, 0x6731, 0x6729, 0x6731, 0x4629, 0x6731, 0x2621, 0x0621, 0x2621, 0x0621,
  0x0521, 0x0521, 0x0521, 0xE420, 0x6731, 0x6731, 0x8731, 0x6629, 0x6731, 0x6731, 0x6729, 0x6731,
  0xE520, 0xE620, 0x0621, 0x0521, 0x0521, 0x6731, 0x6731, 0x8831, 0x6831, 0x6731, 0x8731, 0x8731,
  0x6731, 0x0521, 0x0521, 0x0521, 0x0521, 0x6731, 0x6629, 0x8731, 0x0621, 0xE620, 0xE620, 0xE520,
  0x8831, 0x6731, 0x8731, 0x0529, 0x0521, 0x6731, 0x8731, 0x0521, 0x0629, 0xE620, 0xE620, 0x0621,
  0x0521, 0x6831, 0x6831, 0x6731, 0x6831, 0x6731, 0x6831, 0x6831, 0x6731, 0x8831, 0x8731, 0x6731,
  0x6731, 0x6731, 0x6731, 0x6731, 0x6731, 0x0521, 0xE520, 0xE620, 0x0621, 0xE520, 0x0621, 0x0621,
  0x0621, 0xE520, 0x0521, 0x6831, 0x6831, 0x6729, 0x6731, 0x8831, 0x6731, 0x8831, 0x6731, 0x6831,
  0x0721, 0x0521, 0x6731, 0x0521, 0xE520, 0x6731, 0x6731, 0x6731, 0x6731, 0x0629, 0xE620, 0x0721,
  0x0621, 0xE520, 0x2629, 0x0521, 0x2629, 0x0621, 0x0621, 0xE520, 0x0521, 0x0521, 0x0521, 0x0521,
  0xE420, 0x8831, 0x8831, 0x8829, 0x4C3A, 0x6729, 0x6731, 0x4731, 0x2629, 0x0621, 0x0621, 0x0621,
  0x4729, 0x8831, 0x6731, 0x6731, 0x6831, 0x8731, 0x6731, 0x8731, 0x6629, 0x6731, 0x6731, 0x6731,
  0x6831, 0x0629, 0xE520, 0x6731, 0x6731, 0x6731, 0x0521, 0x0521, 0xE520, 0xE520, 0x6731, 0x6731,
  0x6631, 0x6731, 0x8831, 0x6731, 0x6731, 0x6731, 0x6731, 0x6731, 0x0521, 0x0621, 0xE620, 0xE520,
  0x8731, 0x8731, 0x6731, 0x8831, 0x6731, 0x6731, 0x6631, 0x6731, 0x6729, 0xE520, 0x0621, 0xE620,
  0x0721, 0x0621, 0xE620, 0xE620, 0xE620, 0x0621, 0x0621, 0xE620, 0xE520, 0x8831, 0x6731, 0x6731,
  0x6631, 0x6731, 0x6731, 0x6731, 0x6731, 0x6831, 0xE520, 0xE620, 0x0621, 0x0521, 0x8831, 0x6731,
  0x6731, 0x6731, 0x6731, 0x8731, 0x8831, 0x6731, 0x6731, 0x6731, 0x0621, 0x0621, 0xE520, 0xE520,
  0xE620, 0xE520, 0x6731, 0x6831, 0x6731, 0x6731, 0x8731, 0x8731, 0x6729, 0xE520, 0xE620, 0xE620,
  0x8831, 0x6731, 0x8731, 0x8731, 0x6731, 0x8731, 0x6731, 0x8731, 0x6731, 0x6731, 0x8731, 0x8731,
  0x8831, 0x8731, 0x8729, 0x6C3A, 0x2C32, 0x2B3A, 0x8831, 0x6731, 0x0521, 0x0621, 0x0621, 0x0629,
  0x8831, 0x8731, 0x6731, 0x6831, 0x0521, 0x0621, 0x0521, 0x0521, 0xE520, 0xE520, 0xE520, 0xE520,
  0x0621, 0xE620, 0x0521, 0x8831, 0x6731, 0xE420, 0x6731, 0x6731, 0x6831, 0x6831, 0xE520, 0x0629,
  0x6731, 0x6731, 0x6731, 0x6731, 0x6731, 0x6731, 0x6731, 0x6731, 0xE520, 0x0621, 0x0721, 0xE620,
  0x6731, 0x6731, 0x8731, 0x6731, 0x6731, 0x6731, 0x6831, 0x8831, 0x4729, 0x0621, 0x0621, 0x0621,
  0xE620, 0xE520, 0x0621, 0xE520, 0x0521, 0x0621, 0xE620, 0x0621, 0xE520, 0x0621, 0x6831, 0x6731,
  0x8731, 0x8731, 0x8731, 0x6731, 0x6731, 0x8831, 0x6731, 0x8831, 0xE520, 0x0521, 0x8831, 0x6729,
  0x6831, 0x6831, 0x6831, 0x6831, 0x6731, 0x8831, 0x4729, 0xE520, 0xE520, 0xE620, 0x0621, 0xE520,
  0x4729, 0x6729, 0x6731, 0x8831, 0x8731, 0x0521, 0x0521, 0x0621, 0x0621, 0xE520, 0x0621, 0xE620,
  0x8831, 0x6731, 0x6731, 0x8731, 0x6731, 0x6731, 0x6731, 0x6731, 0x6731, 0x8731, 0x6731, 0x6731,
  0x6629, 0x2B3A, 0x4C3A, 0x4C3A, 0x4C3A, 0x4C3A, 0x4D42, 0x8831, 0x8831, 0x4729, 0x0621, 0xE620,
  0x6731, 0x6731, 0x8831, 0x0521, 0x0621, 0xE620, 0x0621, 0xE620, 0xE620, 0xE620, 0xE620, 0xE520,
  0x0621, 0xE620, 0x0621, 0x8831, 0xE520, 0x0629, 0x6731, 0x8731, 0x6731, 0x8831, 0x0521, 0x0521,
  0x6831, 0x6731, 0x6731, 0x6731, 0x6731, 0x6731, 0x8731, 0x8831, 0x0621, 0x0621, 0xE620, 0x0621,
  0x6831, 0x6731, 0x6731, 0x8831, 0x6831, 0xE520, 0x0521, 0xE520, 0xE520, 0x0621, 0xE620, 0xE620,
  0x0621, 0xE520, 0x6831, 0x6731, 0x6831, 0x6831, 0x0621, 0x0621, 0x0629, 0x0521, 0x2629, 0x8831,
  0x6731, 0x6731, 0x6731, 0x6731, 0x6731, 0x6731, 0x6731, 0x6831, 0x0521, 0x0621, 0x6731, 0x8831,
  0x0521, 0x0621, 0x0621, 0x0621, 0x0521, 0x0521, 0x0621, 0x0621, 0xE420, 0x8831, 0x6731, 0x8731,
  0x6731, 0x4629, 0x8731, 0x8831, 0x6831, 0xE520, 0x0621, 0x0621, 0x0621, 0x0621, 0xE520, 0xE520,
  0x6731, 0x6731, 0x6731, 0x6731, 0x6731, 0x6731, 0x6731, 0x6731, 0x6731, 0x6731, 0x8731, 0x8831,
  0x8831, 0x8831, 0x6729, 0x2C3A, 0x6D3A, 0x8829, 0x8831, 0x6729, 0x6731, 0x6831, 0xE620, 0x0621,
  0x6731, 0x6731, 0x6731, 0x6831, 0x0621, 0x0621, 0x0621, 0x0621, 0xE620, 0xE620, 0xE620, 0x0621,
  0x0621, 0xE720, 0xE520, 0x0521, 0xE520, 0x6729, 0x8831, 0x6731, 0x6629, 0x6731, 0x6731, 0x0629,
  0x0621, 0xE520, 0x0529, 0x6729, 0x6731, 0x6731, 0x6731, 0x0529, 0xE520, 0x0621, 0xE620, 0x0521,
  0x6831, 0x6731, 0x8831, 0x0529, 0xE520, 0x6729, 0x6731, 0x8831, 0x6731, 0x6731, 0x6831, 0x6831,
  0x6831, 0x6831, 0x8831, 0x6731, 0x6731, 0x8831, 0x6831, 0x6831, 0x6831, 0x0621, 0x0621, 0x0621,
  0x0529, 0x6731, 0x6731, 0x6731, 0x8731, 0x6731, 0x6731, 0x6731, 0xE520, 0x0621, 0x0629, 0x0521,
  0x0621, 0x0621, 0x0621, 0x0621, 0x0621, 0xE620, 0x0621, 0x0621, 0x4729, 0x6731, 0x8731, 0x6731,
  0x6731, 0x6731, 0x0521, 0xE520, 0x0621, 0xE520, 0x0621, 0x8931, 0x6831, 0x6831, 0x6831, 0x6831,
  0x8831, 0x6731, 0x6731, 0x6731, 0x6731, 0x6731, 0x6731, 0x6731, 0x6731, 0x6731, 0x6731, 0x0529,
  0xC420, 0xE520, 0xE520, 0x0521, 0x4C3A, 0x0521, 0xE420, 0x6731, 0x6731, 0x6731, 0x0621, 0x0621,
  0x8831, 0x6731, 0x6731, 0x6731, 0x2629, 0xE520, 0x0621, 0x0621, 0x0621, 0x0721, 0x0621, 0x0621,
  0xE620, 0xE620, 0xE520, 0xE520, 0x0521, 0x6731, 0x6731, 0x6631, 0x8731, 0x6731, 0x8831, 0x6831,
  0xE620, 0x0621, 0x0521, 0x6831, 0x8831, 0x6731, 0x8831, 0x0521, 0x0621, 0x0621, 0xE520, 0xE520,
  0x6729, 0x6731, 0x6731, 0x0521, 0x2629, 0x6831, 0x8731, 0x6731, 0x8731, 0x6731, 0x6731, 0x6731,
  0x6731, 0x6731, 0x6731, 0x6731, 0x6731, 0x6731, 0x6731, 0x6731, 0x8831, 0x0621, 0x4829, 0xE620,
  0x0521, 0x8831, 0x6731, 0x6731, 0x6731, 0x8731, 0x6731, 0x6731, 0x0521, 0x0621, 0xE620, 0x0621,
  0x0621, 0x0621, 0x0721, 0x0621, 0x0621, 0x0521, 0x0521, 0x0521, 0x8831, 0x8831, 0x6731, 0x8731,
  0x6731, 0x8831, 0xE520, 0xE620, 0xE520, 0x0621, 0x0621, 0x6831, 0x6731, 0x6731, 0x6731, 0x8731,
  0x6731, 0x6731, 0x8731, 0x6731, 0x6731, 0x6731, 0x6731, 0x6731, 0x6731, 0x6731, 0x8831, 0x0621,
  0xE520, 0xE520, 0xE520, 0x0621, 0x0621, 0x2629, 0x0529, 0x6731, 0x6731, 0x6731, 0x0521, 0x0621,
  0x0529, 0x6731, 0x6731, 0x8731, 0x8731, 0x8831, 0x8831, 0x0521, 0xE620, 0xE620, 0x0621, 0x0621,
  0x0621, 0x0621, 0x0621, 0x8731, 0x6731, 0x6731, 0x6731, 0x6629, 0x0521, 0x0521, 0x0621, 0x0621,
  0xE620, 0x0621, 0xE520, 0x0621, 0x0521, 0x6731, 0x8831, 0x6831, 0x6831, 0x6831, 0x6831, 0x8831,
  0x6731, 0x6731, 0x8831, 0xE520, 0x0621, 0x8831, 0x6731, 0x6731, 0x6731, 0x6731, 0x6731, 0x6731,
  0x6731, 0x6731, 0x6731, 0x6731, 0x6731, 0x6731, 0x6731, 0x6731, 0x8831, 0x0521, 0xE620, 0xE620,
  0x0521, 0x6731, 0x6731, 0x6631, 0x6731, 0x6731, 0x6731, 0x6731, 0x0621, 0x0621, 0x0621, 0x0621,
  0xE620, 0x0621, 0xE620, 0xE620, 0xE520, 0x6731, 0x6731, 0x6731, 0x6731, 0x6731, 0x6731, 0x6731,
  0x6731, 0x8831, 0x6831, 0x8931, 0x8731, 0x6731, 0x6731, 0x8831, 0x6731, 0x6731, 0x6731, 0x6731,
  0x6731, 0x6731, 0x6731, 0x6731, 0x8731, 0x6731, 0x6731, 0x6731, 0x6831, 0x0521, 0xE520, 0x6831,
  0x6829, 0xE620, 0x0621, 0x0621, 0xE620, 0xE620, 0xE520, 0x6731, 0x6731, 0x6731, 0x6731, 0x6831,
  0x6831, 0x6731, 0x8731, 0x8731, 0x8731, 0x6731, 0x6731, 0x0521, 0x0521, 0xE620, 0x0621, 0x0621,
  0x0621, 0x0621, 0x0621, 0x6731, 0x6731, 0x6731, 0x6729, 0x6731, 0x0521, 0x0621, 0x0621, 0x0621,
  0xE620, 0xE620, 0x0621, 0x0621, 0x0521, 0x8831, 0x6831, 0x6731, 0x6731, 0x6731, 0x8731, 0x8731,
  0x6731, 0x6731, 0x8831, 0x0521, 0x0529, 0x6731, 0x6731, 0x6731, 0x6731, 0x6731, 0x6731, 0x6731,
  0x6731, 0x6731, 0x6731, 0x6731, 0x6731, 0x6731, 0x6731, 0x6731, 0x8831, 0x0521, 0x0621, 0x0621,
  0x0621, 0x8831, 0x8731, 0x8731, 0x6731, 0x6731, 0x6729, 0x6831, 0x0621, 0x0621, 0x0621, 0x0621,
  0x0621, 0xE620, 0xE620, 0xE520, 0x0521, 0x6731, 0x6731, 0x6731, 0x6731, 0x6731, 0x6731, 0x6731,
  0x6731, 0x6731, 0x8831, 0x6731, 0x6731, 0x6731, 0x8731, 0x6731, 0x6731, 0x6731, 0x6731, 0x6731,
  0x6731, 0x6731, 0x6731, 0x6731, 0x8731, 0x8731, 0x8731, 0x6731, 0x8831, 0x0629, 0xE520, 0x6831,
  0x4829, 0x0621, 0x0621, 0x0621, 0xE620, 0xE620, 0x0621, 0x4831, 0x6731, 0x8731, 0x8731, 0x6731,
  0xE520, 0x6831, 0x6731, 0x6731, 0x6731, 0x6731, 0x6731, 0x6831, 0x8931, 0xE620, 0xE620, 0x0621,
  0x0621, 0xE620, 0xE520, 0x8831, 0x6729, 0x8831, 0xE520, 0xE620, 0xE620, 0xE620, 0x0621, 0x0621,
  0x0621, 0x0621, 0xE620, 0xE620, 0x0621, 0x0621, 0xE520, 0x8831, 0x6831, 0x6731, 0x6731, 0x6731,
  0x8831, 0x6831, 0xE520, 0x6831, 0x6731, 0x8731, 0x6731, 0x6731, 0x6731, 0x6731, 0x6731, 0x6731,
  0x6731, 0x6731, 0x6731, 0x6731, 0x6731, 0x6731, 0x6731, 0x6731, 0x6831, 0x0521, 0xE620, 0x0621,
  0x0521, 0x8831, 0x8831, 0x6731, 0x6731, 0x8831, 0x0521, 0x0621, 0x0621, 0x0621, 0x0621, 0x0621,
  0xE620, 0x0621, 0xE520, 0x6831, 0x6831, 0x6731, 0x6731, 0x6731, 0x6731, 0x6731, 0x6731, 0x6731,
  0x8831, 0x8731, 0x6731, 0x6731, 0x6831, 0x6831, 0x6731, 0x6731, 0x6731, 0x6731, 0x6731, 0x6831,
  0x6731, 0x6731, 0x6731, 0x6731, 0x8831, 0x8831, 0x8831, 0xE520, 0x0621, 0x4829, 0x6829, 0xE520,
  0x0621, 0xE620, 0x0621, 0x0621, 0xE620, 0xE620, 0x0621, 0xE520, 0x2629, 0x8831, 0x6731, 0x6731,
  0x0621, 0x0629, 0xE420, 0xE520, 0x0521, 0xE520, 0x0621, 0xE520, 0x0521, 0xE620, 0x0621, 0xE620,
  0x0621, 0xE620, 0xE520, 0xE420, 0x0521, 0x0521, 0xE520, 0xE620, 0xE620, 0xE620, 0x0621, 0xE620,
  0x0621, 0x0621, 0xE620, 0xE620, 0x0621, 0x0621, 0x0521, 0x0521, 0x0521, 0x0421, 0x0421, 0x0421,
  0xE520, 0x0621, 0x0629, 0x0621, 0xE520, 0xE520, 0x0521, 0xE520, 0xE520, 0xE520, 0xE520, 0xE520,
  0xE520, 0xE520, 0x0521, 0x0521, 0x0521, 0x0521, 0xE520, 0xE520, 0xE520, 0xE520, 0x0621, 0x0621,
  0xE520, 0x0521, 0x0521, 0x0521, 0xE520, 0xE520, 0xE520, 0x0621, 0x0621, 0x0621, 0x0621, 0x0621,
  0x0621, 0xE620, 0x0621, 0x0521, 0x0521, 0x0521, 0xE520, 0xE520, 0x0521, 0x0521, 0xE520, 0xE520,
  0x0521, 0x0521, 0x0521, 0xE520, 0x0521, 0xE520, 0xE520, 0x0521, 0x0521, 0x0521, 0x0521, 0x0521,
  0x0521, 0x0521, 0x0521, 0x0521, 0xE520, 0x0629, 0xE520, 0xE520, 0x0621, 0xC520, 0x0521, 0xE520,
  0x0521, 0xE620, 0xE620, 0x0621, 0x0621, 0xE620, 0x0621, 0x0621, 0x0621, 0xE520, 0xE520, 0x0521,
};

// Mila (sat=2.2 con=1.4 bri=1.1): 32x32px
const uint16_t AVATAR_MILA[1024] PROGMEM = {
  0xE418, 0xE418, 0xE418, 0x0419, 0xE418, 0xE518, 0xE518, 0x0419, 0x0419, 0x0419, 0x0419, 0xE418,
  0xE418, 0xE410, 0xE418, 0xE418, 0xE418, 0xE418, 0xE518, 0x0419, 0x0419, 0x0419, 0x0419, 0x0419,
  0x0419, 0xE418, 0xE418, 0xE418, 0xE418, 0xE418, 0x0419, 0xE418, 0xE418, 0xE418, 0xE418, 0xE418,
  0xE418, 0xE418, 0xE418, 0x0419, 0xE418, 0x0419, 0x0419, 0xE418, 0xA408, 0x8400, 0xC500, 0xC500,
  0xC500, 0xC500, 0xC508, 0xE418, 0x0419, 0xE418, 0xE418, 0xE418, 0xE418, 0xE418, 0xE418, 0xE418,
  0xE418, 0xE418, 0xE418, 0xE418, 0xE418, 0xE418, 0xE418, 0xE418, 0xE418, 0xE418, 0xE418, 0x0419,
  0x0419, 0x0419, 0xE410, 0x6400, 0xC58A, 0x06FD, 0x40AA, 0xE0A9, 0x00AA, 0x40BA, 0x6069, 0x4500,
  0xC508, 0xE418, 0x0419, 0xE418, 0xE418, 0xE418, 0xE418, 0xE418, 0xE418, 0xE418, 0xE418, 0xE418,
  0xE418, 0x0419, 0x0419, 0xE418, 0x0419, 0xE418, 0xE418, 0xE518, 0xE418, 0xE510, 0x8500, 0x8149,
  0x20FC, 0xA0FB, 0x60FB, 0x00FD, 0x00FD, 0x40FC, 0x40FE, 0x81FC, 0xE038, 0x8500, 0xE510, 0x0419,
  0xE418, 0xE418, 0xE418, 0xE418, 0xE418, 0xE418, 0xE418, 0xE418, 0xE418, 0x0419, 0xE418, 0x0419,
  0x0419, 0xE518, 0xE418, 0xE418, 0xC508, 0xA500, 0xC0DA, 0x40FD, 0x00FC, 0x20FB, 0xE0D1, 0xA0FA,
  0x60FB, 0x00FC, 0x80FD, 0xC3FF, 0x06FF, 0xA449, 0x8400, 0xE510, 0x0419, 0xE418, 0xE418, 0xE418,
  0xE418, 0x0419, 0xE418, 0xE418, 0xE418, 0x0419, 0xE418, 0x0419, 0x0419, 0xE518, 0xE418, 0xE410,
  0xE410, 0x80C2, 0x40FC, 0x00FB, 0xC0FD, 0x80FD, 0x60FC, 0x80FA, 0xC0FB, 0x20FC, 0x60FC, 0x60FB,
  0x80FD, 0xC0FE, 0xA0CA, 0x6400, 0xE510, 0x0419, 0xE418, 0xE418, 0xE418, 0xE418, 0xE418, 0xE418,
  0xE418, 0xE418, 0xE418, 0xE418, 0xE418, 0xE418, 0xE418, 0x8600, 0xE169, 0xC0FC, 0x40EA, 0x40FB,
  0x40FE, 0x61FE, 0x24FF, 0xE0FC, 0xA0FB, 0xE0FD, 0xE0FD, 0x40FB, 0x40FA, 0xA0FC, 0x60FE, 0x40B2,
  0xA408, 0xE510, 0xE418, 0xE418, 0xE418, 0xE418, 0xE418, 0xE418, 0x0419, 0xE518, 0xE418, 0x0419,
  0xE418, 0xE418, 0xE510, 0xA408, 0x60BA, 0x60FB, 0x40F2, 0x00FE, 0x04FF, 0x05FF, 0x04FF, 0x46FF,
  0x25FF, 0x40FD, 0x00FD, 0xE0FC, 0xE0FA, 0xA0C9, 0x40FD, 0xE0FD, 0xA030, 0xC600, 0xE418, 0x0419,
  0x0419, 0xE418, 0xE418, 0xE418, 0x0419, 0xE418, 0xE518, 0x0419, 0xE418, 0xE418, 0xC508, 0x0231,
  0x40FC, 0x40EA, 0x40FB, 0xC2FE, 0x05FF, 0xE4FE, 0xE4FE, 0x04FF, 0x05FF, 0x67FF, 0x83FE, 0x80FC,
  0x80FC, 0x80FA, 0x80EA, 0xE0FE, 0x60EB, 0xC310, 0xE510, 0x0419, 0x0419, 0x0419, 0xE418, 0xE418,
  0xE418, 0x0419, 0xE418, 0x0419, 0xE518, 0xE510, 0xC408, 0x00E3, 0xA0FC, 0xE0D1, 0xE0FB, 0x45FF,
  0x05FF, 0xE4FE, 0xE4FE, 0xE4FE, 0xE4FE, 0x04FF, 0x46FF, 0x42FE, 0x40FC, 0x80FC, 0x00EA, 0x00FD,
  0x20FE, 0xE228, 0xC508, 0xE418, 0x0419, 0x0419, 0xE418, 0xE418, 0xE418, 0xE418, 0xE418, 0x0419,
  0x0419, 0xC408, 0xE410, 0x20FD, 0x00FC, 0x80C1, 0xA0FC, 0x24FF, 0x25FF, 0x04FF, 0xE4FE, 0xE4FE,
  0xE4FE, 0xE4FE, 0x05FF, 0x87FF, 0x42FE, 0xE0FB, 0x60FA, 0x40EA, 0x61FF, 0xE0FB, 0xA408, 0xE410,
  0xE518, 0xE518, 0xE418, 0xE418, 0xE418, 0xE418, 0xE518, 0xE518, 0xE418, 0xC410, 0xE608, 0x00FD,
  0xC0FA, 0x40A9, 0x80FD, 0x24FF, 0xA3FE, 0xC4FE, 0x05FF, 0xE4FE, 0xE4FE, 0xE4FE, 0xA3FE, 0xA3FE,
  0x46FF, 0x41FE, 0x80FB, 0x40EA, 0x00FE, 0xA0FC, 0xA408, 0xE410, 0xE418, 0xE418, 0xE418, 0xE418,
  0xE518, 0xE518, 0xE418, 0xE418, 0xE418, 0xC508, 0x4239, 0x80FC, 0xC0C9, 0x00EA, 0xE0FD, 0x81FE,
  0xA0FC, 0x80FC, 0xA3FE, 0x05FF, 0x05FF, 0x42FE, 0xC0FC, 0xE0FC, 0x61FE, 0xA7FF, 0xA0FD, 0x20A9,
  0xC0FD, 0xA0FD, 0xA408, 0xE410, 0xE418, 0xE518, 0xE518, 0xE418, 0xE418, 0xE418, 0xE418, 0xE418,
  0xE410, 0xC500, 0x80DA, 0xE0FB, 0xE088, 0xA0FA, 0x40FE, 0xE0FC, 0x60FB, 0xE0FA, 0x80FD, 0x25FF,
  0x05FF, 0x80FD, 0x80FB, 0xA0FB, 0xE0FC, 0x02FF, 0x00FE, 0xE088, 0xE0FA, 0xA6FE, 0xE508, 0xC410,
  0xE418, 0x0419, 0x0419, 0xE418, 0xE418, 0xE418, 0xE418, 0xE418, 0xE410, 0xA500, 0xA0DA, 0xE0FC,
  0x20A1, 0xC0FA, 0xE0FC, 0x40EB, 0x8329, 0xA37A, 0x40FD, 0x04FF, 0x04FF, 0xA0FD, 0xC56A, 0x4121,
  0x80E2, 0x40FD, 0x81FE, 0x40F2, 0xA0C9, 0x60FD, 0xE510, 0xC410, 0x0419, 0x0419, 0x0419, 0xE418,
  0xE418, 0xE418, 0xE418, 0x0419, 0xE410, 0xA500, 0xE0F3, 0x20FC, 0xA080, 0xC0FA, 0x00FE, 0xB3FF,
  0x6773, 0x405A, 0x42FE, 0x24FF, 0xE3FE, 0xC4FE, 0xE69B, 0x2042, 0xB0FE, 0xC4FE, 0x80FD, 0x60FB,
  0x60FA, 0xE0FC, 0xE510, 0xC410, 0x0419, 0xE418, 0x0419, 0xE418, 0xE418, 0xE418, 0xE418, 0x0419,
  0xE410, 0xA500, 0x80FC, 0xE0FA, 0x6070, 0xE0FA, 0x65FF, 0xC9FF, 0x43FE, 0xE1FD, 0x04FF, 0xA8FF,
  0x88FF, 0xE4FE, 0x42FE, 0x02FE, 0x88FF, 0xE8FF, 0xE0FC, 0x20FA, 0x00FB, 0x40FD, 0xE508, 0xC410,
  0x0419, 0x0419, 0xE418, 0xE418, 0xE418, 0xE418, 0xE418, 0xE418, 0xE410, 0xA500, 0x60FC, 0xE0FA,
  0x8078, 0xC0FA, 0x03FF, 0x04FF, 0x45FF, 0x65FF, 0x41FE, 0xA6FE, 0xCDFF, 0x05FF, 0x45FF, 0x65FF,
  0xE4FE, 0x24FF, 0xA0FD, 0x20C2, 0xE0D1, 0xE0FC, 0xC091, 0xC500, 0x0419, 0x0419, 0xE418, 0xE418,
  0xE418, 0x0419, 0x0419, 0xE418, 0xE410, 0xA500, 0xE0FB, 0x40FB, 0x60B1, 0x40A9, 0x60FD, 0x45FF,
  0xE4FE, 0xA6FF, 0x00FE, 0x40FC, 0x80FC, 0xE3FE, 0xA7FF, 0xE4FE, 0x05FF, 0xE3FE, 0x05FE, 0x2554,
  0xC0E1, 0x40FC, 0x80CA, 0xA600, 0xE518, 0x0419, 0xE418, 0xE418, 0x0419, 0x0419, 0x0419, 0xE418,
  0xE418, 0xC500, 0x20C2, 0xE0FB, 0x60F2, 0x8078, 0x20FC, 0x65FF, 0x46FF, 0xE0FC, 0xA3FC, 0x04FD,
  0x04FD, 0xA3FC, 0x00FD, 0xE4FE, 0x66FF, 0xA2FE, 0xC0D1, 0xE078, 0x60FB, 0xA0FB, 0xE0D2, 0xA600,
  0xE418, 0x0419, 0x0419, 0x0419, 0xE418, 0xE418, 0xE418, 0xE518, 0xE418, 0xC500, 0x20C2, 0xC0FB,
  0x20E2, 0x40A9, 0x80C1, 0xC0FD, 0x65FF, 0xE0FC, 0xE3FB, 0x23FB, 0x23FB, 0xE2FB, 0xA0FC, 0x44FF,
  0x64FF, 0xE0FA, 0x6060, 0xC0C1, 0x80FC, 0x20FB, 0xC0CA, 0xC600, 0xE418, 0x0419, 0xE418, 0xE418,
  0xE418, 0x0419, 0x0419, 0x0419, 0xE410, 0xC500, 0x80DA, 0x80FB, 0x40FA, 0x40EA, 0x0048, 0xE0D1,
  0x40FD, 0x43FF, 0x45FF, 0x83FE, 0x83FE, 0x44FF, 0xC7FF, 0x44FF, 0xE0FA, 0x0048, 0x0091, 0x80B1,
  0x60FD, 0x60FB, 0xC0CA, 0xC500, 0xE418, 0xE418, 0xE418, 0xE418, 0x0419, 0x0419, 0x0419, 0x0419,
  0xE410, 0xC608, 0x60CA, 0xE0FA, 0xE0D9, 0x00E2, 0x8060, 0x4058, 0x8050, 0x00FC, 0x80FE, 0x45FF,
  0x45FF, 0x44FF, 0x00FE, 0x40CA, 0x0008, 0xA078, 0x20A9, 0xC0C9, 0xE0FD, 0xA0FB, 0xA0CA, 0xC500,
  0xE418, 0xE418, 0xE418, 0xE418, 0xE418, 0xE418, 0x0419, 0x0419, 0xE418, 0xC600, 0x20B2, 0x20DA,
  0x60FB, 0xE0D9, 0x0089, 0x8050, 0x4000, 0x0071, 0x00FB, 0x40FD, 0xA0FD, 0x60FC, 0xA0FA, 0x2039,
  0x4100, 0xE0D1, 0x20A9, 0x40E2, 0x40FE, 0xE0FB, 0x80CA, 0xA600, 0x0419, 0x0419, 0xE418, 0xE418,
  0xE418, 0x0419, 0x0419, 0x0419, 0xC510, 0x0329, 0xC0FA, 0x80B9, 0x60FB, 0x20FB, 0x00D2, 0xA040,
  0xE000, 0x2051, 0x40FA, 0x20FA, 0x20FA, 0xC0FA, 0x20FB, 0x2021, 0xC018, 0x20EA, 0x80B1, 0x00FC,
  0x00FE, 0x40FB, 0x80C2, 0x8600, 0x0419, 0x0419, 0xE418, 0xE418, 0xE418, 0x0419, 0x0419, 0xE518,
  0x4500, 0xE0A9, 0x80FA, 0xA080, 0xE0FA, 0xA0FB, 0xE0FA, 0x2069, 0xC300, 0x6601, 0x40D2, 0x00FB,
  0x00FB, 0xA0FB, 0x8092, 0x0801, 0xE0B1, 0x80C9, 0x80B1, 0x40FD, 0x40FD, 0x20DA, 0xC0DA, 0x0139,
  0xA500, 0x0419, 0xE418, 0xE418, 0xE418, 0x0419, 0x0419, 0x2100, 0x8A4A, 0xF8FF, 0xACFD, 0x20A1,
  0x00CA, 0x20FC, 0x20E2, 0xE0BA, 0xC400, 0xEB01, 0xA902, 0xA0FB, 0x80FB, 0x208A, 0xCF02, 0x0B02,
  0x20F3, 0x8060, 0x40B1, 0x40FE, 0x40FC, 0x80DA, 0xF3FF, 0x32FF, 0xC408, 0x8308, 0x0419, 0xE418,
  0x0419, 0xE418, 0x2200, 0xC739, 0xFEFF, 0x79D7, 0xEB02, 0x40A1, 0x20DA, 0x80FC, 0xA091, 0x00D3,
  0x8801, 0xE901, 0x4B02, 0xEF6D, 0x0C55, 0x4C02, 0xCE02, 0x2501, 0xA0FB, 0xE070, 0x00FB, 0x40FE,
  0xE0FB, 0x60D2, 0x520C, 0xFFFF, 0x77FF, 0x2200, 0xA308, 0xE418, 0xE418, 0x4200, 0xA639, 0xFDFF,
  0xD4E6, 0x2901, 0xE071, 0x20FA, 0x00FD, 0x20FC, 0x8099, 0x20D3, 0x0F03, 0x8C02, 0x2601, 0x5C07,
  0xDB06, 0xEA01, 0x2B02, 0xC401, 0x20E2, 0x0079, 0xE0FC, 0x80FD, 0x80FA, 0x40E3, 0xAB01, 0x6B02,
  0xFFFF, 0x54FE, 0x8308, 0xC410, 0x8308, 0x6629, 0x59EF, 0x16EF, 0x6701, 0x6902, 0xC092, 0x40E2,
  0xA0FD, 0x2089, 0xC0C9, 0x00D3, 0x0F03, 0xD203, 0x2A02, 0xCE03, 0xEF03, 0xC801, 0x9203, 0x4232,
  0x2051, 0xE050, 0x20FD, 0x60FD, 0xE0E9, 0x40FB, 0x4802, 0xEB01, 0x2D03, 0xFFFF, 0x0D9C, 0x0100,
  0x0100, 0xF1B4, 0x9796, 0x2701, 0x8E02, 0x2072, 0xC029, 0xC0C2, 0x00FE, 0x20A1, 0xA0FA, 0x431A,
  0x0F03, 0x7003, 0xB203, 0xCC02, 0xCB02, 0x2F03, 0x5103, 0xE802, 0x2802, 0x8089, 0x40FD, 0x80FD,
  0x40F2, 0xA0FB, 0x2092, 0x8E02, 0xCA01, 0x3686, 0xD9FF, 0x0421, 0x074A, 0xB7D6, 0xCB02, 0xCD02,
  0x8D02, 0x6039, 0x4019, 0xA0FB, 0x20FE, 0xE0E1, 0x20CA, 0x2A02, 0x2F03, 0x7003, 0x1304, 0xAC02,
  0xAC02, 0x7003, 0x2F03, 0x5203, 0x021A, 0xE0FA, 0x40FE, 0x80FC, 0x40EA, 0xA0FC, 0xA0AA, 0xCB01,
  0x0F03, 0xED02, 0xFAFF, 0x2B7B,
};

// Felix (sat=2.2 con=1.4 bri=1.1): 32x32px
const uint16_t AVATAR_FELIX[1024] PROGMEM = {
  0x2421, 0x2319, 0x0421, 0x0421, 0x0421, 0x0421, 0x2421, 0x2421, 0x2421, 0x0421, 0x0421, 0x0421,
  0xE410, 0xC508, 0xE408, 0xE410, 0xE408, 0x0419, 0x0421, 0x0421, 0x0421, 0x0421, 0x2319, 0x2421,
  0x0421, 0x0421, 0x0421, 0x0421, 0x0421, 0x0421, 0x0421, 0x0321, 0x2321, 0x0421, 0x0421, 0x0421,
  0x2319, 0x0421, 0x2321, 0x2421, 0x0421, 0x0421, 0xE418, 0xA500, 0x0321, 0x8151, 0x6149, 0x6049,
  0x8249, 0xC508, 0xC508, 0x0419, 0x0421, 0x0421, 0x0421, 0x2319, 0x2421, 0x0421, 0x0421, 0x0421,
  0x0421, 0x0421, 0x0321, 0x0421, 0x0421, 0x2321, 0x2321, 0x0421, 0x2319, 0x0421, 0x2321, 0x0421,
  0x0421, 0xE410, 0x0421, 0x60A2, 0x40FC, 0x00FE, 0x80FC, 0x00FB, 0xE0FB, 0x40A2, 0x609A, 0xE418,
  0xC508, 0x0421, 0x2321, 0x2421, 0x2421, 0x2319, 0x0421, 0x0421, 0x0421, 0x0421, 0x0321, 0x0421,
  0x0421, 0x2319, 0x2421, 0x2419, 0x0421, 0x0421, 0x0421, 0x2421, 0xE410, 0xC410, 0xC0DA, 0x80FD,
  0xE2FE, 0x80FD, 0xE0FB, 0x60FB, 0x00FC, 0xA0FB, 0xA0FB, 0x60FB, 0xE071, 0xC500, 0x0421, 0x2421,
  0x0421, 0x0421, 0x0421, 0x0421, 0x0421, 0x0421, 0x0421, 0x0421, 0x2321, 0x2421, 0x2421, 0x2319,
  0x0421, 0x0421, 0x2421, 0xE510, 0xE418, 0xE0E2, 0x00FD, 0x62FE, 0x00FD, 0x00FC, 0xE0FD, 0xE0FB,
  0xE0FA, 0x40FC, 0xE0FB, 0xC0FC, 0xC0FB, 0x2082, 0xA500, 0x0419, 0x2321, 0x0421, 0x0421, 0x0421,
  0x0421, 0x0421, 0x0421, 0x0421, 0x2321, 0x2421, 0x0421, 0x0421, 0x0421, 0x2421, 0x0419, 0xE410,
  0xE0D2, 0x80FD, 0x04FF, 0xC0FD, 0xA0FB, 0xC0FD, 0xE0FC, 0xA0FA, 0x20FC, 0x62FE, 0x40FC, 0x40FD,
  0x00FC, 0x00FC, 0x207A, 0x8500, 0x0419, 0x2319, 0x0421, 0x0319, 0x0319, 0x0421, 0x0421, 0x0421,
  0x0421, 0x0421, 0x0421, 0x0421, 0x0421, 0x2421, 0xC508, 0x8151, 0x60FD, 0x03FF, 0xA2FE, 0x60FD,
  0x40FC, 0x00FD, 0x80FB, 0x80FD, 0x20FD, 0xA2FE, 0xE0FC, 0xE0FC, 0xA2FE, 0xC0FC, 0xA0FD, 0xC29A,
  0x8400, 0x0419, 0x0421, 0x0319, 0x0421, 0x0421, 0x0421, 0x0319, 0x0421, 0x0421, 0x0421, 0x0421,
  0x0421, 0xE418, 0xE410, 0x60FC, 0x60FE, 0x80FD, 0xC0FC, 0x00FD, 0x80FC, 0x60FC, 0xC0FD, 0x46FF,
  0x40FD, 0xA0FD, 0xA0FD, 0x00FD, 0xA2FE, 0x20FE, 0xA0FD, 0x00FE, 0xC071, 0xE410, 0x0419, 0x0319,
  0x0421, 0x0421, 0x0419, 0x2319, 0x0319, 0x0421, 0x0421, 0x0421, 0x0421, 0xE418, 0xC408, 0x00FD,
  0x60FD, 0xE0FB, 0xA0FC, 0xE0FB, 0xC0FC, 0x00FE, 0x47FF, 0x47FF, 0x62FE, 0x21FE, 0xA4FE, 0x60FD,
  0xC0FD, 0xE3FE, 0xE0FD, 0x60FD, 0xA0FC, 0xE320, 0xE410, 0x0421, 0x0421, 0x0421, 0x0421, 0x0421,
  0x0319, 0x0421, 0x0421, 0x0421, 0x0421, 0xE410, 0x6431, 0x60FC, 0x20FC, 0x20FC, 0x40FC, 0xE0FB,
  0x62FE, 0x06FF, 0x27FF, 0x27FF, 0x27FF, 0x27FF, 0x68FF, 0xA3FE, 0x00FD, 0xE0FD, 0x41FE, 0xA0FD,
  0xA1FE, 0x20CB, 0xA408, 0x0419, 0x0421, 0x2319, 0x0421, 0x0421, 0x0421, 0x0421, 0x0421, 0x0421,
  0x0421, 0xC500, 0x00C3, 0x60FC, 0x20FC, 0xC0FC, 0x20FD, 0x62FE, 0x67FF, 0x48FF, 0x07FF, 0x07FF,
  0x07FF, 0x27FF, 0x48FF, 0x06FF, 0x20FE, 0xC0FC, 0xE0FD, 0xA0FD, 0x80FD, 0x00FC, 0xA408, 0x0419,
  0x0421, 0x0421, 0x0421, 0x0421, 0x0421, 0x0421, 0x2319, 0x0421, 0x0421, 0xE508, 0xC079, 0x40FC,
  0x80FC, 0x80FC, 0x42FE, 0xC0FD, 0xE0FC, 0x80FD, 0x06FF, 0x07FF, 0x27FF, 0x06FF, 0x80FD, 0xE0FC,
  0x40FD, 0x60FD, 0x60FD, 0x80FD, 0xC0FB, 0x80FC, 0xE169, 0xC408, 0x0421, 0x0421, 0x2319, 0x0421,
  0x0421, 0x0421, 0x2319, 0x0421, 0x0421, 0xE418, 0xC408, 0xE0FC, 0x80FC, 0xE0FC, 0x20FD, 0xC4FE,
  0x25FF, 0x60FE, 0x83FE, 0x27FF, 0x27FF, 0x83FE, 0x61FE, 0x25FF, 0xE5FE, 0x20FE, 0x80FC, 0x40FD,
  0x20FC, 0x80F3, 0xE410, 0xE418, 0x0421, 0x2319, 0x0421, 0x0421, 0x0421, 0x0421, 0x0421, 0x2319,
  0x0421, 0xE418, 0xE410, 0x60FC, 0xE0FC, 0x80FD, 0xE0FD, 0x20FD, 0xA0FC, 0xC0FC, 0xC0FD, 0xE5FE,
  0xE5FE, 0xC0FD, 0x60FC, 0x40FC, 0x40FD, 0x41FE, 0x20FD, 0xC0FD, 0x00FD, 0xA0FB, 0xC500, 0x0419,
  0x2421, 0x2421, 0x0421, 0x0421, 0x2319, 0x0421, 0x0421, 0x0421, 0x0421, 0xE418, 0xE418, 0xA0FA,
  0xC0FB, 0x80FD, 0xC0FD, 0x25E4, 0xD813, 0x59B6, 0x40FC, 0x20FE, 0xE0FD, 0xE0FC, 0x11BD, 0x5C1C,
  0xCFF5, 0xC0FC, 0x40FD, 0x20FD, 0xC0FB, 0x209A, 0xE410, 0x0419, 0x2421, 0x0421, 0x0421, 0x0421,
  0x0421, 0x0421, 0x0421, 0x0421, 0x0421, 0xE418, 0xE410, 0xC1FC, 0x20FC, 0xA0FC, 0xE0FD, 0xE8FE,
  0xC8FD, 0xE4FD, 0x00FD, 0x60FD, 0x80FD, 0x00FD, 0x83FD, 0xA7FD, 0xE9FE, 0x01FE, 0x20FD, 0xA0FB,
  0x80FC, 0x0429, 0xE410, 0x0421, 0x0421, 0x0421, 0x0421, 0x0421, 0x0421, 0x0421, 0x0421, 0x0421,
  0x0421, 0x0411, 0x0411, 0x00FC, 0x60FB, 0x40FC, 0x83FE, 0xA3FE, 0xC3FE, 0x20FE, 0x00FD, 0x01FE,
  0xC0FD, 0xE0FC, 0x42FE, 0xA2FE, 0xA3FE, 0x06FF, 0xC0FC, 0x40FB, 0xE0FC, 0x6439, 0xE408, 0x0421,
  0x0421, 0x2319, 0x2421, 0x0319, 0x0421, 0x0421, 0x2421, 0x2319, 0x0421, 0x0419, 0xC400, 0x41CA,
  0x20FD, 0x00FC, 0x63FE, 0x27FF, 0x48FF, 0xA4FE, 0x60FC, 0xA5FE, 0x07FF, 0xC0FC, 0x22FE, 0x47FF,
  0x27FF, 0x06FF, 0x00FC, 0x40FC, 0x41FB, 0xA308, 0x0419, 0x0419, 0x0421, 0x0421, 0x0421, 0x0421,
  0x0321, 0x0421, 0x0421, 0x0421, 0x0421, 0x0321, 0xC408, 0x2331, 0x01FD, 0x40FD, 0x01FE, 0xC5FE,
  0x27FF, 0xE5FE, 0x00FD, 0x40FD, 0xE1FD, 0x40FD, 0xA3FE, 0x06FF, 0x07FF, 0x63FE, 0x40FD, 0xA1FD,
  0xA361, 0xC400, 0x0319, 0x0421, 0x0421, 0x0421, 0x0421, 0x0421, 0x0421, 0x0421, 0x0421, 0x2319,
  0x2319, 0x0421, 0x0421, 0x8400, 0x81CA, 0xE0FC, 0x60FD, 0x62FE, 0xE4FE, 0xC3FE, 0xC4FE, 0x83FE,
  0x63FE, 0x06FF, 0xC4FE, 0x41FE, 0xA4FE, 0x01FE, 0xC0FC, 0x81FB, 0xA400, 0x0421, 0x0421, 0x0421,
  0x0421, 0x0421, 0x0421, 0x0421, 0x0321, 0x0421, 0x0421, 0x0421, 0x0421, 0x0419, 0x0421, 0x0419,
  0xC318, 0x6171, 0xC0FD, 0x45FF, 0x00FD, 0xA3FB, 0x28FD, 0x07FD, 0x07FD, 0xE8FC, 0xE6FB, 0x40FC,
  0x66FF, 0xA1FE, 0x2079, 0x0008, 0xA210, 0xE320, 0x2421, 0x0421, 0x0319, 0x0421, 0x0421, 0x0421,
  0x0319, 0x0421, 0x0421, 0x0421, 0x0421, 0x0419, 0x0421, 0x0421, 0xE408, 0x8300, 0x60FB, 0xC5FF,
  0xE3FD, 0x63FA, 0xADFC, 0x76FF, 0xF8FF, 0xCEFC, 0xC4FA, 0x83FD, 0xE6FF, 0x40FC, 0x0000, 0x0000,
  0x0000, 0x0000, 0x6010, 0xE320, 0x2421, 0x0421, 0x0319, 0x0421, 0x0421, 0x0421, 0x0421, 0x0421,
  0x0421, 0x0319, 0x0421, 0x2421, 0x0421, 0x0000, 0x0000, 0x60FB, 0xE6FF, 0xC1FD, 0x40FA, 0x42FA,
  0x62FA, 0xE0F9, 0x82FD, 0xE7FF, 0x00FC, 0x0000, 0x0000, 0x0000, 0x0000, 0x0000, 0x0000, 0x0008,
  0x0321, 0x0419, 0x0419, 0x0421, 0x0421, 0x0421, 0x0421, 0x0319, 0x0421, 0x0421, 0x2421, 0xE318,
  0x8110, 0x0000, 0x0000, 0x0000, 0xA0FC, 0xA5FF, 0x84FE, 0xE2FC, 0xE2FC, 0x84FE, 0xE7FF, 0xC0FD,
  0x0008, 0x0000, 0x2008, 0x4010, 0x0000, 0x0000, 0x0000, 0x0000, 0xC218, 0x2421, 0x0421, 0x0421,
  0x0421, 0x0421, 0x0421, 0x0319, 0x2319, 0x0421, 0xA210, 0x0000, 0x0000, 0x4010, 0x0000, 0x0000,
  0xC0D9, 0x80FD, 0x86FF, 0x87FF, 0xA7FF, 0xE8FF, 0x00FE, 0xA0FA, 0x0000, 0x0000, 0x6010, 0x0000,
  0x8118, 0xC218, 0x0000, 0x0000, 0xE318, 0x0421, 0x0319, 0x0421, 0x0421, 0x0421, 0x0319, 0x2421,
  0x0419, 0x2000, 0x4008, 0x2008, 0x0000, 0x8118, 0x0000, 0x2100, 0x8028, 0x4099, 0xC0FC, 0x61FE,
  0x62FE, 0x60FD, 0x60A9, 0x0020, 0x0000, 0x4008, 0x2008, 0x8118, 0x8110, 0x0000, 0x0000, 0x2008,
  0xA218, 0x2419, 0x0421, 0x0319, 0x0421, 0x0319, 0x2421, 0x0421, 0x0000, 0x6010, 0xE220, 0xC218,
  0x0000, 0x6010, 0x8118, 0x0000, 0x2100, 0x0000, 0x0020, 0x2030, 0x2030, 0x4028, 0x0000, 0x6200,
  0x8118, 0x8118, 0x8118, 0xA118, 0x6008, 0x0000, 0x2008, 0x6010, 0x2008, 0x2421, 0x0421, 0x0421,
  0x0319, 0x0421, 0x0421, 0x0000, 0x4010, 0x6010, 0x8110, 0xC218, 0x0000, 0x0000, 0xC218, 0x0008,
  0x0000, 0x0000, 0xE310, 0xE510, 0x0000, 0x0100, 0x0000, 0x0000, 0x0000, 0x0000, 0x0000, 0x0000,
  0x2008, 0xE218, 0xA118, 0x0000, 0x0000, 0x0421, 0x0421, 0x0421, 0x0421, 0x2421, 0xA210, 0x0000,
  0xA118, 0x0000, 0x0000, 0xC218, 0x0000, 0x0000, 0x8118, 0xA118, 0x0008, 0x0000, 0xE320, 0x4D6B,
  0x2008, 0x0000, 0x0000, 0x0000, 0x0000, 0x0000, 0x0000, 0x0000, 0x0000, 0x0000, 0x0000, 0xC218,
  0x0000, 0x6108, 0x2421, 0x0421, 0x0421, 0x2421, 0x0000, 0x6118, 0x4010, 0x0000, 0x0000, 0x8110,
  0x6010, 0x0000, 0x0000, 0x6110, 0x6110, 0x0000, 0x0321, 0xEB5A, 0x0000, 0x0000, 0x0000, 0x0000,
  0x0000, 0x0000, 0x0008, 0x2008, 0x4008, 0x0000, 0x0000, 0xC218, 0x2329, 0x2000, 0x8210, 0x2421,
  0x2421, 0x6108, 0x2008, 0x8118, 0x0008, 0x0000, 0x0000, 0x2008, 0xA218, 0x0000, 0x0000, 0x0000,
  0x4010, 0x0000, 0x6010, 0x0421, 0x0000, 0x0000, 0x0000, 0x0000, 0x0000, 0x0000, 0x2008, 0x6110,
  0x4008, 0x0000, 0x2008, 0x4008, 0x8118, 0xC218, 0x0000, 0x0419, 0x2421, 0x4108, 0x2008, 0x6010,
  0x0000, 0x0000, 0x0000, 0x0000, 0xC218, 0x0008, 0x0000, 0x0000, 0x0000, 0x0000, 0xE741, 0xC639,
  0x0000, 0x0000, 0x0000, 0x0000, 0x2008, 0x4008, 0x6110, 0x4008, 0x0000, 0x0000, 0x8110, 0x0000,
  0x0000, 0xA118, 0x2008, 0x8210,
};

// Papa (sat=2.2 con=1.4 bri=1.1): 32x32px
const uint16_t AVATAR_PAPA[1024] PROGMEM = {
  0x2521, 0x2521, 0x2521, 0x2529, 0x2529, 0x2521, 0x2521, 0x2521, 0x4529, 0x4529, 0x2521, 0x4529,
  0x4529, 0x2521, 0x2529, 0x2521, 0x4529, 0x4529, 0x4529, 0x2521, 0x2521, 0x2521, 0x2521, 0x4529,
  0x2521, 0x2521, 0x2521, 0x2521, 0x4529, 0x2521, 0x4529, 0x2529, 0x2521, 0x0521, 0x2521, 0x2521,
  0x2521, 0x2521, 0x4529, 0x2521, 0x2529, 0x2529, 0x2521, 0x2521, 0x2521, 0x2521, 0x2521, 0x2521,
  0x2521, 0x2521, 0x2521, 0x2521, 0x2521, 0x2521, 0x2521, 0x2521, 0x2521, 0x2521, 0x2521, 0x2521,
  0x2521, 0x2521, 0x2521, 0x2521, 0x2521, 0x2521, 0x2521, 0x2521, 0x2521, 0x2521, 0x4529, 0x4529,
  0x4529, 0x2521, 0x2521, 0x4529, 0x2519, 0x2519, 0x2519, 0x2521, 0x2521, 0x2521, 0x2521, 0x2521,
  0x2521, 0x2521, 0x2521, 0x2521, 0x2521, 0x2521, 0x2521, 0x2521, 0x2521, 0x2521, 0x2521, 0x2521,
  0x2521, 0x2521, 0x2521, 0x2521, 0x2521, 0x2521, 0x2521, 0x4529, 0x2529, 0x2521, 0x2621, 0x2619,
  0xE559, 0x0372, 0xE369, 0x4531, 0x2519, 0x2519, 0x0519, 0x2521, 0x2521, 0x2521, 0x2521, 0x2521,
  0x2521, 0x2521, 0x2521, 0x2521, 0x2521, 0x2521, 0x2521, 0x2521, 0x2521, 0x2521, 0x2521, 0x2521,
  0x2521, 0x2521, 0x4529, 0x2521, 0x2521, 0x6621, 0xE130, 0x6028, 0x8071, 0x2069, 0x6069, 0x8592,
  0x6249, 0xE469, 0x457A, 0x2429, 0x0511, 0x2521, 0x2521, 0x2521, 0x2521, 0x2521, 0x2521, 0x2521,
  0x2521, 0x4521, 0x2521, 0x2521, 0x2521, 0x2521, 0x2521, 0x2521, 0x2521, 0x2521, 0x2521, 0x2521,
  0x4521, 0x6018, 0x4059, 0x0069, 0x8079, 0x2038, 0x0018, 0xC079, 0x6061, 0x8069, 0xE4AA, 0x27AB,
  0x257A, 0x4431, 0x0519, 0x2529, 0x2521, 0x2521, 0x2521, 0x2521, 0x2521, 0x2521, 0x2521, 0x2521,
  0x2521, 0x2521, 0x2521, 0x2521, 0x2521, 0x2521, 0x2521, 0x2521, 0x6621, 0xC030, 0x6038, 0x0051,
  0xE050, 0x0018, 0x0028, 0x4030, 0x0010, 0x0000, 0x8161, 0x4392, 0x6069, 0xE271, 0xA541, 0x2519,
  0x2521, 0x2521, 0x2521, 0x2521, 0x2521, 0x2521, 0x2521, 0x2521, 0x2521, 0x2521, 0x2521, 0x2521,
  0x2521, 0x2529, 0x4529, 0x6621, 0x6118, 0x4030, 0x0000, 0xC0B9, 0x2079, 0x0008, 0x0018, 0x0008,
  0x40A1, 0x00FA, 0x0071, 0xA161, 0xA040, 0x6038, 0x6341, 0x2619, 0x2521, 0x2529, 0x2529, 0x4529,
  0x2529, 0x2521, 0x2521, 0x2521, 0x2521, 0x2521, 0x2521, 0x2521, 0x2521, 0x4529, 0x4529, 0x8120,
  0x2030, 0x0000, 0x2099, 0xA0FB, 0x20FB, 0x80F2, 0xE0D9, 0x60FB, 0x83FD, 0x01FE, 0x81FC, 0x80FB,
  0x60FB, 0x2079, 0x0008, 0xE318, 0x2519, 0x4529, 0x2521, 0x2521, 0x2529, 0x2521, 0x4529, 0x2521,
  0x2521, 0x2521, 0x2521, 0x2521, 0x2521, 0x2521, 0x4521, 0xC048, 0x0030, 0x0099, 0x00FC, 0x60FD,
  0x81FD, 0x81FD, 0x81FD, 0x84FE, 0xC5FE, 0x64FE, 0xE5FE, 0xA1FD, 0x43FE, 0xA1FC, 0xE078, 0xE040,
  0x8539, 0x2521, 0x2521, 0x2521, 0x2521, 0x2521, 0x2529, 0x4529, 0x2521, 0x2521, 0x2521, 0x2521,
  0x2521, 0x2521, 0x4521, 0xA040, 0x0018, 0x80FB, 0xE1FD, 0x44FE, 0x85FE, 0x65FE, 0x64FE, 0x44FE,
  0x23FE, 0x23FE, 0x03FE, 0x44FE, 0x64FE, 0x83FE, 0xA0EA, 0x8392, 0x8782, 0xE510, 0x2521, 0x4529,
  0x2521, 0x2521, 0x2521, 0x2521, 0x2521, 0x2521, 0x2521, 0x2521, 0x2521, 0x4529, 0x4521, 0x0018,
  0x6040, 0x40FC, 0x63FE, 0x44FE, 0x44FE, 0x44FE, 0x44FE, 0x24FE, 0x24FE, 0x23FE, 0x23FE, 0x24FE,
  0x24FE, 0xE5FE, 0x62F3, 0xC59A, 0x8682, 0xE410, 0x2521, 0x2521, 0x2521, 0x2521, 0x4529, 0x2521,
  0x2521, 0x2521, 0x2521, 0x2521, 0x2529, 0x4529, 0x4521, 0x0020, 0x4038, 0x00FC, 0x43FE, 0xE5FE,
  0x06FF, 0xC5FE, 0x44FE, 0x23FE, 0x23FE, 0x44FE, 0xC5FE, 0xE5FE, 0xC5FE, 0xC5FE, 0xE2FC, 0xA1CA,
  0x8449, 0x0519, 0x2521, 0x2521, 0x2521, 0x4529, 0x2529, 0x2521, 0x2521, 0x2521, 0x2521, 0x4529,
  0x4529, 0x4529, 0x4529, 0x0018, 0x0010, 0x20FC, 0xA6FF, 0x82FC, 0x60FB, 0x40FC, 0x23FE, 0x85FE,
  0x65FE, 0xE2FD, 0x20FC, 0x81FB, 0x02FC, 0x04FE, 0xC5FF, 0x40FB, 0xC220, 0x2519, 0x2521, 0x2529,
  0x2529, 0x4529, 0x4529, 0x2529, 0x2521, 0x2521, 0x2521, 0x2529, 0x2521, 0x4529, 0x2521, 0x0000,
  0xC9B3, 0xE4FB, 0x00FB, 0x6048, 0x0008, 0x4050, 0x80F2, 0x23FE, 0x83FE, 0xC0FA, 0x2038, 0x0010,
  0x0020, 0xC099, 0x43FC, 0xE099, 0x2100, 0x0611, 0x4529, 0x4529, 0x4529, 0x4529, 0x2529, 0x2521,
  0x2521, 0x2521, 0x2521, 0x2521, 0x2521, 0x2521, 0x0519, 0xC0B1, 0x8AF4, 0x6441, 0x2091, 0xC029,
  0x8000, 0x2071, 0x6060, 0x20AA, 0xA0EA, 0x80B9, 0xC020, 0x6000, 0xAA63, 0x87DB, 0x8040, 0xE091,
  0x03FC, 0x2572, 0x0511, 0x2521, 0x2521, 0x2521, 0x2521, 0x2521, 0x2521, 0x2521, 0x2521, 0x4529,
  0x2521, 0x0519, 0x0511, 0xA3FD, 0x80F9, 0x0028, 0x33FF, 0x07A5, 0xA000, 0x80FB, 0x20CA, 0xC179,
  0x8259, 0xE0FB, 0x80B2, 0xA000, 0xD6FF, 0xF4FF, 0x40D2, 0x20FB, 0xE7FF, 0xC5FB, 0xA500, 0x2521,
  0x4529, 0x4529, 0x2521, 0x2521, 0x2521, 0x2521, 0x2521, 0x4529, 0x2521, 0x2519, 0x2511, 0xA5E3,
  0x20FA, 0x4070, 0xF3FE, 0x6AFE, 0x80FB, 0x20EB, 0x40E2, 0x82FD, 0xC5FD, 0xC3FB, 0x40FB, 0x00FC,
  0xA8FE, 0x05FD, 0xC3FB, 0x40FB, 0xC0FB, 0x8682, 0xE508, 0x2521, 0x2521, 0x4529, 0x2521, 0x2521,
  0x2521, 0x2521, 0x4529, 0x2521, 0x2521, 0x2521, 0x2521, 0xC600, 0x80B0, 0x80FA, 0xE0FA, 0xC2FB,
  0x03FC, 0xA0B1, 0x20FB, 0x43FE, 0xA7FF, 0x03FC, 0x02FB, 0x43FC, 0x80FB, 0xC1D2, 0xE5FD, 0xC0FB,
  0x2060, 0xE600, 0x4529, 0x2521, 0x2521, 0x2529, 0x2529, 0x2529, 0x2521, 0x2521, 0x2521, 0x2521,
  0x2521, 0x2521, 0x2521, 0x2519, 0x4038, 0x00FC, 0x02FC, 0x03CB, 0x84EB, 0x20FB, 0xE0FA, 0xE0FC,
  0xE0FC, 0x40FC, 0x02FC, 0x63E3, 0xE3CA, 0xA4FD, 0xE2FD, 0xE0B1, 0xA220, 0x2519, 0x2521, 0x2521,
  0x2521, 0x2529, 0x4529, 0x2529, 0x2521, 0x2529, 0x2521, 0x2529, 0x2521, 0x2529, 0x4529, 0x2621,
  0x0010, 0xE0D1, 0xA1FD, 0x66FF, 0xE4FD, 0xE0FB, 0xE0D0, 0x80F1, 0x40E9, 0x60F9, 0x81FC, 0x83FD,
  0x84FE, 0xC3FD, 0xE8FC, 0x8962, 0xE508, 0x2529, 0x2529, 0x2521, 0x2521, 0x4529, 0x4529, 0x2521,
  0x2521, 0x4529, 0x4529, 0x2529, 0x2529, 0x2529, 0x4529, 0x4521, 0x6018, 0x6038, 0x80FA, 0x01FE,
  0x20FB, 0x4028, 0x0008, 0x2020, 0x4020, 0x2008, 0xA040, 0x6081, 0x01FD, 0x20FB, 0x6FF5, 0x90AC,
  0xA308, 0x2529, 0x4529, 0x4529, 0x2521, 0x2521, 0x2529, 0x4529, 0x4529, 0x4529, 0x4529, 0x2529,
  0x2529, 0x2521, 0x2521, 0x2521, 0x4621, 0xC459, 0x0059, 0x20FB, 0xA099, 0x4058, 0x80D9, 0xC0FA,
  0x60FA, 0xA0A8, 0x0099, 0x0069, 0x60F2, 0x03FC, 0xAAAB, 0xE749, 0x0519, 0x2529, 0x4529, 0x4529,
  0x4529, 0x2529, 0x2521, 0x2521, 0x4529, 0x4529, 0x4529, 0x4529, 0x2521, 0x2521, 0x4529, 0x2521,
  0x2521, 0x877A, 0x4482, 0x0059, 0x8040, 0x00FB, 0xC0FB, 0x61FB, 0x41FB, 0x80FB, 0x60FD, 0x80EA,
  0x6061, 0xABDC, 0xC972, 0xA408, 0x2529, 0x4529, 0x4529, 0x4529, 0x2529, 0x4529, 0x4529, 0x2521,
  0x4529, 0x4529, 0x4529, 0x4529, 0x2529, 0x4529, 0x4529, 0x2529, 0x6619, 0x0319, 0xE559, 0xA038,
  0x8050, 0x40FC, 0x20FC, 0x2071, 0xC081, 0xA3FD, 0x80FD, 0x21EB, 0xE792, 0xC682, 0xA431, 0x2511,
  0x4529, 0x4529, 0x4529, 0x4529, 0x4529, 0x4529, 0x2521, 0x4529, 0x2521, 0x4529, 0x4529, 0x4529,
  0x4529, 0x2529, 0x6619, 0x8609, 0xA348, 0x4248, 0x4089, 0x4040, 0x8030, 0x8AEC, 0x86FD, 0xE1D2,
  0x03BB, 0x69FE, 0x4AFD, 0x4993, 0xA2A2, 0x83CA, 0x6599, 0xC428, 0x8609, 0x4619, 0x2529, 0x4529,
  0x4529, 0x4529, 0x4529, 0x4529, 0x2521, 0x2529, 0x2521, 0x4529, 0x4529, 0x6611, 0xC340, 0xA258,
  0x00F0, 0x00E0, 0x80F9, 0x80F2, 0x8161, 0x8FAC, 0x6CCC, 0x6AD4, 0x29D4, 0xF2F5, 0xF8FE, 0xE8C3,
  0x40FB, 0x40F8, 0x00F8, 0x00C8, 0xC350, 0x0431, 0x6611, 0x4529, 0x4529, 0x4529, 0x4529, 0x4529,
  0x4529, 0x4529, 0x4529, 0x4521, 0x6611, 0xE338, 0x00E8, 0x00F8, 0x00F8, 0x00F8, 0x00B8, 0x20FA,
  0xA0FA, 0x2079, 0x4482, 0x0139, 0xCC9B, 0xABEC, 0x23C3, 0xA2FC, 0xA0F8, 0x00F8, 0x00F8, 0x00F8,
  0x00F8, 0x00C8, 0x2519, 0x6611, 0x2529, 0x4529, 0x4529, 0x4529, 0x4529, 0x4529, 0x4529, 0x6611,
  0xE338, 0x00F0, 0x00F8, 0x00F8, 0x00F8, 0x00F8, 0x00F8, 0x00C8, 0x60F9, 0x20FB, 0xC0C9, 0x8079,
  0x6071, 0x00FA, 0xE0FB, 0x20F8, 0x00F8, 0x00F8, 0x00F8, 0x00F8, 0x00F8, 0x00F8, 0x00C8, 0x2529,
  0x4521, 0x4529, 0x4529, 0x4529, 0x4529, 0x4529, 0x6521, 0xE438, 0x00F0, 0x00F8, 0x00F8, 0x00F8,
  0x00F8, 0x00F8, 0x00F8, 0x00F8, 0x00F0, 0x00C8, 0x40F9, 0x20FB, 0x20FB, 0x00F8, 0x00C8, 0x00F8,
  0x00F8, 0x00F8, 0x00F8, 0x00F8, 0x00F8, 0x00F8, 0x00F8, 0x00B0, 0x6609, 0x4529, 0x4529, 0x2529,
  0x2521, 0x4521, 0x4619, 0x00D8, 0x00F8, 0x00F8, 0x00F8, 0x00E0, 0x00F8, 0x00F8, 0x00F8, 0x00F8,
  0x00F8, 0x00F8, 0x00F8, 0x00E0, 0x00E8, 0x00F8, 0x00F8, 0x00F8, 0x00F8, 0x00F8, 0x00F8, 0x00F8,
  0x00F8, 0x00F8, 0x00F8, 0x01D8, 0x6609, 0x4529, 0x4529, 0x2529, 0x2521, 0x4521, 0x4619, 0x00D8,
  0x00F8, 0x00F8, 0x00F8, 0x00E0, 0x00F8, 0x00F8, 0x00F8, 0x00F8, 0x00F8, 0x00F8, 0x00F8, 0x00F8,
  0x00F8, 0x00F8, 0x00F8, 0x00F8, 0x00F8, 0x00F8, 0x00F8, 0x00F8, 0x00F8, 0x00F8, 0x00F8, 0x01D0,
  0x6609, 0x4521, 0x2529, 0x4529,
};

// Mama (sat=2.2 con=1.4 bri=1.1): 32x32px
const uint16_t AVATAR_MAMA[1024] PROGMEM = {
  0xE318, 0xE318, 0x0321, 0xE318, 0xE318, 0xE318, 0x0321, 0x0321, 0xE318, 0x0321, 0x0321, 0x0321,
  0xE318, 0xE318, 0xE318, 0xE310, 0xE318, 0xE318, 0x0321, 0x0321, 0x0321, 0xE318, 0x0321, 0x0321,
  0x0321, 0xE318, 0xE318, 0xE318, 0x0321, 0x0321, 0x0321, 0xE318, 0xE318, 0xE318, 0xE318, 0xE318,
  0xE318, 0xE318, 0x0321, 0xE318, 0xE318, 0x0321, 0x0321, 0xE318, 0xC310, 0xC310, 0xE318, 0x0321,
  0xE310, 0xC310, 0xC308, 0xC308, 0xE318, 0x0321, 0xE318, 0x0321, 0xE318, 0xE318, 0xE318, 0xE318,
  0xE318, 0xE318, 0xE318, 0xE318, 0xE318, 0xE318, 0xE318, 0xE318, 0xE318, 0xE318, 0xE318, 0xE318,
  0x0321, 0xE318, 0xC308, 0xC308, 0x0121, 0x60CA, 0xC0DA, 0xC0DA, 0xE081, 0xE228, 0xA259, 0x2231,
  0xC308, 0xE318, 0x0321, 0xE318, 0xE318, 0xE318, 0xE318, 0xE318, 0xE318, 0xE318, 0xE318, 0xE318,
  0xE318, 0xE318, 0xE318, 0xE318, 0xE318, 0xE318, 0xE318, 0x0321, 0xE318, 0xC308, 0x2139, 0x00A2,
  0xA0FC, 0x60FB, 0x20CA, 0x00BA, 0x60CA, 0xE091, 0x00FC, 0xA3FD, 0xA259, 0x8400, 0xE318, 0xE318,
  0x0321, 0xE318, 0xE318, 0xE318, 0xE318, 0xE318, 0xE318, 0xE318, 0xE318, 0xE318, 0xE318, 0x0321,
  0x0321, 0x0321, 0x0321, 0xE318, 0xC308, 0x6159, 0xA0FB, 0xE6FE, 0x00FC, 0x6099, 0x20CA, 0x00BA,
  0x80A1, 0x40E2, 0xE0B1, 0x01FD, 0x05FE, 0xA259, 0xC308, 0xE318, 0x0321, 0xE318, 0xE318, 0xE318,
  0xE318, 0xE318, 0xE318, 0xE318, 0xE318, 0xE318, 0xE318, 0xE318, 0xE318, 0x0321, 0xE318, 0xC308,
  0x2139, 0xA0EA, 0x65FE, 0x01FD, 0x4091, 0x20CA, 0xE0FA, 0xC0FC, 0xA0FD, 0x20FE, 0x40FB, 0xA078,
  0x01FD, 0x01FD, 0x0121, 0xC308, 0x0321, 0x0321, 0xE318, 0xE318, 0xE318, 0xE318, 0xE318, 0xE318,
  0xE318, 0xE318, 0xE318, 0xE318, 0xE318, 0x0321, 0xE318, 0xC308, 0x6081, 0x80FC, 0x01FD, 0xC080,
  0xC0F2, 0xC0FC, 0xA3FE, 0x05FF, 0x26FF, 0x26FF, 0xA2FE, 0x00FB, 0x0089, 0xA0FB, 0x00A2, 0xA400,
  0xE318, 0x0321, 0xE318, 0xE318, 0xE318, 0xE318, 0xE318, 0xE318, 0xE318, 0xE318, 0xE318, 0xE318,
  0xE318, 0xE318, 0xE310, 0xE318, 0xC0EA, 0x80FD, 0x60CA, 0xC0C1, 0x20FE, 0x87FF, 0x05FF, 0xE5FE,
  0xE5FE, 0xE5FE, 0x26FF, 0xA2FE, 0xE0FA, 0x6099, 0xA0FB, 0x2231, 0xE310, 0xE318, 0xE318, 0xE318,
  0xE318, 0xE318, 0xE318, 0xE318, 0xE318, 0xE318, 0xE318, 0xE318, 0xE318, 0xE318, 0xA400, 0xE081,
  0xA0FB, 0x00FC, 0x0089, 0x20FD, 0x87FF, 0xE5FE, 0xE5FE, 0xE5FE, 0xE5FE, 0xE5FE, 0xE5FE, 0x87FF,
  0x02FE, 0xA078, 0x40FB, 0x80BA, 0xA400, 0xE318, 0xE318, 0xE318, 0xE318, 0xE318, 0xE318, 0xE318,
  0xE318, 0xE318, 0xE318, 0xE318, 0xE318, 0xC310, 0x2139, 0x60CA, 0x60FC, 0x00BA, 0x40E2, 0x05FF,
  0x87FF, 0x05FF, 0xE5FE, 0xE5FE, 0xE5FE, 0xE5FE, 0xA5FE, 0xA5FE, 0x05FF, 0xE0FA, 0x0089, 0x00EB,
  0x8341, 0xC308, 0xE318, 0xE318, 0xE318, 0xE318, 0xE318, 0xE318, 0xE318, 0xE318, 0xE318, 0xE318,
  0xE318, 0xC308, 0x6159, 0x60FB, 0xA0FC, 0x4091, 0x00FD, 0x42FE, 0xA0FD, 0x63FE, 0x26FF, 0xE5FE,
  0xE5FE, 0x20FD, 0xE0FA, 0x40FB, 0x20FE, 0x60FC, 0xA058, 0xC0EA, 0x008A, 0xC308, 0xE318, 0xE318,
  0xE318, 0xE318, 0xE318, 0xE318, 0xE318, 0xE318, 0xE318, 0xE318, 0xE318, 0xC308, 0x6159, 0xA0FC,
  0x80DA, 0xE0FA, 0x20FE, 0xC0FC, 0xE0FA, 0x00FC, 0x64FE, 0x87FF, 0xE2FE, 0x40FB, 0xA0EA, 0xA0FB,
  0x80F3, 0xA0EA, 0x6050, 0x4089, 0xC0EA, 0xE228, 0xC310, 0xE318, 0xE318, 0xE318, 0xE318, 0xE318,
  0xE318, 0xE318, 0xE318, 0xE318, 0xE318, 0xA400, 0x8292, 0x60FC, 0x0071, 0xE070, 0x80A1, 0x00A2,
  0x80BA, 0x80A1, 0x80FB, 0xE5FE, 0x40FC, 0x00BA, 0x8010, 0x686B, 0x60FB, 0x2099, 0x0000, 0x6050,
  0x00EB, 0x6341, 0xC308, 0xE318, 0xE318, 0xE318, 0xE318, 0xE318, 0xE318, 0xE318, 0xE318, 0xE318,
  0xC310, 0xE228, 0x00FC, 0x00EB, 0x0000, 0x20CA, 0x00FC, 0x2032, 0xC242, 0x01FD, 0x20CA, 0x6081,
  0xA259, 0x43D4, 0x47FE, 0xC049, 0x80FB, 0x80FA, 0x80DA, 0xA060, 0x80DA, 0xE091, 0xC310, 0xE318,
  0xE318, 0xE318, 0xE318, 0xE318, 0xE318, 0xE318, 0xE318, 0xE318, 0xC308, 0x6341, 0x00FC, 0x0089,
  0x0038, 0xC0F2, 0x60FD, 0x05FE, 0x80EA, 0xC0FC, 0x00BA, 0xA4FD, 0xE1FB, 0x80FB, 0xA1FE, 0x40FD,
  0xE2FE, 0x00EB, 0x60FB, 0xA060, 0x20CA, 0xE0DA, 0xC310, 0xE318, 0xE318, 0xE318, 0xE318, 0xE318,
  0xE318, 0xE318, 0xE318, 0xE318, 0xC308, 0x8341, 0xA0FB, 0xA060, 0xE070, 0xA048, 0xC1FC, 0x60FD,
  0xA0FD, 0x01FD, 0xA0EA, 0x05FF, 0xE7FE, 0x40D2, 0x209A, 0x80BA, 0x209A, 0x80FB, 0x60FD, 0xA058,
  0xA0B1, 0x80F3, 0xC310, 0xE310, 0xE318, 0xE318, 0xE318, 0xE318, 0xE318, 0xE318, 0xE318, 0xE318,
  0xC308, 0x8341, 0xA0FB, 0x6050, 0x6099, 0xE0FB, 0x40B2, 0x80BA, 0x60AA, 0xE0DA, 0xE0FD, 0x26FF,
  0xEBFF, 0xC0FD, 0xA0FD, 0x45FE, 0x45FE, 0xE2FE, 0xA0FB, 0x0038, 0x4091, 0x80F3, 0xE310, 0xE310,
  0xE318, 0xE318, 0xE318, 0xE318, 0xE318, 0xE318, 0xE318, 0xE318, 0xC308, 0x8341, 0xA0FB, 0x4089,
  0x0038, 0x80FB, 0x66FF, 0x66FF, 0x26FF, 0x20FE, 0x20FD, 0xA0FD, 0x02FE, 0xA1FE, 0xA1FE, 0xA3FE,
  0x66FF, 0xE2FE, 0xE070, 0x0020, 0xA0B1, 0x00EB, 0xE310, 0xE310, 0xE318, 0xE318, 0xE318, 0xE318,
  0xE318, 0xE318, 0xE318, 0xE318, 0xC308, 0x6341, 0x00FC, 0xA0B1, 0x0020, 0x8030, 0xA0FD, 0x87FF,
  0xE0FD, 0xA3FE, 0xE5FE, 0x20FE, 0xA1FE, 0x64FE, 0x43FD, 0x80FC, 0x05FF, 0xA0FD, 0xEA9B, 0x6040,
  0x80DA, 0x40B2, 0xC310, 0xE318, 0xE318, 0xE318, 0xE318, 0xE318, 0xE318, 0xE318, 0xE318, 0xE318,
  0xC308, 0x6341, 0x60FC, 0xA0B1, 0x8030, 0x0121, 0x40FB, 0x87FF, 0x20FE, 0x41FB, 0x83FB, 0x25FC,
  0x25FC, 0x44F9, 0x80F8, 0x43FD, 0xE7FF, 0x20FB, 0xE318, 0x6040, 0xC0EA, 0x6341, 0xC310, 0x0321,
  0xE318, 0xE318, 0xE318, 0xE318, 0xE318, 0xE318, 0xE318, 0x0321, 0xC310, 0x6341, 0x00FC, 0x80A1,
  0x6050, 0x5542, 0x4179, 0xE0FD, 0x87FF, 0x40FC, 0xA0F9, 0x27F9, 0x68F9, 0x83FB, 0x64FE, 0xE7FF,
  0xC0FC, 0xE969, 0xBFAE, 0x138B, 0xC0C1, 0x2231, 0xE310, 0x0321, 0xE318, 0x0321, 0xE318, 0xE318,
  0xE318, 0xE318, 0xE318, 0xE318, 0xC310, 0xE228, 0x00FC, 0x40E2, 0xE58A, 0xFFE7, 0xA910, 0xC080,
  0x20FE, 0xE7FF, 0xE5FE, 0xE0FD, 0x20FE, 0x05FF, 0x87FF, 0xE0FD, 0x4058, 0xE620, 0x9F84, 0x2372,
  0xC0C1, 0x2231, 0xE310, 0x0321, 0xE318, 0xE318, 0xE318, 0xE318, 0x0321, 0x0321, 0x0321, 0x0321,
  0xC310, 0xE228, 0x00FC, 0x60FB, 0xE058, 0x0D4A, 0xA048, 0x0008, 0x4091, 0x60FD, 0x66FF, 0x26FF,
  0x26FF, 0x26FF, 0x64FE, 0x00FC, 0x0038, 0x0018, 0x2048, 0x8058, 0x20CA, 0x2231, 0xC310, 0x0321,
  0x0321, 0xE318, 0xE318, 0xE318, 0x0321, 0x0321, 0x0321, 0xE318, 0xE310, 0xE310, 0x20FB, 0xC0FB,
  0xE070, 0x0038, 0x0071, 0x6040, 0x0018, 0x00FC, 0x20FD, 0x63FE, 0x64FE, 0xA0FD, 0x00FC, 0xE0FD,
  0xA0FB, 0x0018, 0x6040, 0x6040, 0x20CA, 0xE091, 0xC308, 0xE318, 0x0321, 0x0321, 0x0321, 0x0321,
  0x0321, 0x0321, 0x0321, 0xE318, 0xE310, 0xC310, 0x00EB, 0x60FB, 0x6099, 0x0071, 0x0071, 0x6040,
  0x0071, 0x40FD, 0x80FC, 0x00FC, 0x00FC, 0x00FC, 0xC0FD, 0xE5FE, 0xA2FE, 0x00FB, 0x80A1, 0xA0B1,
  0x2099, 0x03FB, 0xC540, 0x8400, 0x0321, 0x0321, 0x0321, 0x0321, 0x0321, 0x0321, 0x0321, 0x0321,
  0xC308, 0x2231, 0xA0FB, 0xA0EA, 0x80A1, 0x6099, 0xE070, 0x0038, 0x40FB, 0xE0FD, 0x60FD, 0x60FD,
  0xC0FD, 0x64FE, 0xE5FE, 0xE5FE, 0xE5FE, 0xE2FE, 0xE0FE, 0x80FB, 0xECF9, 0x34FC, 0x03FB, 0xE16A,
  0x8400, 0xC308, 0x0321, 0x0321, 0xE318, 0x0321, 0xE318, 0xC310, 0x4418, 0x80FC, 0xC0FB, 0xA0B1,
  0xE0B1, 0xE0B1, 0x0020, 0x80A1, 0x40FD, 0xE0FD, 0x63FE, 0xA5FE, 0xE5FE, 0x05FF, 0xE5FE, 0xE5FE,
  0x05FF, 0x66FF, 0xE0FB, 0x68F9, 0x34FC, 0x26A8, 0x40FC, 0x00FE, 0xA678, 0xA331, 0xC310, 0x0321,
  0x0321, 0xE318, 0xC308, 0x0448, 0xE2B8, 0x40FD, 0x00BA, 0xE0B1, 0xA0A9, 0x4091, 0x6050, 0x80FA,
  0xC0FC, 0xE2FE, 0x05FF, 0xE5FE, 0xE5FE, 0xE5FE, 0x05FF, 0x26FF, 0xA0FE, 0x20FD, 0x20F3, 0x03FB,
  0x01FA, 0x60B9, 0xE0FD, 0xE0FA, 0x00FD, 0xC0F3, 0x2400, 0xE318, 0x0321, 0xA400, 0x4179, 0xE0FA,
  0xE0FA, 0x80FB, 0xE0B1, 0x20CA, 0x4089, 0x0071, 0xC090, 0x0CFC, 0x66FA, 0xA0FC, 0xA1FE, 0x66FF,
  0x05FF, 0x05FF, 0xE5FE, 0x60FD, 0x01FA, 0x40D2, 0xE0FF, 0x60FE, 0x60FC, 0xE2D1, 0x26A8, 0x00FF,
  0xE0FD, 0xE0FA, 0x8299, 0xC308, 0xA400, 0xE268, 0x00FC, 0x20EA, 0x80C9, 0x40FC, 0xC0F2, 0xE0B1,
  0x80A1, 0x4089, 0x0178, 0x4CFB, 0x6EFB, 0x27E1, 0x80FA, 0x60FC, 0xE2FE, 0xA2FF, 0x80FB, 0x00EB,
  0xE1FB, 0x20FB, 0x40FF, 0xC0FC, 0xC0F2, 0x40FD, 0x80FD, 0x80FE, 0x0668, 0x60FC, 0x00FF, 0x2400,
  0x0321, 0xA0FD, 0x80FD, 0x80FB, 0x60FE, 0xC0FC, 0xE0B1, 0x80A1, 0x80A1, 0xA0EA, 0xA7FA, 0x89F9,
  0x87F9, 0xCBFA, 0x0CFA, 0x27E1, 0x20EA, 0x60FB, 0x00FE, 0x40FD, 0xE0FC, 0xE0FF, 0x80FB, 0xA0EA,
  0xA0FD, 0x20FB, 0x20FF, 0xA0FB, 0xE2D1, 0x23EA, 0x20FF, 0x80B3, 0xC090, 0x60FF, 0xE0FF, 0x80FB,
  0xE0FC, 0xE0FD, 0x40FB, 0x80FA, 0x40E2, 0x80FA, 0x68F9, 0x66B8, 0x2490, 0x2490, 0x66B8, 0x4CFB,
  0xD2FB, 0xC8C8, 0x60B9, 0xA0FC, 0xE0FF, 0x40FC, 0x00EB, 0x40FB, 0xC0FC, 0x00EB, 0x80FB, 0x20FF,
  0xE2B8, 0xE0FA, 0xE1FB, 0xE0FF,
};

// Cloud (bri=1.05): 80x30px
const uint16_t SPRITE_CLOUD[2400] PROGMEM = {
  0xFF07, 0xFF07, 0xFF07, 0xFF07, 0xFF07, 0xFF07, 0xFF07, 0xFF07, 0xFF07, 0xFF07, 0xFF07, 0xFF07,
  0xFF07, 0xFF07, 0xFF07, 0xFF07, 0xFF07, 0xFF07, 0xFF07, 0xFF07, 0xFF07, 0xFF07, 0xFF07, 0xFF07,
  0xFF07, 0xFF07, 0xFF07, 0xFF07, 0xFF07, 0xFF07, 0xFF07, 0xFF07, 0xFF07, 0xFF07, 0xFF07, 0xFF07,
  0xFF07, 0xFF07, 0xFF07, 0xDA5D, 0xFFE7, 0xFFEF, 0xFFEF, 0xFFE7, 0xFFEF, 0xFFDF, 0xFF07, 0xFF07,
  0xFF07, 0xFF07, 0xFF07, 0xFF07, 0xFF07, 0xFF07, 0xFF07, 0xFF07, 0xFF07, 0xFF07, 0xFF07, 0xFF07,
  0xFF07, 0xFF07, 0xFF07, 0xFF07, 0xFF07, 0xFF07, 0xFF07, 0xFF07, 0xFF07, 0xFF07, 0xFF07, 0xFF07,
  0xFF07, 0xFF07, 0xFF07, 0xFF07, 0xFF07, 0xFF07, 0xFF07, 0xFF07, 0xFF07, 0xFF07, 0xFF07, 0xFF07,
  0xFF07, 0xFF07, 0xFF07, 0xFF07, 0xFF07, 0xFF07, 0xFF07, 0xFF07, 0xFF07, 0xFF07, 0xFF07, 0xFF07,
  0xFF07, 0xFF07, 0xFF07, 0xFF07, 0xFF07, 0xFF07, 0xFF07, 0xFF07, 0xFF07, 0xFF07, 0xFF07, 0xFF07,
  0xFF07, 0xFF07, 0xFF07, 0xFF07, 0xFF07, 0xFF07, 0xFF07, 0xFF07, 0xFF07, 0xFF07, 0xFF07, 0x9965,
  0xFFFF, 0xFFFF, 0xFFFF, 0xFFFF, 0xFFFF, 0xFFFF, 0xFA6D, 0xFF07, 0xFF07, 0xFF07, 0xFF07, 0xFF07,
  0xFF07, 0xFF07, 0xFF07, 0xFF07, 0xFF07, 0xFF07, 0xFF07, 0xFF07, 0xFF07, 0xFF07, 0xFF07, 0xFF07,
  0xFF07, 0xFF07, 0xFF07, 0xFF07, 0xFF07, 0xFF07, 0xFF07, 0xFF07, 0xFF07, 0xFF07, 0xFF07, 0xFF07,
  0xFF07, 0xFF07, 0xFF07, 0xFF07, 0xFF07, 0xFF07, 0xFF07, 0xFF07, 0xFF07, 0xFF07, 0xFF07, 0xFF07,
  0xFF07, 0xFF07, 0xFF07, 0xFF07, 0xFF07, 0xFF07, 0xFF07, 0xFF07, 0xFF07, 0xFF07, 0xFF07, 0xFF07,
  0xFF07, 0xFF07, 0xFF07, 0xFF07, 0xFF07, 0xFF07, 0xFF07, 0xFF07, 0xFF07, 0xFF07, 0xFF07, 0xFF07,
  0xFF07, 0xFFB7, 0xFFE7, 0xFFE7, 0xFFE7, 0xFFE7, 0xFFE7, 0xFFEF, 0xFFFF, 0xFFFF, 0xFFFF, 0xFFFF,
  0xFFFF, 0xFFFF, 0xFFEF, 0xFFE7, 0xFFDF, 0xFFDF, 0xFF07, 0xFF07, 0xFF07, 0xFF07, 0xFF07, 0xFF07,
  0xFF07, 0xFF07, 0xFF07, 0xFF07, 0xFF07, 0xFF07, 0xFF07, 0xFF07, 0xFF07, 0xFF07, 0xFF07, 0xFF07,
  0xFF07, 0xFF07, 0xFF07, 0xFF07, 0xFF07, 0xFF07, 0xFF07, 0xFF07, 0xFF07, 0xFF07, 0xFF07, 0xFF07,
  0xFF07, 0xFF07, 0xFF07, 0xFF07, 0xFF07, 0xFF07, 0xFF07, 0xFF07, 0xFF07, 0xFF07, 0xFF07, 0xFF07,
  0xFF07, 0xFF07, 0xFF07, 0xFF07, 0xFF07, 0xFF07, 0xFF07, 0xFF07, 0xFF07, 0xFF07, 0xFF07, 0xFF07,
  0xFF07, 0xFF07, 0xFF07, 0xFF07, 0xFF07, 0xFF07, 0xFF07, 0xFF07, 0xFF07, 0xFFD7, 0xFFFF, 0xFFFF,
  0xFFFF, 0xFFFF, 0xFFFF, 0xFFFF, 0xFFFF, 0xFFFF, 0xFFFF, 0xFFFF, 0xFFFF, 0xFFFF, 0xFFFF, 0xFFFF,
  0xFFFF, 0xFFFF, 0xF975, 0xFF07, 0xFF07, 0xFF07, 0xFF07, 0xFF07, 0xFF07, 0xFF07, 0xFF07, 0xFF07,
  0xFF07, 0xFF07, 0xFF07, 0xFF07, 0xFF07, 0xFF07, 0xFF07, 0xFF07, 0xFF07, 0xFF07, 0xFF07, 0xFF07,
  0xFF07, 0xFF07, 0xFF07, 0xFF07, 0xFF07, 0xFF07, 0xFF07, 0xFF07, 0xFF07, 0xFF07, 0xFF07, 0xFF07,
  0xFF07, 0xFF07, 0xFF07, 0xFF07, 0xFF07, 0xFF07, 0xFF07, 0xFF07, 0xFF07, 0xFF07, 0xFF07, 0xFF07,
  0xFF07, 0xFF07, 0xFF07, 0xFF07, 0xFF07, 0xFF07, 0xFF07, 0xFF07, 0xFF07, 0xFF07, 0xFF07, 0xFF07,
  0xFF07, 0xFF07, 0xFF07, 0xFFC7, 0xFFDF, 0xFFFF, 0xFFFF, 0xFFFF, 0xFFFF, 0xFFFF, 0xFFFF, 0xFFFF,
  0xFFFF, 0xFFFF, 0xFFFF, 0xFFFF, 0xFFFF, 0xFFFF, 0xFFFF, 0xFFFF, 0xFFFF, 0xFFFF, 0xFFDF, 0xFFD7,
  0xBF9F, 0xFF07, 0xFF07, 0xFF07, 0xFF07, 0xFF07, 0xFF07, 0xFF07, 0xFF07, 0xFF07, 0xFF07, 0xFF07,
  0xFF07, 0xFF07, 0xFF07, 0xFF07, 0xFF07, 0xFF07, 0xFF07, 0xFF07, 0xFF07, 0xFF07, 0xFF07, 0xFF07,
  0xFF07, 0xFF07, 0xFF07, 0xFF07, 0xFF07, 0xFF07, 0xFF07, 0xFF07, 0xFF07, 0xFF07, 0xFF07, 0xFF07,
  0xFF07, 0xFF07, 0xFF07, 0xFF07, 0xFF07, 0xFF07, 0xFF07, 0xFF07, 0xFF07, 0xFF07, 0xFF07, 0xFF07,
  0xFF07, 0xFF07, 0xFF07, 0xFF07, 0xFF07, 0xFF07, 0xFF07, 0xFF07, 0xFF07, 0xFF07, 0xFF07, 0xFFEF,
  0xFFFF, 0xFFFF, 0xFFFF, 0xFFFF, 0xFFFF, 0xFFFF, 0xFFFF, 0xFFFF, 0xFFFF, 0xFFFF, 0xFFFF, 0xFFFF,
  0xFFFF, 0xFFFF, 0xFFFF, 0xFFFF, 0xFFFF, 0xFFFF, 0xFFFF, 0xFFFF, 0xFFC7, 0xFF07, 0xFF07, 0xFF07,
  0xFF07, 0xFF07, 0xFF07, 0xFF07, 0xFF07, 0xFF07, 0xFF07, 0xFF07, 0xFF07, 0xFF07, 0xFF07, 0xFF07,
  0xFF07, 0xFF07, 0xFF07, 0xFF07, 0xFF07, 0xFF07, 0xFF07, 0xFF07, 0xFF07, 0xFF07, 0xFF07, 0xFF07,
  0xFF07, 0xFF07, 0xFF07, 0xFF07, 0xFF07, 0xFF07, 0xFF07, 0xFF07, 0xFF07, 0xFF07, 0xFF07, 0xFF07,
  0xFF07, 0xFF07, 0xFF07, 0xFF07, 0xFF07, 0xFF07, 0xFF07, 0xFF07, 0xFF07, 0xFF07, 0xFF07, 0xFF07,
  0xFF07, 0xFF07, 0xFF07, 0xFF07, 0xFF07, 0x3E97, 0x1DA7, 0xFFFF, 0xFFFF, 0xFFFF, 0xFFFF, 0xFFFF,
  0xFFFF, 0xFFFF, 0xFFFF, 0xFFFF, 0xFFFF, 0xFFFF, 0xFFFF, 0xFFFF, 0xFFFF, 0xFFFF, 0xDFF7, 0xDFF7,
  0xFFFF, 0xFFFF, 0xFFFF, 0xFFFF, 0xFFDF, 0xFD9E, 0xFF07, 0xFF07, 0xFF07, 0xFF07, 0xFF07, 0xFF07,
  0xFF07, 0xFF07, 0xFF07, 0xFF07, 0xFF07, 0xFF07, 0xFF07, 0xFF07, 0xFF07, 0xFF07, 0xFF07, 0xFF07,
  0xFF07, 0xFF07, 0xFF07, 0xFF07, 0xFF07, 0xFF07, 0xFF07, 0xFF07, 0xFF07, 0xFF07, 0xFF07, 0xFF07,
  0xFF07, 0xFF07, 0xFF07, 0xFF07, 0xFF07, 0xFF07, 0xFF07, 0xFF07, 0xFF07, 0xFF07, 0xFF07, 0xFF07,
  0xFF07, 0xFF07, 0xFF07, 0xFF07, 0xFF07, 0xFF07, 0xFF07, 0xFF07, 0xFF07, 0xFF07, 0xFF07, 0xFF07,
  0xFF07, 0xFFEF, 0xFFFF, 0xFFFF, 0xFFFF, 0xFFFF, 0xFFFF, 0xFFFF, 0xFFFF, 0xFFFF, 0xFFFF, 0xFFFF,
  0xFFFF, 0xFFFF, 0xFFFF, 0xFFFF, 0xFFFF, 0xFFFF, 0x9FE7, 0x9FDF, 0xFFFF, 0xFFFF, 0xFFFF, 0xFFFF,
  0xFFFF, 0xFFFF, 0x7B86, 0xFF07, 0xFF07, 0xFF07, 0xFF07, 0xFF07, 0xFF07, 0xFF07, 0xFF07, 0xFF07,
  0xFF07, 0xFF07, 0xFF07, 0xFF07, 0xFF07, 0xFF07, 0xFF07, 0xFF07, 0xFF07, 0xFF07, 0xFF07, 0xFF07,
  0xFF07, 0xFF07, 0xFF07, 0xFF07, 0xFF07, 0xFF07, 0xFF07, 0xFF07, 0xFF07, 0xFF07, 0xFF07, 0xFF07,
  0xFF07, 0xFF07, 0xFF07, 0xFF07, 0xFF07, 0xFF07, 0xFF07, 0xFF07, 0xFF07, 0xFF07, 0xFF07, 0xFF07,
  0xFF07, 0xFF07, 0xFF07, 0xFF07, 0xFF07, 0xFF07, 0xFF07, 0x196E, 0xD775, 0xFFFF, 0xFFFF, 0xFFFF,
  0xFFFF, 0xFFFF, 0xFFFF, 0xFFFF, 0xFFFF, 0xFFFF, 0xFFFF, 0xFFFF, 0xFFFF, 0xFFFF, 0xFFFF, 0xFFFF,
  0xFFFF, 0xFFFF, 0x9FDF, 0x9FDF, 0xFFFF, 0xFFFF, 0xFFFF, 0xFFFF, 0xFFFF, 0xFFFF, 0x7B86, 0xFF07,
  0xFF07, 0xFF07, 0xFF07, 0xFF07, 0xFF07, 0xFF07, 0xFF07, 0xFF07, 0xFF07, 0xFF07, 0xFF07, 0xFF07,
  0xFF07, 0xFF07, 0xFF07, 0xFF07, 0xFF07, 0xFF07, 0xFF07, 0xFF07, 0xFF07, 0xFF07, 0xFF07, 0xFF07,
  0xFF07, 0xFF07, 0xFF07, 0xFF07, 0xFF07, 0xFF07, 0xFF07, 0xFF07, 0xFF07, 0xFF07, 0xFF07, 0xFF07,
  0xFF07, 0xFF07, 0xFF07, 0xFF07, 0xFF07, 0xFF07, 0xFF07, 0xFF07, 0xFF07, 0xFF07, 0xFF07, 0xFF07,
  0xFF07, 0xFF07, 0xFF07, 0xFFF7, 0xFFFF, 0xFFFF, 0xFFFF, 0xFFFF, 0xFFFF, 0xFFFF, 0xFFFF, 0xFFFF,
  0xFFFF, 0xFFFF, 0xFFFF, 0xFFFF, 0xFFFF, 0xFFFF, 0xFFFF, 0xFFFF, 0xFFFF, 0xFFFF, 0x9FE7, 0xBFDF,
  0xBFDF, 0x9FDF, 0xFFFF, 0xFFFF, 0xFFFF, 0xFFFF, 0x7B86, 0xFF07, 0xFF07, 0xFF07, 0xFF07, 0xFF07,
  0xFF07, 0xFF07, 0xFF07, 0xFF07, 0xFF07, 0xFF07, 0xFF07, 0xFF07, 0xFF07, 0xFF07, 0xFF07, 0xFF07,
  0xFF07, 0xFF07, 0xFF07, 0xFF07, 0xFF07, 0xFF07, 0xFF07, 0xFF07, 0xFF07, 0xFF07, 0xFF07, 0xFF07,
  0xFF07, 0xFF07, 0xFF07, 0xFF07, 0xFF07, 0xFF07, 0xFF07, 0xFF07, 0xFF07, 0xFF07, 0xFF07, 0xFF07,
  0xFF07, 0xFF07, 0xFF07, 0xFF07, 0xFF07, 0xFF07, 0xFF07, 0xFF07, 0xFF07, 0xFF07, 0xFF07, 0xFFFF,
  0xFFFF, 0xFFFF, 0xFFFF, 0xFFFF, 0xFFFF, 0xFFFF, 0xFFFF, 0xFFFF, 0xFFFF, 0xFFFF, 0xFFFF, 0xFFFF,
  0xFFFF, 0xFFFF, 0xFFFF, 0xFFFF, 0xFFFF, 0xFFFF, 0x9FDF, 0x9FDF, 0xBFDF, 0xBFDF, 0xFFFF, 0xFFFF,
  0xFFFF, 0xFFFF, 0xD88D, 0xB865, 0xFF07, 0xFF07, 0xFF07, 0xFF07, 0xFF07, 0xFF07, 0xFF07, 0xFF07,
  0xFF07, 0xFF07, 0xFF07, 0xFF07, 0xFF07, 0xFF07, 0xFF07, 0xFF07, 0xFF07, 0xFF07, 0xFF07, 0xFF07,
  0xFF07, 0xFF07, 0xFF07, 0xFF07, 0xFF07, 0xFF07, 0xFF07, 0xFF07, 0xFF07, 0xFF07, 0xFF07, 0xFF07,
  0xFF07, 0xFF07, 0xFF07, 0xFF07, 0xFF07, 0xFF07, 0xFF07, 0xFF07, 0xFF07, 0xFF07, 0xFF07, 0xFF07,
  0xFF07, 0xFF07, 0xFF07, 0xFF07, 0xFF07, 0xFF07, 0xFF07, 0xFFFF, 0xFFFF, 0xFFFF, 0xFFFF, 0xFFFF,
  0xFFFF, 0xFFFF, 0xFFFF, 0xFFFF, 0xFFFF, 0xFFFF, 0xFFFF, 0xFFFF, 0xFFFF, 0xFFFF, 0xFFFF, 0xFFFF,
  0xFFFF, 0xFFFF, 0x9FE7, 0xBFDF, 0x9FDF, 0x9FDF, 0x9FDF, 0x9FDF, 0x9FDF, 0xBFDF, 0xFFFF, 0xFFFF,
  0xBFAF, 0xFF07, 0xFF07, 0xFF07, 0xFF07, 0xFF07, 0xFF07, 0xFF07, 0xFF07, 0xFF07, 0xFF07, 0xFF07,
  0xFF07, 0xFF07, 0xFF07, 0xFF07, 0xFF07, 0xFF07, 0xFF07, 0xFF07, 0xFF07, 0xFF07, 0xFF07, 0xFF07,
  0xFF07, 0xFF07, 0xFF07, 0xFF07, 0xFF07, 0xFF07, 0xFF07, 0xFF07, 0xFF07, 0xFF07, 0xFF07, 0xFF07,
  0xFF07, 0xFF07, 0xFF07, 0xFF07, 0xFF07, 0xFF07, 0xFF07, 0xFF07, 0xFF07, 0xFF07, 0xFF07, 0xFF07,
  0xFF07, 0xFF07, 0xFF07, 0xFFFF, 0xFFFF, 0xFFFF, 0xFFFF, 0xFFFF, 0xFFFF, 0xFFFF, 0xFFFF, 0xFFFF,
  0xFFFF, 0xFFFF, 0xFFFF, 0xFFFF, 0xFFFF, 0xFFFF, 0xFFFF, 0xFFFF, 0xFFFF, 0xFFFF, 0x9FDF, 0x9FDF,
  0x9FDF, 0x9FDF, 0x9FDF, 0x9FDF, 0x9FDF, 0x9FDF, 0xFFFF, 0xFFFF, 0xBFBF, 0xFF07, 0xFF07, 0xFF07,
  0xFF07, 0xFF07, 0xFF07, 0xFF07, 0xFF07, 0xFF07, 0xFF07, 0xFF07, 0xFF07, 0xFF07, 0xFF07, 0xFF07,
  0xFF07, 0xFF07, 0xFF07, 0xFF07, 0xFF07, 0xFF07, 0xFF07, 0xFF07, 0xFF07, 0xFF07, 0xFF07, 0xFF07,
  0xFF07, 0xFF07, 0xFF07, 0xFF07, 0xFF07, 0xFF07, 0xFF07, 0xFF07, 0xFF07, 0xFF07, 0xFF07, 0xFF07,
  0xFF07, 0xFF07, 0xFF07, 0xFF07, 0xFF07, 0xFF07, 0xFF07, 0xFF07, 0xFF07, 0xFF07, 0xFF07, 0xFFFF,
  0xFFFF, 0xFFFF, 0xFFFF, 0xFFFF, 0xFFFF, 0xFFFF, 0xFFFF, 0xFFFF, 0xFFFF, 0xFFFF, 0xFFFF, 0xFFFF,
  0xFFFF, 0xFFFF, 0xFFFF, 0xFFFF, 0xFFFF, 0xFFFF, 0x9FDF, 0xBFDF, 0x9FDF, 0x9FDF, 0x9FDF, 0x9FDF,
  0x9FDF, 0x9FDF, 0xFFFF, 0xFFFF, 0xDFBF, 0xFF07, 0xFF07, 0xFF07, 0xFF07, 0xFF07, 0xFF07, 0xFF07,
  0xFF07, 0xFF07, 0xFF07, 0xFF07, 0xFF07, 0xFF07, 0xFF07, 0xFF07, 0xFF07, 0xFF07, 0xFF07, 0xFF07,
  0xFF07, 0xFF07, 0xFF07, 0xFF07, 0xFF07, 0xFF07, 0xFF07, 0xFF07, 0xFF07, 0xFF07, 0xFF07, 0xFF07,
  0xFF07, 0xFF07, 0xFF07, 0xFF07, 0xFF07, 0xFF07, 0xFF07, 0xFF07, 0xFF07, 0xFF07, 0xFF07, 0xFF07,
  0xFF07, 0xFF07, 0xFF07, 0xFF07, 0xFF07, 0xFF07, 0xFF07, 0xFFFF, 0xFFFF, 0xFFFF, 0xFFFF, 0xFFFF,
  0xFFFF, 0xFFFF, 0xFFFF, 0xFFFF, 0xFFFF, 0xFFFF, 0xFFFF, 0xFFFF, 0xFFFF, 0xFFFF, 0xFFFF, 0xFFFF,
  0xFFFF, 0xFFFF, 0x9FE7, 0xBFDF, 0x9FDF, 0x9FDF, 0x9FDF, 0x9FDF, 0x9FDF, 0x9FDF, 0xFFFF, 0xFFFF,
  0xDFBF, 0xFF07, 0xFF07, 0xFF07, 0xFF07, 0xFF07, 0xFF07, 0xFF07, 0xFF07, 0xFF07, 0xFF07, 0xFF07,
  0xFF07, 0xFF07, 0xFF07, 0xFF07, 0xFF07, 0xFF07, 0xFF07, 0xFF07, 0xFF07, 0xFF07, 0xFF07, 0xFF07,
  0xFF07, 0xFF07, 0xFF07, 0xFF07, 0xFF07, 0xFF07, 0xFF07, 0xFF07, 0xFF07, 0xFF07, 0xFF07, 0xFF07,
  0xFF07, 0xFF07, 0xFF07, 0xFF07, 0xFF07, 0xFF07, 0xFF07, 0xFF07, 0xF965, 0xFFEF, 0xFFEF, 0xFFF7,
  0xFFF7, 0xFFF7, 0xFFF7, 0xFFFF, 0xFFFF, 0xFFFF, 0xFFFF, 0xFFFF, 0xFFFF, 0xFFFF, 0xFFFF, 0xFFFF,
  0xFFFF, 0xFFFF, 0xFFFF, 0xFFFF, 0xFFFF, 0xFFFF, 0xFFFF, 0xFFFF, 0x7EE7, 0x9FDF, 0xBFDF, 0xBFDF,
  0x9FDF, 0x9FDF, 0x9FDF, 0x9FDF, 0x9FDF, 0x9FDF, 0x9FDF, 0x9FDF, 0x5FA7, 0xFF07, 0xFF07, 0xFF07,
  0xFF07, 0xFF07, 0xFF07, 0xFF07, 0xFF07, 0xFF07, 0xFF07, 0xFF07, 0xFF07, 0xFF07, 0xFF07, 0xFF07,
  0xFF07, 0xFF07, 0xFF07, 0xFF07, 0xFF07, 0xFF07, 0xFF07, 0xFF07, 0xFF07, 0xFF07, 0xFF07, 0xFF07,
  0xFF07, 0xFF07, 0xFF07, 0xFF07, 0xFF07, 0xFF07, 0xFF07, 0xFF07, 0xFF07, 0xFF07, 0xFF07, 0xFF07,
  0xFF07, 0xFF07, 0xFF07, 0xFF07, 0xD975, 0xFFFF, 0xFFFF, 0xFFFF, 0xFFFF, 0xFFFF, 0xFFFF, 0xFFFF,
  0xFFFF, 0xFFFF, 0xFFFF, 0xFFFF, 0xFFFF, 0xFFFF, 0xFFFF, 0xFFFF, 0xFFFF, 0xFFFF, 0xFFFF, 0xFFFF,
  0xFFFF, 0xFFFF, 0xFFFF, 0xFFFF, 0x9FDF, 0x9FDF, 0x9FDF, 0x9FDF, 0x9FDF, 0x9FDF, 0x9FDF, 0x9FDF,
  0x9FDF, 0x9FDF, 0x9FDF, 0xBFDF, 0x5FA7, 0xFF07, 0xFF07, 0xFF07, 0xFF07, 0xFF07, 0xFF07, 0xFF07,
  0xFF07, 0xFF07, 0xFF07, 0xFF07, 0xFF07, 0xFF07, 0xFF07, 0xFF07, 0xFF07, 0xFF07, 0xFF07, 0xFF07,
  0xFF07, 0xFF07, 0xFF07, 0xFF07, 0xFF07, 0xFF07, 0xFF07, 0xFF07, 0xFF07, 0xFF07, 0xFF07, 0xFF07,
  0xFF07, 0xFF07, 0xFF07, 0xFF07, 0xFF07, 0xFF07, 0xFF07, 0xFF07, 0xFF07, 0xFF07, 0x1A6E, 0xFFE7,
  0xFFF7, 0xFFFF, 0xFFFF, 0xFFFF, 0xFFFF, 0xFFFF, 0xFFFF, 0xFFFF, 0xFFFF, 0xFFFF, 0xFFFF, 0xFFFF,
  0xFFFF, 0xFFFF, 0xFFFF, 0xFFFF, 0xFFFF, 0xFFFF, 0xFFFF, 0xFFFF, 0x7EE7, 0x9FDF, 0x9FE7, 0x9FDF,
  0x9FDF, 0x9FDF, 0x9FDF, 0x9FDF, 0x9FDF, 0x9FDF, 0x9FDF, 0x9FDF, 0x9FDF, 0x9FDF, 0x9FDF, 0xBFDF,
  0x5FA7, 0xFF07, 0xFF07, 0xFF07, 0xFF07, 0xFF07, 0xFF07, 0xFF07, 0xFF07, 0xFF07, 0xFF07, 0xFF07,
  0xFF07, 0xFF07, 0xFF07, 0xFF07, 0xFF07, 0xFF07, 0xFF07, 0xFF07, 0xFF07, 0xFF07, 0xFF07, 0xFF07,
  0xFF07, 0xFF07, 0xFF07, 0xFF07, 0xFF07, 0xFF07, 0xFF07, 0xFF07, 0xFF07, 0xFF07, 0xFF07, 0xFF07,
  0xFF07, 0xFF07, 0xFF07, 0xFF07, 0xFF07, 0xFF07, 0xD96D, 0xFFFF, 0xFFFF, 0xFFFF, 0xFFFF, 0xFFFF,
  0xFFFF, 0xFFFF, 0xFFFF, 0xFFFF, 0xFFFF, 0xFFFF, 0xFFFF, 0xFFFF, 0xFFFF, 0xFFFF, 0xFFFF, 0xFFFF,
  0xFFFF, 0xFFFF, 0xFFFF, 0xFFFF, 0x9FDF, 0x9FDF, 0xBFDF, 0x9FDF, 0x9FDF, 0x9FDF, 0x9FDF, 0x9FDF,
  0x9FDF, 0x9FDF, 0x9FDF, 0x9FDF, 0x9FDF, 0x9FDF, 0x9FDF, 0x9FD7, 0x3FA7, 0xFF07, 0xFF07, 0xFF07,
  0xFF07, 0xFF07, 0xFF07, 0xFF07, 0xFF07, 0xFF07, 0xFF07, 0xFF07, 0xFF07, 0xFF07, 0xFF07, 0xFF07,
  0xFF07, 0xFF07, 0xFF07, 0xFF07, 0xFF07, 0xFF07, 0xFF07, 0xFF07, 0xFF07, 0xFF07, 0xFF07, 0xFF07,
  0xFF07, 0xFF07, 0xFF07, 0xFF07, 0xFF07, 0xFF07, 0xFF07, 0xFF07, 0xFF07, 0xFF07, 0xFF07, 0xFF07,
  0x7F9F, 0xFFDF, 0xFFE7, 0xFFFF, 0xFFFF, 0xFFFF, 0xFFFF, 0xFFFF, 0xFFFF, 0xFFFF, 0xFFFF, 0xFFFF,
  0xFFFF, 0xFFFF, 0xFFFF, 0xFFFF, 0xFFFF, 0xFFFF, 0xFFFF, 0xFFFF, 0xFFFF, 0xFFFF, 0x9EE7, 0x9FDF,
  0x9FDF, 0xBFDF, 0x9FDF, 0xBFDF, 0x9FDF, 0x9FDF, 0x9FDF, 0x9FDF, 0x9FDF, 0x9FDF, 0x9FDF, 0x9FDF,
  0x9FDF, 0x9FDF, 0x9FDF, 0x9FDF, 0xFFD7, 0xFFCF, 0xFFC7, 0xFFC7, 0xFFB7, 0xFF07, 0xFF07, 0xFF07,
  0xFF07, 0xFF07, 0xFF07, 0xFF07, 0xFF07, 0xFF07, 0xFF07, 0xFF07, 0xFF07, 0xFF07, 0xFF07, 0xFF07,
  0xFF07, 0xFF07, 0xFF07, 0xFF07, 0xFF07, 0xFF07, 0xFF07, 0xFF07, 0xFF07, 0xFF07, 0xFF07, 0xFF07,
  0xFF07, 0xFF07, 0xFF07, 0xFF07, 0xFF07, 0xFF07, 0xFF07, 0xFF07, 0x7EAF, 0xFFFF, 0xFFFF, 0xFFFF,
  0xFFFF, 0xFFFF, 0xFFFF, 0xFFFF, 0xFFFF, 0xFFFF, 0xFFFF, 0xFFFF, 0xFFFF, 0xFFFF, 0xFFFF, 0xFFFF,
  0xFFFF, 0xFFFF, 0xFFFF, 0xFFFF, 0xFFFF, 0xFFFF, 0x9FDF, 0x9FDF, 0x9FDF, 0x9FDF, 0x9FDF, 0x9FDF,
  0xBFDF, 0xBFDF, 0x9FDF, 0x9FDF, 0x9FDF, 0x9FDF, 0x9FDF, 0x9FDF, 0x9FDF, 0x9FDF, 0x9FDF, 0xBFDF,
  0x9FDF, 0x9FDF, 0x9FDF, 0xBED7, 0xFFC7, 0xFF07, 0xFF07, 0xFF07, 0xFF07, 0xFF07, 0xFF07, 0xFF07,
  0xFF07, 0xFF07, 0xFF07, 0xFF07, 0xFF07, 0xFF07, 0xFF07, 0xFF07, 0xFF07, 0xFF07, 0xFF07, 0xFF07,
  0xFF07, 0xFF07, 0xFF07, 0xFF07, 0xFF07, 0xFF07, 0xFF07, 0xFF07, 0xFF07, 0xFF07, 0xFF07, 0xFF07,
  0xFF07, 0xFF07, 0xFFB7, 0xFFDF, 0xFFF7, 0xFFFF, 0xFFFF, 0xFFFF, 0xFFFF, 0xFFFF, 0xFFFF, 0xFFFF,
  0xFFFF, 0xFFFF, 0xFFFF, 0xFFFF, 0xFFFF, 0xFFFF, 0xFFFF, 0xFFFF, 0xFFFF, 0xFFFF, 0xFFFF, 0xDFF7,
  0x9EE7, 0x9FE7, 0x9FDF, 0x9FDF, 0xBFDF, 0xBFDF, 0xBFDF, 0xBFDF, 0x9FDF, 0x9FDF, 0x9FDF, 0xBFDF,
  0x9FDF, 0x9FDF, 0x9FDF, 0x9FDF, 0x9FDF, 0x9FDF, 0x9FDF, 0xBFDF, 0x9FDF, 0x9FDF, 0x9FDF, 0x9FDF,
  0xBFD7, 0xFFD7, 0xFFC7, 0xFF07, 0xFF07, 0xFF07, 0xFF07, 0xFF07, 0xFF07, 0xFF07, 0xFF07, 0xFF07,
  0xFF07, 0xFF07, 0xFF07, 0xFF07, 0xFF07, 0xFF07, 0xFF07, 0xFF07, 0xFF07, 0xFF07, 0xFF07, 0xFF07,
  0xFF07, 0xFF07, 0xFF07, 0xFF07, 0xFF07, 0xFF07, 0xFF07, 0xFF07, 0xFF07, 0xFF07, 0xFFD7, 0xFFFF,
  0xFFFF, 0xFFFF, 0xFFFF, 0xFFFF, 0xFFFF, 0xFFFF, 0xFFFF, 0xFFFF, 0xFFFF, 0xFFFF, 0xFFFF, 0xFFFF,
  0xFFFF, 0xFFFF, 0xFFFF, 0xFFFF, 0xFFFF, 0xFFFF, 0xFFFF, 0x9EEF, 0x9FDF, 0x9FDF, 0xBFDF, 0xBFDF,
  0xBFDF, 0xBFDF, 0xBFDF, 0xBFDF, 0xBFDF, 0xBFDF, 0x9FDF, 0xBFDF, 0x9FDF, 0x9FDF, 0x9FDF, 0x9FDF,
  0x9FDF, 0x9FDF, 0x9FDF, 0x9FDF, 0x9FDF, 0x9FDF, 0x9FDF, 0xBFE7, 0x9EDF, 0xFFFF, 0xFFF7, 0xFF07,
  0xFF07, 0xFF07, 0xFF07, 0xFF07, 0xFF07, 0xFF07, 0xFF07, 0xFF07, 0xFF07, 0xFF07, 0xFF07, 0xFF07,
  0xFF07, 0xFF07, 0xFF07, 0xFF07, 0xFF07, 0xFF07, 0xFF07, 0xFF07, 0xFF07, 0xFF07, 0xFF07, 0xFF07,
  0xDD8E, 0xDC9E, 0xDC96, 0xBC9E, 0xDC96, 0xBC96, 0xFFEF, 0xFFFF, 0xFFFF, 0xFFFF, 0xFFFF, 0xFFF7,
  0xFFF7, 0xFFF7, 0xFFF7, 0xFFF7, 0xFFF7, 0xFFF7, 0xFFF7, 0xFFF7, 0xFFF7, 0xFFFF, 0xFFFF, 0xFFFF,
  0xFFFF, 0xFFFF, 0xFFFF, 0xFFF7, 0xBFEF, 0xBFEF, 0xDFEF, 0xDFEF, 0xDFEF, 0xDFEF, 0xDFEF, 0xDFEF,
  0xDFEF, 0xDFEF, 0x9FDF, 0x9FDF, 0x9FDF, 0x9FDF, 0x9FDF, 0x9FDF, 0x9FDF, 0x9FDF, 0x9FDF, 0x9FDF,
  0x9FDF, 0x9FDF, 0xBFDF, 0xBFDF, 0x9FE7, 0xFFF7, 0xFFF7, 0x1DAF, 0x3E97, 0xFF07, 0xFF07, 0xFF07,
  0xFF07, 0xFF07, 0xFF07, 0xFF07, 0xFF07, 0xFF07, 0xFF07, 0xFF07, 0xFF07, 0xFF07, 0xFF07, 0xFF07,
  0xFF07, 0xFF07, 0xFF07, 0xFF07, 0xFF07, 0xFF07, 0xFF07, 0xFF07, 0xFFF7, 0xFFFF, 0xFFFF, 0xFFFF,
  0xFFFF, 0xFFFF, 0xFFFF, 0xFFFF, 0xFFFF, 0xFFFF, 0xFFFF, 0x9FDF, 0x9FDF, 0x9FDF, 0x9FDF, 0x9FDF,
  0x9FDF, 0x9FDF, 0x9FDF, 0xBFDF, 0xBFE7, 0xFFFF, 0xFFFF, 0xFFFF, 0xFFFF, 0xFFFF, 0xFFFF, 0xFFFF,
  0xFFFF, 0xFFFF, 0xFFFF, 0xFFFF, 0xFFFF, 0xFFFF, 0xFFFF, 0xFFFF, 0xFFFF, 0xFFFF, 0x9FDF, 0x9FDF,
  0xBFDF, 0x9FDF, 0x9FDF, 0xBFDF, 0x9FDF, 0x9FDF, 0x9FDF, 0x9FDF, 0x9FDF, 0x9FDF, 0x9FDF, 0xBFDF,
  0x9FDF, 0x9FDF, 0x9EDF, 0xFFFF, 0xFFFF, 0xFF07, 0xFF07, 0xFF07, 0xFF07, 0xFF07, 0xFF07, 0xFF07,
  0xFF07, 0xFF07, 0xFF07, 0xFF07, 0xFF07, 0xFF07, 0xFF07, 0xFF07, 0xF96D, 0xF975, 0xD96D, 0xD96D,
  0xD96D, 0xD96D, 0xD86D, 0xB875, 0xFFFF, 0xFFFF, 0xFFFF, 0xFFFF, 0xFFFF, 0xFFFF, 0xFFFF, 0xFFFF,
  0xFFFF, 0xFFFF, 0xFFFF, 0x9FDF, 0x9FDF, 0x9FDF, 0x9FDF, 0x9FDF, 0x9FDF, 0x9FDF, 0x9FDF, 0x9FDF,
  0x9FDF, 0xFFF7, 0xFFFF, 0xFFFF, 0xFFFF, 0xFFFF, 0xFFFF, 0xFFFF, 0xFFFF, 0xFFFF, 0xFFFF, 0xFFFF,
  0xFFFF, 0xFFFF, 0xFFFF, 0xFFFF, 0xFFFF, 0xFFFF, 0x9EEF, 0x9FE7, 0x7EDF, 0x9FDF, 0x9FDF, 0x9FDF,
  0x9FDF, 0x9FDF, 0x9FDF, 0x9FDF, 0x9FDF, 0x9FDF, 0x9FDF, 0xBFDF, 0x9FDF, 0x9FDF, 0x9FDF, 0xFFFF,
  0xFFFF, 0xB875, 0xD96D, 0xF96D, 0xD96D, 0xD96D, 0xD96D, 0xD96D, 0xD96D, 0xD96D, 0xD96D, 0xF96D,
  0xF96D, 0xF96D, 0xF96D, 0x1A6E, 0xFFFF, 0xFFFF, 0xFFFF, 0xFFFF, 0xFFFF, 0xFFFF, 0xFFFF, 0xFFFF,
  0xFFFF, 0xFFFF, 0xFFFF, 0xFFFF, 0xFFFF, 0xFFFF, 0xFFFF, 0xFFFF, 0xFFF7, 0x9FDF, 0x9FDF, 0x9FDF,
  0x9FDF, 0x9FDF, 0x9FDF, 0x9FDF, 0x9FDF, 0x9FDF, 0x9FDF, 0x9FDF, 0x9FDF, 0x9FDF, 0x9FDF, 0xFFFF,
  0xFFFF, 0xFFFF, 0xFFFF, 0xFFFF, 0xFFFF, 0xFFFF, 0xFFFF, 0xFFFF, 0xFFFF, 0xFFFF, 0xFFFF, 0xFFFF,
  0xFFFF, 0xFFFF, 0xFFFF, 0xFFFF, 0x7EDF, 0x9FDF, 0x9FDF, 0x9FDF, 0x9FDF, 0x9FDF, 0x9FDF, 0x9FDF,
  0x9FDF, 0x9FDF, 0x9FDF, 0x9FDF, 0x9FDF, 0x9FDF, 0x9FDF, 0xBFDF, 0x9EDF, 0xFFFF, 0xFFFF, 0xFFFF,
  0xFFFF, 0xFFFF, 0xFFFF, 0xFFFF, 0xFFFF, 0xFFFF, 0xFFFF, 0xFFFF, 0xFFFF, 0xFFFF, 0xFFFF, 0xFFEF,
  0xFFFF, 0xFFFF, 0xFFFF, 0xFFFF, 0xFFFF, 0xFFFF, 0xFFFF, 0xFFFF, 0xFFFF, 0xFFFF, 0xFFFF, 0xFFFF,
  0xFFFF, 0xFFFF, 0xFFFF, 0xFFFF, 0xFFF7, 0x9FDF, 0x9FDF, 0x9FDF, 0x9FDF, 0x9FDF, 0x9FDF, 0x9FDF,
  0x9FDF, 0x9FDF, 0x9FDF, 0x9FDF, 0x9FDF, 0x9FDF, 0x9FDF, 0xFFFF, 0xFFFF, 0xFFFF, 0xFFFF, 0xFFFF,
  0xFFFF, 0xFFFF, 0xFFFF, 0xFFFF, 0xFFFF, 0xFFFF, 0xFFFF, 0xFFFF, 0xFFFF, 0xFFFF, 0xFFFF, 0xFFFF,
  0x9FE7, 0x9FDF, 0x9FDF, 0x9FDF, 0x9FDF, 0x9FDF, 0x9FDF, 0x9FDF, 0x9FDF, 0x9FDF, 0x9FDF, 0x9FDF,
  0x9FDF, 0x9FDF, 0x9FDF, 0xBFDF, 0x9FDF, 0xFFFF, 0xFFFF, 0xFFFF, 0xFFFF, 0xFFFF, 0xFFFF, 0xFFFF,
  0xFFFF, 0xFFFF, 0xFFFF, 0xFFFF, 0xFFFF, 0xFFFF, 0xFFFF, 0xFFEF, 0xFFFF, 0xFFFF, 0xFFFF, 0xFFFF,
  0xFFFF, 0xFFFF, 0xFFFF, 0xFFFF, 0xFFFF, 0xFFFF, 0xFFFF, 0xFFFF, 0xFFFF, 0xFFFF, 0x7EE7, 0x9FDF,
  0x9FDF, 0xBFDF, 0xBFDF, 0x9FDF, 0xBFDF, 0x9FDF, 0xBFDF, 0x9FDF, 0x9FDF, 0x9FDF, 0x9FDF, 0x9FDF,
  0x9FDF, 0x9FDF, 0x9FDF, 0x9FDF, 0x9FDF, 0x9FDF, 0x9FDF, 0x9FDF, 0x9FDF, 0x9FDF, 0x9FDF, 0x9FDF,
  0x9FDF, 0x9FDF, 0x9FDF, 0x9FDF, 0x9FDF, 0x9FDF, 0x9FDF, 0x9FDF, 0xBFDF, 0xBFDF, 0x9FDF, 0x9FDF,
  0x9FDF, 0x9FDF, 0x9FDF, 0xBFDF, 0x9FDF, 0xBFDF, 0xBFDF, 0x9FDF, 0x9FDF, 0xBFDF, 0xBFDF, 0x9FDF,
  0x9FDF, 0x9FDF, 0x9FDF, 0x9FDF, 0x9FDF, 0x9FDF, 0xBFDF, 0xBFDF, 0xBFDF, 0xBFDF, 0xBFDF, 0x9FDF,
  0xBFDF, 0x9FDF, 0x9FDF, 0xDFCF, 0xFFFF, 0xFFFF, 0xFFFF, 0xFFFF, 0xFFFF, 0xFFFF, 0xFFFF, 0xFFFF,
  0xFFFF, 0xFFFF, 0xFFFF, 0xFFFF, 0xFFFF, 0xFFFF, 0x9FD7, 0xBFD7, 0xBFCF, 0xBFCF, 0xBFD7, 0xBFD7,
  0xBFD7, 0xBFD7, 0xBFD7, 0xBFCF, 0xBFD7, 0xBFD7, 0xBFD7, 0xBFCF, 0xBFCF, 0xBFCF, 0xBFCF, 0xBFD7,
  0xBFD7, 0x9FD7, 0xBFD7, 0xBFD7, 0xBFD7, 0xBFD7, 0xBFD7, 0xDFD7, 0xDFD7, 0xDFD7, 0xBFD7, 0xBFD7,
  0xBFCF, 0xBFCF, 0xBFCF, 0xBFCF, 0xBFD7, 0xBFCF, 0xBFD7, 0xBFCF, 0xBFD7, 0xBFCF, 0xBFD7, 0xBFD7,
  0xBFD7, 0xBFD7, 0xBFD7, 0xBFD7, 0xBFD7, 0xBFD7, 0xBFD7, 0xBFD7, 0xBFD7, 0xBFD7, 0xBFD7, 0xBFD7,
  0xBFD7, 0xBFCF, 0xDFCF, 0xDFCF, 0xBFCF, 0xBFCF, 0xBFCF, 0xBFCF, 0xDFCF, 0xBFCF, 0xDFCF, 0xFFC7,
};